,Hora,Consola,Estufa,Ventilador,Lavadora,Lavatrastes,Aire,Refrigerador,Foco,Secadora,Calefactor,Dia
0,0,68.9,0.0,0.0,0.0,0.0,0.0,0.0,0.0,0.0,0.0,1
1,1,68.9,0.0,0.0,0.0,0.0,0.0,0.0,0.0,0.0,0.0,1
2,2,68.9,0.0,0.0,0.0,0.0,0.0,0.0,0.0,0.0,0.0,1
3,3,68.9,0.0,0.0,0.0,0.0,0.0,0.0,0.0,0.0,0.0,1
4,4,0.0,0.0,0.0,0.0,0.0,0.0,0.0,0.0,0.0,0.0,1
5,5,0.0,0.0,0.0,0.0,0.0,0.0,0.0,0.0,0.0,0.0,1
6,6,68.9,0.0,0.0,0.0,0.0,0.0,0.0,0.0,0.0,0.0,1
7,7,68.9,0.0,0.0,0.0,0.0,0.0,0.0,0.0,0.0,0.0,1
8,8,68.9,0.0,0.0,0.0,0.0,0.0,0.0,0.0,0.0,0.0,1
9,9,68.9,0.0,0.0,0.0,0.0,0.0,0.0,0.0,0.0,0.0,1
10,10,0.0,0.0,0.0,0.0,0.0,0.0,0.0,0.0,0.0,0.0,1
11,11,0.0,0.0,0.0,0.0,0.0,0.0,0.0,0.0,0.0,0.0,1
12,12,68.9,0.0,0.0,0.0,0.0,0.0,0.0,0.0,0.0,0.0,1
13,13,68.9,0.0,0.0,0.0,0.0,0.0,0.0,0.0,0.0,0.0,1
14,14,68.9,0.0,0.0,0.0,0.0,0.0,0.0,0.0,0.0,0.0,1
15,15,68.9,0.0,0.0,0.0,0.0,0.0,0.0,0.0,0.0,0.0,1
16,16,0.0,0.0,0.0,0.0,0.0,0.0,0.0,0.0,0.0,0.0,1
17,17,0.0,0.0,0.0,0.0,0.0,0.0,0.0,0.0,0.0,0.0,1
18,18,0.0,0.0,0.0,0.0,0.0,0.0,0.0,0.0,0.0,0.0,1
19,19,0.0,0.0,0.0,0.0,0.0,0.0,0.0,0.0,0.0,0.0,1
20,20,0.0,0.0,0.0,0.0,0.0,0.0,0.0,0.0,0.0,0.0,1
21,21,68.9,0.0,0.0,0.0,0.0,0.0,0.0,0.0,0.0,0.0,1
22,22,68.9,0.0,0.0,0.0,0.0,0.0,0.0,0.0,0.0,0.0,1
23,23,68.9,0.0,0.0,0.0,0.0,0.0,0.0,0.0,0.0,0.0,1
24,24,68.9,0.0,0.0,0.0,0.0,0.0,0.0,0.0,0.0,0.0,2
25,25,0.0,0.0,0.0,0.0,0.0,0.0,0.0,0.0,0.0,0.0,2
26,26,0.0,0.0,0.0,0.0,0.0,0.0,0.0,0.0,0.0,0.0,2
27,27,0.0,0.0,0.0,0.0,0.0,0.0,0.0,0.0,0.0,0.0,2
28,28,0.0,0.0,0.0,0.0,0.0,0.0,0.0,0.0,0.0,0.0,2
29,29,68.9,0.0,0.0,0.0,0.0,0.0,0.0,0.0,0.0,0.0,2
30,30,68.9,0.0,0.0,0.0,0.0,0.0,0.0,0.0,0.0,0.0,2
31,31,68.9,0.0,0.0,0.0,0.0,0.0,0.0,0.0,0.0,0.0,2
32,32,68.9,0.0,0.0,0.0,0.0,0.0,0.0,0.0,0.0,0.0,2
33,33,0.0,0.0,0.0,0.0,0.0,0.0,0.0,0.0,0.0,0.0,2
34,34,68.9,0.0,0.0,0.0,0.0,0.0,0.0,0.0,0.0,0.0,2
35,35,68.9,0.0,0.0,0.0,0.0,0.0,0.0,0.0,0.0,0.0,2
36,36,68.9,0.0,0.0,0.0,0.0,0.0,0.0,0.0,0.0,0.0,2
37,37,68.9,0.0,0.0,0.0,0.0,0.0,0.0,0.0,0.0,0.0,2
38,38,0.0,0.0,0.0,0.0,0.0,0.0,0.0,0.0,0.0,0.0,2
39,39,0.0,0.0,0.0,0.0,0.0,0.0,0.0,0.0,0.0,0.0,2
40,40,0.0,0.0,0.0,0.0,0.0,0.0,0.0,0.0,0.0,0.0,2
41,41,0.0,0.0,0.0,0.0,0.0,0.0,0.0,0.0,0.0,0.0,2
42,42,0.0,0.0,0.0,0.0,0.0,0.0,0.0,0.0,0.0,0.0,2
43,43,0.0,0.0,0.0,0.0,0.0,0.0,0.0,0.0,0.0,0.0,2
44,44,68.9,0.0,0.0,0.0,0.0,0.0,0.0,0.0,0.0,0.0,2
45,45,68.9,0.0,0.0,0.0,0.0,0.0,0.0,0.0,0.0,0.0,2
46,46,68.9,0.0,0.0,0.0,0.0,0.0,0.0,0.0,0.0,0.0,2
47,47,68.9,0.0,0.0,0.0,0.0,0.0,0.0,0.0,0.0,0.0,2
48,48,0.0,0.0,0.0,0.0,0.0,0.0,0.0,0.0,0.0,0.0,3
49,49,68.9,0.0,0.0,0.0,0.0,0.0,0.0,0.0,0.0,0.0,3
50,50,68.9,0.0,0.0,0.0,0.0,0.0,0.0,0.0,0.0,0.0,3
51,51,68.9,0.0,0.0,0.0,0.0,0.0,0.0,0.0,0.0,0.0,3
52,52,68.9,0.0,0.0,0.0,0.0,0.0,0.0,0.0,0.0,0.0,3
53,53,0.0,0.0,0.0,0.0,0.0,0.0,0.0,0.0,0.0,0.0,3
54,54,68.9,0.0,0.0,0.0,0.0,0.0,0.0,0.0,0.0,0.0,3
55,55,68.9,0.0,0.0,0.0,0.0,0.0,0.0,0.0,0.0,0.0,3
56,56,68.9,0.0,0.0,0.0,0.0,0.0,0.0,0.0,0.0,0.0,3
57,57,68.9,0.0,0.0,0.0,0.0,0.0,0.0,0.0,0.0,0.0,3
58,58,0.0,0.0,0.0,0.0,0.0,0.0,0.0,0.0,0.0,0.0,3
59,59,0.0,0.0,0.0,0.0,0.0,0.0,0.0,0.0,0.0,0.0,3
60,60,0.0,0.0,0.0,0.0,0.0,0.0,0.0,0.0,0.0,0.0,3
61,61,68.9,0.0,0.0,0.0,0.0,0.0,0.0,0.0,0.0,0.0,3
62,62,68.9,0.0,0.0,0.0,0.0,0.0,0.0,0.0,0.0,0.0,3
63,63,68.9,0.0,0.0,0.0,0.0,0.0,0.0,0.0,0.0,0.0,3
64,64,68.9,0.0,0.0,0.0,0.0,0.0,0.0,0.0,0.0,0.0,3
65,65,0.0,0.0,0.0,0.0,0.0,0.0,0.0,0.0,0.0,0.0,3
66,66,68.9,0.0,0.0,0.0,0.0,0.0,0.0,0.0,0.0,0.0,3
67,67,68.9,0.0,0.0,0.0,0.0,0.0,0.0,0.0,0.0,0.0,3
68,68,68.9,0.0,0.0,0.0,0.0,0.0,0.0,0.0,0.0,0.0,3
69,69,68.9,0.0,0.0,0.0,0.0,0.0,0.0,0.0,0.0,0.0,3
70,70,0.0,0.0,0.0,0.0,0.0,0.0,0.0,0.0,0.0,0.0,3
71,71,0.0,0.0,0.0,0.0,0.0,0.0,0.0,0.0,0.0,0.0,3
72,72,0.0,0.0,0.0,0.0,0.0,0.0,0.0,0.0,0.0,0.0,4
73,73,0.0,0.0,0.0,0.0,0.0,0.0,0.0,0.0,0.0,0.0,4
74,74,0.0,0.0,0.0,0.0,0.0,0.0,0.0,0.0,0.0,0.0,4
75,75,0.0,0.0,0.0,0.0,0.0,0.0,0.0,0.0,0.0,0.0,4
76,76,0.0,0.0,0.0,0.0,0.0,0.0,0.0,0.0,0.0,0.0,4
77,77,0.0,0.0,0.0,0.0,0.0,0.0,0.0,0.0,0.0,0.0,4
78,78,0.0,0.0,0.0,0.0,0.0,0.0,0.0,0.0,0.0,0.0,4
79,79,68.9,0.0,0.0,0.0,0.0,0.0,0.0,0.0,0.0,0.0,4
80,80,68.9,0.0,0.0,0.0,0.0,0.0,0.0,0.0,0.0,0.0,4
81,81,68.9,0.0,0.0,0.0,0.0,0.0,0.0,0.0,0.0,0.0,4
82,82,68.9,0.0,0.0,0.0,0.0,0.0,0.0,0.0,0.0,0.0,4
83,83,0.0,0.0,0.0,0.0,0.0,0.0,0.0,0.0,0.0,0.0,4
84,84,0.0,0.0,0.0,0.0,0.0,0.0,0.0,0.0,0.0,0.0,4
85,85,0.0,0.0,0.0,0.0,0.0,0.0,0.0,0.0,0.0,0.0,4
86,86,68.9,0.0,0.0,0.0,0.0,0.0,0.0,0.0,0.0,0.0,4
87,87,68.9,0.0,0.0,0.0,0.0,0.0,0.0,0.0,0.0,0.0,4
88,88,68.9,0.0,0.0,0.0,0.0,0.0,0.0,0.0,0.0,0.0,4
89,89,68.9,0.0,0.0,0.0,0.0,0.0,0.0,0.0,0.0,0.0,4
90,90,0.0,0.0,0.0,0.0,0.0,0.0,0.0,0.0,0.0,0.0,4
91,91,0.0,0.0,0.0,0.0,0.0,0.0,0.0,0.0,0.0,0.0,4
92,92,68.9,0.0,0.0,0.0,0.0,0.0,0.0,0.0,0.0,0.0,4
93,93,68.9,0.0,0.0,0.0,0.0,0.0,0.0,0.0,0.0,0.0,4
94,94,68.9,0.0,0.0,0.0,0.0,0.0,0.0,0.0,0.0,0.0,4
95,95,68.9,0.0,0.0,0.0,0.0,0.0,0.0,0.0,0.0,0.0,4
96,96,0.0,0.0,0.0,0.0,0.0,0.0,0.0,0.0,0.0,0.0,5
97,97,0.0,0.0,0.0,0.0,0.0,0.0,0.0,0.0,0.0,0.0,5
98,98,0.0,0.0,0.0,0.0,0.0,0.0,0.0,0.0,0.0,0.0,5
99,99,68.9,0.0,0.0,0.0,0.0,0.0,0.0,0.0,0.0,0.0,5
100,100,68.9,0.0,0.0,0.0,0.0,0.0,0.0,0.0,0.0,0.0,5
101,101,68.9,0.0,0.0,0.0,0.0,0.0,0.0,0.0,0.0,0.0,5
102,102,68.9,0.0,0.0,0.0,0.0,0.0,0.0,0.0,0.0,0.0,5
103,103,0.0,0.0,0.0,0.0,0.0,0.0,0.0,0.0,0.0,0.0,5
104,104,0.0,0.0,0.0,0.0,0.0,0.0,0.0,0.0,0.0,0.0,5
105,105,0.0,0.0,0.0,0.0,0.0,0.0,0.0,0.0,0.0,0.0,5
106,106,0.0,0.0,0.0,0.0,0.0,0.0,0.0,0.0,0.0,0.0,5
107,107,0.0,0.0,0.0,0.0,0.0,0.0,0.0,0.0,0.0,0.0,5
108,108,68.9,0.0,0.0,0.0,0.0,0.0,0.0,0.0,0.0,0.0,5
109,109,68.9,0.0,0.0,0.0,0.0,0.0,0.0,0.0,0.0,0.0,5
110,110,68.9,0.0,0.0,0.0,0.0,0.0,0.0,0.0,0.0,0.0,5
111,111,68.9,0.0,0.0,0.0,0.0,0.0,0.0,0.0,0.0,0.0,5
112,112,0.0,0.0,0.0,0.0,0.0,0.0,0.0,0.0,0.0,0.0,5
113,113,0.0,0.0,0.0,0.0,0.0,0.0,0.0,0.0,0.0,0.0,5
114,114,0.0,0.0,0.0,0.0,0.0,0.0,0.0,0.0,0.0,0.0,5
115,115,0.0,0.0,0.0,0.0,0.0,0.0,0.0,0.0,0.0,0.0,5
116,116,68.9,0.0,0.0,0.0,0.0,0.0,0.0,0.0,0.0,0.0,5
117,117,68.9,0.0,0.0,0.0,0.0,0.0,0.0,0.0,0.0,0.0,5
118,118,68.9,0.0,0.0,0.0,0.0,0.0,0.0,0.0,0.0,0.0,5
119,119,68.9,0.0,0.0,0.0,0.0,0.0,0.0,0.0,0.0,0.0,5
120,120,0.0,0.0,0.0,0.0,0.0,0.0,0.0,0.0,0.0,0.0,6
121,121,68.9,0.0,0.0,0.0,0.0,0.0,0.0,0.0,0.0,0.0,6
122,122,68.9,0.0,0.0,0.0,0.0,0.0,0.0,0.0,0.0,0.0,6
123,123,68.9,0.0,0.0,0.0,0.0,0.0,0.0,0.0,0.0,0.0,6
124,124,68.9,0.0,0.0,0.0,0.0,0.0,0.0,0.0,0.0,0.0,6
125,125,0.0,0.0,0.0,0.0,0.0,0.0,0.0,0.0,0.0,0.0,6
126,126,0.0,0.0,0.0,0.0,0.0,0.0,0.0,0.0,0.0,0.0,6
127,127,68.9,0.0,0.0,0.0,0.0,0.0,0.0,0.0,0.0,0.0,6
128,128,68.9,0.0,0.0,0.0,0.0,0.0,0.0,0.0,0.0,0.0,6
129,129,68.9,0.0,0.0,0.0,0.0,0.0,0.0,0.0,0.0,0.0,6
130,130,68.9,0.0,0.0,0.0,0.0,0.0,0.0,0.0,0.0,0.0,6
131,131,0.0,0.0,0.0,0.0,0.0,0.0,0.0,0.0,0.0,0.0,6
132,132,0.0,0.0,0.0,0.0,0.0,0.0,0.0,0.0,0.0,0.0,6
133,133,0.0,0.0,0.0,0.0,0.0,0.0,0.0,0.0,0.0,0.0,6
134,134,0.0,0.0,0.0,0.0,0.0,0.0,0.0,0.0,0.0,0.0,6
135,135,0.0,0.0,0.0,0.0,0.0,0.0,0.0,0.0,0.0,0.0,6
136,136,0.0,0.0,0.0,0.0,0.0,0.0,0.0,0.0,0.0,0.0,6
137,137,0.0,0.0,0.0,0.0,0.0,0.0,0.0,0.0,0.0,0.0,6
138,138,0.0,0.0,0.0,0.0,0.0,0.0,0.0,0.0,0.0,0.0,6
139,139,0.0,0.0,0.0,0.0,0.0,0.0,0.0,0.0,0.0,0.0,6
140,140,68.9,0.0,0.0,0.0,0.0,0.0,0.0,0.0,0.0,0.0,6
141,141,68.9,0.0,0.0,0.0,0.0,0.0,0.0,0.0,0.0,0.0,6
142,142,68.9,0.0,0.0,0.0,0.0,0.0,0.0,0.0,0.0,0.0,6
143,143,68.9,0.0,0.0,0.0,0.0,0.0,0.0,0.0,0.0,0.0,6
144,144,0.0,0.0,0.0,0.0,0.0,0.0,0.0,0.0,0.0,0.0,7
145,145,0.0,0.0,0.0,0.0,0.0,0.0,0.0,0.0,0.0,0.0,7
146,146,0.0,0.0,0.0,0.0,0.0,0.0,0.0,0.0,0.0,0.0,7
147,147,0.0,0.0,0.0,0.0,0.0,0.0,0.0,0.0,0.0,0.0,7
148,148,0.0,0.0,0.0,0.0,0.0,0.0,0.0,0.0,0.0,0.0,7
149,149,68.9,0.0,0.0,0.0,0.0,0.0,0.0,0.0,0.0,0.0,7
150,150,68.9,0.0,0.0,0.0,0.0,0.0,0.0,0.0,0.0,0.0,7
151,151,68.9,0.0,0.0,0.0,0.0,0.0,0.0,0.0,0.0,0.0,7
152,152,68.9,0.0,0.0,0.0,0.0,0.0,0.0,0.0,0.0,0.0,7
153,153,0.0,0.0,0.0,0.0,0.0,0.0,0.0,0.0,0.0,0.0,7
154,154,0.0,0.0,0.0,0.0,0.0,0.0,0.0,0.0,0.0,0.0,7
155,155,68.9,0.0,0.0,0.0,0.0,0.0,0.0,0.0,0.0,0.0,7
156,156,68.9,0.0,0.0,0.0,0.0,0.0,0.0,0.0,0.0,0.0,7
157,157,68.9,0.0,0.0,0.0,0.0,0.0,0.0,0.0,0.0,0.0,7
158,158,68.9,0.0,0.0,0.0,0.0,0.0,0.0,0.0,0.0,0.0,7
159,159,0.0,0.0,0.0,0.0,0.0,0.0,0.0,0.0,0.0,0.0,7
160,160,0.0,0.0,0.0,0.0,0.0,0.0,0.0,0.0,0.0,0.0,7
161,161,0.0,0.0,0.0,0.0,0.0,0.0,0.0,0.0,0.0,0.0,7
162,162,0.0,0.0,0.0,0.0,0.0,0.0,0.0,0.0,0.0,0.0,7
163,163,0.0,0.0,0.0,0.0,0.0,0.0,0.0,0.0,0.0,0.0,7
164,164,0.0,0.0,0.0,0.0,0.0,0.0,0.0,0.0,0.0,0.0,7
165,165,0.0,0.0,0.0,0.0,0.0,0.0,0.0,0.0,0.0,0.0,7
166,166,0.0,0.0,0.0,0.0,0.0,0.0,0.0,0.0,0.0,0.0,7
167,167,0.0,0.0,0.0,0.0,0.0,0.0,0.0,0.0,0.0,0.0,7
168,168,0.0,0.0,0.0,0.0,0.0,0.0,0.0,0.0,0.0,0.0,8
169,169,68.9,0.0,0.0,0.0,0.0,0.0,0.0,0.0,0.0,0.0,8
170,170,68.9,0.0,0.0,0.0,0.0,0.0,0.0,0.0,0.0,0.0,8
171,171,68.9,0.0,0.0,0.0,0.0,0.0,0.0,0.0,0.0,0.0,8
172,172,68.9,0.0,0.0,0.0,0.0,0.0,0.0,0.0,0.0,0.0,8
173,173,0.0,0.0,0.0,0.0,0.0,0.0,0.0,0.0,0.0,0.0,8
174,174,0.0,0.0,0.0,0.0,0.0,0.0,0.0,0.0,0.0,0.0,8
175,175,0.0,0.0,0.0,0.0,0.0,0.0,0.0,0.0,0.0,0.0,8
176,176,0.0,0.0,0.0,0.0,0.0,0.0,0.0,0.0,0.0,0.0,8
177,177,0.0,0.0,0.0,0.0,0.0,0.0,0.0,0.0,0.0,0.0,8
178,178,0.0,0.0,0.0,0.0,0.0,0.0,0.0,0.0,0.0,0.0,8
179,179,0.0,0.0,0.0,0.0,0.0,0.0,0.0,0.0,0.0,0.0,8
180,180,0.0,0.0,0.0,0.0,0.0,0.0,0.0,0.0,0.0,0.0,8
181,181,0.0,0.0,0.0,0.0,0.0,0.0,0.0,0.0,0.0,0.0,8
182,182,0.0,0.0,0.0,0.0,0.0,0.0,0.0,0.0,0.0,0.0,8
183,183,0.0,0.0,0.0,0.0,0.0,0.0,0.0,0.0,0.0,0.0,8
184,184,68.9,0.0,0.0,0.0,0.0,0.0,0.0,0.0,0.0,0.0,8
185,185,68.9,0.0,0.0,0.0,0.0,0.0,0.0,0.0,0.0,0.0,8
186,186,68.9,0.0,0.0,0.0,0.0,0.0,0.0,0.0,0.0,0.0,8
187,187,68.9,0.0,0.0,0.0,0.0,0.0,0.0,0.0,0.0,0.0,8
188,188,0.0,0.0,0.0,0.0,0.0,0.0,0.0,0.0,0.0,0.0,8
189,189,0.0,0.0,0.0,0.0,0.0,0.0,0.0,0.0,0.0,0.0,8
190,190,0.0,0.0,0.0,0.0,0.0,0.0,0.0,0.0,0.0,0.0,8
191,191,68.9,0.0,0.0,0.0,0.0,0.0,0.0,0.0,0.0,0.0,8
192,192,68.9,0.0,0.0,0.0,0.0,0.0,0.0,0.0,0.0,0.0,9
193,193,68.9,0.0,0.0,0.0,0.0,0.0,0.0,0.0,0.0,0.0,9
194,194,68.9,0.0,0.0,0.0,0.0,0.0,0.0,0.0,0.0,0.0,9
195,195,0.0,0.0,0.0,0.0,0.0,0.0,0.0,0.0,0.0,0.0,9
196,196,68.9,0.0,0.0,0.0,0.0,0.0,0.0,0.0,0.0,0.0,9
197,197,68.9,0.0,0.0,0.0,0.0,0.0,0.0,0.0,0.0,0.0,9
198,198,68.9,0.0,0.0,0.0,0.0,0.0,0.0,0.0,0.0,0.0,9
199,199,68.9,0.0,0.0,0.0,0.0,0.0,0.0,0.0,0.0,0.0,9
200,200,0.0,0.0,0.0,0.0,0.0,0.0,0.0,0.0,0.0,0.0,9
201,201,0.0,0.0,0.0,0.0,0.0,0.0,0.0,0.0,0.0,0.0,9
202,202,0.0,0.0,0.0,0.0,0.0,0.0,0.0,0.0,0.0,0.0,9
203,203,0.0,0.0,0.0,0.0,0.0,0.0,0.0,0.0,0.0,0.0,9
204,204,0.0,0.0,0.0,0.0,0.0,0.0,0.0,0.0,0.0,0.0,9
205,205,0.0,0.0,0.0,0.0,0.0,0.0,0.0,0.0,0.0,0.0,9
206,206,0.0,0.0,0.0,0.0,0.0,0.0,0.0,0.0,0.0,0.0,9
207,207,0.0,0.0,0.0,0.0,0.0,0.0,0.0,0.0,0.0,0.0,9
208,208,0.0,0.0,0.0,0.0,0.0,0.0,0.0,0.0,0.0,0.0,9
209,209,0.0,0.0,0.0,0.0,0.0,0.0,0.0,0.0,0.0,0.0,9
210,210,68.9,0.0,0.0,0.0,0.0,0.0,0.0,0.0,0.0,0.0,9
211,211,68.9,0.0,0.0,0.0,0.0,0.0,0.0,0.0,0.0,0.0,9
212,212,68.9,0.0,0.0,0.0,0.0,0.0,0.0,0.0,0.0,0.0,9
213,213,68.9,0.0,0.0,0.0,0.0,0.0,0.0,0.0,0.0,0.0,9
214,214,0.0,0.0,0.0,0.0,0.0,0.0,0.0,0.0,0.0,0.0,9
215,215,0.0,0.0,0.0,0.0,0.0,0.0,0.0,0.0,0.0,0.0,9
216,216,0.0,0.0,0.0,0.0,0.0,0.0,0.0,0.0,0.0,0.0,10
217,217,0.0,0.0,0.0,0.0,0.0,0.0,0.0,0.0,0.0,0.0,10
218,218,0.0,0.0,0.0,0.0,0.0,0.0,0.0,0.0,0.0,0.0,10
219,219,0.0,0.0,0.0,0.0,0.0,0.0,0.0,0.0,0.0,0.0,10
220,220,0.0,0.0,0.0,0.0,0.0,0.0,0.0,0.0,0.0,0.0,10
221,221,0.0,0.0,0.0,0.0,0.0,0.0,0.0,0.0,0.0,0.0,10
222,222,0.0,0.0,0.0,0.0,0.0,0.0,0.0,0.0,0.0,0.0,10
223,223,0.0,0.0,0.0,0.0,0.0,0.0,0.0,0.0,0.0,0.0,10
224,224,0.0,0.0,0.0,0.0,0.0,0.0,0.0,0.0,0.0,0.0,10
225,225,0.0,0.0,0.0,0.0,0.0,0.0,0.0,0.0,0.0,0.0,10
226,226,0.0,0.0,0.0,0.0,0.0,0.0,0.0,0.0,0.0,0.0,10
227,227,68.9,0.0,0.0,0.0,0.0,0.0,0.0,0.0,0.0,0.0,10
228,228,68.9,0.0,0.0,0.0,0.0,0.0,0.0,0.0,0.0,0.0,10
229,229,68.9,0.0,0.0,0.0,0.0,0.0,0.0,0.0,0.0,0.0,10
230,230,68.9,0.0,0.0,0.0,0.0,0.0,0.0,0.0,0.0,0.0,10
231,231,0.0,0.0,0.0,0.0,0.0,0.0,0.0,0.0,0.0,0.0,10
232,232,0.0,0.0,0.0,0.0,0.0,0.0,0.0,0.0,0.0,0.0,10
233,233,0.0,0.0,0.0,0.0,0.0,0.0,0.0,0.0,0.0,0.0,10
234,234,0.0,0.0,0.0,0.0,0.0,0.0,0.0,0.0,0.0,0.0,10
235,235,68.9,0.0,0.0,0.0,0.0,0.0,0.0,0.0,0.0,0.0,10
236,236,68.9,0.0,0.0,0.0,0.0,0.0,0.0,0.0,0.0,0.0,10
237,237,68.9,0.0,0.0,0.0,0.0,0.0,0.0,0.0,0.0,0.0,10
238,238,68.9,0.0,0.0,0.0,0.0,0.0,0.0,0.0,0.0,0.0,10
239,239,0.0,0.0,0.0,0.0,0.0,0.0,0.0,0.0,0.0,0.0,10
240,240,68.9,0.0,0.0,0.0,0.0,0.0,0.0,0.0,0.0,0.0,11
241,241,68.9,0.0,0.0,0.0,0.0,0.0,0.0,0.0,0.0,0.0,11
242,242,68.9,0.0,0.0,0.0,0.0,0.0,0.0,0.0,0.0,0.0,11
243,243,68.9,0.0,0.0,0.0,0.0,0.0,0.0,0.0,0.0,0.0,11
244,244,0.0,0.0,0.0,0.0,0.0,0.0,0.0,0.0,0.0,0.0,11
245,245,68.9,0.0,0.0,0.0,0.0,0.0,0.0,0.0,0.0,0.0,11
246,246,68.9,0.0,0.0,0.0,0.0,0.0,0.0,0.0,0.0,0.0,11
247,247,68.9,0.0,0.0,0.0,0.0,0.0,0.0,0.0,0.0,0.0,11
248,248,68.9,0.0,0.0,0.0,0.0,0.0,0.0,0.0,0.0,0.0,11
249,249,0.0,0.0,0.0,0.0,0.0,0.0,0.0,0.0,0.0,0.0,11
250,250,68.9,0.0,0.0,0.0,0.0,0.0,0.0,0.0,0.0,0.0,11
251,251,68.9,0.0,0.0,0.0,0.0,0.0,0.0,0.0,0.0,0.0,11
252,252,68.9,0.0,0.0,0.0,0.0,0.0,0.0,0.0,0.0,0.0,11
253,253,68.9,0.0,0.0,0.0,0.0,0.0,0.0,0.0,0.0,0.0,11
254,254,0.0,0.0,0.0,0.0,0.0,0.0,0.0,0.0,0.0,0.0,11
255,255,0.0,0.0,0.0,0.0,0.0,0.0,0.0,0.0,0.0,0.0,11
256,256,0.0,0.0,0.0,0.0,0.0,0.0,0.0,0.0,0.0,0.0,11
257,257,0.0,0.0,0.0,0.0,0.0,0.0,0.0,0.0,0.0,0.0,11
258,258,0.0,0.0,0.0,0.0,0.0,0.0,0.0,0.0,0.0,0.0,11
259,259,0.0,0.0,0.0,0.0,0.0,0.0,0.0,0.0,0.0,0.0,11
260,260,0.0,0.0,0.0,0.0,0.0,0.0,0.0,0.0,0.0,0.0,11
261,261,0.0,0.0,0.0,0.0,0.0,0.0,0.0,0.0,0.0,0.0,11
262,262,0.0,0.0,0.0,0.0,0.0,0.0,0.0,0.0,0.0,0.0,11
263,263,0.0,0.0,0.0,0.0,0.0,0.0,0.0,0.0,0.0,0.0,11
264,264,68.9,0.0,0.0,0.0,0.0,0.0,0.0,0.0,0.0,0.0,12
265,265,68.9,0.0,0.0,0.0,0.0,0.0,0.0,0.0,0.0,0.0,12
266,266,68.9,0.0,0.0,0.0,0.0,0.0,0.0,0.0,0.0,0.0,12
267,267,68.9,0.0,0.0,0.0,0.0,0.0,0.0,0.0,0.0,0.0,12
268,268,0.0,0.0,0.0,0.0,0.0,0.0,0.0,0.0,0.0,0.0,12
269,269,0.0,0.0,0.0,0.0,0.0,0.0,0.0,0.0,0.0,0.0,12
270,270,0.0,0.0,0.0,0.0,0.0,0.0,0.0,0.0,0.0,0.0,12
271,271,68.9,0.0,0.0,0.0,0.0,0.0,0.0,0.0,0.0,0.0,12
272,272,68.9,0.0,0.0,0.0,0.0,0.0,0.0,0.0,0.0,0.0,12
273,273,68.9,0.0,0.0,0.0,0.0,0.0,0.0,0.0,0.0,0.0,12
274,274,68.9,0.0,0.0,0.0,0.0,0.0,0.0,0.0,0.0,0.0,12
275,275,0.0,0.0,0.0,0.0,0.0,0.0,0.0,0.0,0.0,0.0,12
276,276,68.9,0.0,0.0,0.0,0.0,0.0,0.0,0.0,0.0,0.0,12
277,277,68.9,0.0,0.0,0.0,0.0,0.0,0.0,0.0,0.0,0.0,12
278,278,68.9,0.0,0.0,0.0,0.0,0.0,0.0,0.0,0.0,0.0,12
279,279,68.9,0.0,0.0,0.0,0.0,0.0,0.0,0.0,0.0,0.0,12
280,280,0.0,0.0,0.0,0.0,0.0,0.0,0.0,0.0,0.0,0.0,12
281,281,0.0,0.0,0.0,0.0,0.0,0.0,0.0,0.0,0.0,0.0,12
282,282,0.0,0.0,0.0,0.0,0.0,0.0,0.0,0.0,0.0,0.0,12
283,283,0.0,0.0,0.0,0.0,0.0,0.0,0.0,0.0,0.0,0.0,12
284,284,0.0,0.0,0.0,0.0,0.0,0.0,0.0,0.0,0.0,0.0,12
285,285,0.0,0.0,0.0,0.0,0.0,0.0,0.0,0.0,0.0,0.0,12
286,286,0.0,0.0,0.0,0.0,0.0,0.0,0.0,0.0,0.0,0.0,12
287,287,0.0,0.0,0.0,0.0,0.0,0.0,0.0,0.0,0.0,0.0,12
288,288,68.9,0.0,0.0,0.0,0.0,0.0,0.0,0.0,0.0,0.0,13
289,289,68.9,0.0,0.0,0.0,0.0,0.0,0.0,0.0,0.0,0.0,13
290,290,68.9,0.0,0.0,0.0,0.0,0.0,0.0,0.0,0.0,0.0,13
291,291,68.9,0.0,0.0,0.0,0.0,0.0,0.0,0.0,0.0,0.0,13
292,292,0.0,0.0,0.0,0.0,0.0,0.0,0.0,0.0,0.0,0.0,13
293,293,68.9,0.0,0.0,0.0,0.0,0.0,0.0,0.0,0.0,0.0,13
294,294,68.9,0.0,0.0,0.0,0.0,0.0,0.0,0.0,0.0,0.0,13
295,295,68.9,0.0,0.0,0.0,0.0,0.0,0.0,0.0,0.0,0.0,13
296,296,68.9,0.0,0.0,0.0,0.0,0.0,0.0,0.0,0.0,0.0,13
297,297,0.0,0.0,0.0,0.0,0.0,0.0,0.0,0.0,0.0,0.0,13
298,298,0.0,0.0,0.0,0.0,0.0,0.0,0.0,0.0,0.0,0.0,13
299,299,0.0,0.0,0.0,0.0,0.0,0.0,0.0,0.0,0.0,0.0,13
300,300,0.0,0.0,0.0,0.0,0.0,0.0,0.0,0.0,0.0,0.0,13
301,301,0.0,0.0,0.0,0.0,0.0,0.0,0.0,0.0,0.0,0.0,13
302,302,0.0,0.0,0.0,0.0,0.0,0.0,0.0,0.0,0.0,0.0,13
303,303,0.0,0.0,0.0,0.0,0.0,0.0,0.0,0.0,0.0,0.0,13
304,304,0.0,0.0,0.0,0.0,0.0,0.0,0.0,0.0,0.0,0.0,13
305,305,0.0,0.0,0.0,0.0,0.0,0.0,0.0,0.0,0.0,0.0,13
306,306,0.0,0.0,0.0,0.0,0.0,0.0,0.0,0.0,0.0,0.0,13
307,307,0.0,0.0,0.0,0.0,0.0,0.0,0.0,0.0,0.0,0.0,13
308,308,0.0,0.0,0.0,0.0,0.0,0.0,0.0,0.0,0.0,0.0,13
309,309,68.9,0.0,0.0,0.0,0.0,0.0,0.0,0.0,0.0,0.0,13
310,310,68.9,0.0,0.0,0.0,0.0,0.0,0.0,0.0,0.0,0.0,13
311,311,68.9,0.0,0.0,0.0,0.0,0.0,0.0,0.0,0.0,0.0,13
312,312,68.9,0.0,0.0,0.0,0.0,0.0,0.0,0.0,0.0,0.0,14
313,313,0.0,0.0,0.0,0.0,0.0,0.0,0.0,0.0,0.0,0.0,14
314,314,68.9,0.0,0.0,0.0,0.0,0.0,0.0,0.0,0.0,0.0,14
315,315,68.9,0.0,0.0,0.0,0.0,0.0,0.0,0.0,0.0,0.0,14
316,316,68.9,0.0,0.0,0.0,0.0,0.0,0.0,0.0,0.0,0.0,14
317,317,68.9,0.0,0.0,0.0,0.0,0.0,0.0,0.0,0.0,0.0,14
318,318,0.0,0.0,0.0,0.0,0.0,0.0,0.0,0.0,0.0,0.0,14
319,319,0.0,0.0,0.0,0.0,0.0,0.0,0.0,0.0,0.0,0.0,14
320,320,68.9,0.0,0.0,0.0,0.0,0.0,0.0,0.0,0.0,0.0,14
321,321,68.9,0.0,0.0,0.0,0.0,0.0,0.0,0.0,0.0,0.0,14
322,322,68.9,0.0,0.0,0.0,0.0,0.0,0.0,0.0,0.0,0.0,14
323,323,68.9,0.0,0.0,0.0,0.0,0.0,0.0,0.0,0.0,0.0,14
324,324,0.0,0.0,0.0,0.0,0.0,0.0,0.0,0.0,0.0,0.0,14
325,325,0.0,0.0,0.0,0.0,0.0,0.0,0.0,0.0,0.0,0.0,14
326,326,68.9,0.0,0.0,0.0,0.0,0.0,0.0,0.0,0.0,0.0,14
327,327,68.9,0.0,0.0,0.0,0.0,0.0,0.0,0.0,0.0,0.0,14
328,328,68.9,0.0,0.0,0.0,0.0,0.0,0.0,0.0,0.0,0.0,14
329,329,68.9,0.0,0.0,0.0,0.0,0.0,0.0,0.0,0.0,0.0,14
330,330,0.0,0.0,0.0,0.0,0.0,0.0,0.0,0.0,0.0,0.0,14
331,331,0.0,0.0,0.0,0.0,0.0,0.0,0.0,0.0,0.0,0.0,14
332,332,0.0,0.0,0.0,0.0,0.0,0.0,0.0,0.0,0.0,0.0,14
333,333,0.0,0.0,0.0,0.0,0.0,0.0,0.0,0.0,0.0,0.0,14
334,334,0.0,0.0,0.0,0.0,0.0,0.0,0.0,0.0,0.0,0.0,14
335,335,0.0,0.0,0.0,0.0,0.0,0.0,0.0,0.0,0.0,0.0,14
336,336,0.0,0.0,0.0,0.0,0.0,0.0,0.0,0.0,0.0,0.0,15
337,337,0.0,0.0,0.0,0.0,0.0,0.0,0.0,0.0,0.0,0.0,15
338,338,0.0,0.0,0.0,0.0,0.0,0.0,0.0,0.0,0.0,0.0,15
339,339,0.0,0.0,0.0,0.0,0.0,0.0,0.0,0.0,0.0,0.0,15
340,340,68.9,0.0,0.0,0.0,0.0,0.0,0.0,0.0,0.0,0.0,15
341,341,68.9,0.0,0.0,0.0,0.0,0.0,0.0,0.0,0.0,0.0,15
342,342,68.9,0.0,0.0,0.0,0.0,0.0,0.0,0.0,0.0,0.0,15
343,343,68.9,0.0,0.0,0.0,0.0,0.0,0.0,0.0,0.0,0.0,15
344,344,0.0,0.0,0.0,0.0,0.0,0.0,0.0,0.0,0.0,0.0,15
345,345,0.0,0.0,0.0,0.0,0.0,0.0,0.0,0.0,0.0,0.0,15
346,346,0.0,0.0,0.0,0.0,0.0,0.0,0.0,0.0,0.0,0.0,15
347,347,0.0,0.0,0.0,0.0,0.0,0.0,0.0,0.0,0.0,0.0,15
348,348,0.0,0.0,0.0,0.0,0.0,0.0,0.0,0.0,0.0,0.0,15
349,349,0.0,0.0,0.0,0.0,0.0,0.0,0.0,0.0,0.0,0.0,15
350,350,0.0,0.0,0.0,0.0,0.0,0.0,0.0,0.0,0.0,0.0,15
351,351,0.0,0.0,0.0,0.0,0.0,0.0,0.0,0.0,0.0,0.0,15
352,352,0.0,0.0,0.0,0.0,0.0,0.0,0.0,0.0,0.0,0.0,15
353,353,0.0,0.0,0.0,0.0,0.0,0.0,0.0,0.0,0.0,0.0,15
354,354,0.0,0.0,0.0,0.0,0.0,0.0,0.0,0.0,0.0,0.0,15
355,355,0.0,0.0,0.0,0.0,0.0,0.0,0.0,0.0,0.0,0.0,15
356,356,0.0,0.0,0.0,0.0,0.0,0.0,0.0,0.0,0.0,0.0,15
357,357,68.9,0.0,0.0,0.0,0.0,0.0,0.0,0.0,0.0,0.0,15
358,358,68.9,0.0,0.0,0.0,0.0,0.0,0.0,0.0,0.0,0.0,15
359,359,68.9,0.0,0.0,0.0,0.0,0.0,0.0,0.0,0.0,0.0,15
360,360,68.9,0.0,0.0,0.0,0.0,0.0,0.0,0.0,0.0,0.0,16
361,361,0.0,0.0,0.0,0.0,0.0,0.0,0.0,0.0,0.0,0.0,16
362,362,0.0,0.0,0.0,0.0,0.0,0.0,0.0,0.0,0.0,0.0,16
363,363,0.0,0.0,0.0,0.0,0.0,0.0,0.0,0.0,0.0,0.0,16
364,364,0.0,0.0,0.0,0.0,0.0,0.0,0.0,0.0,0.0,0.0,16
365,365,0.0,0.0,0.0,0.0,0.0,0.0,0.0,0.0,0.0,0.0,16
366,366,0.0,0.0,0.0,0.0,0.0,0.0,0.0,0.0,0.0,0.0,16
367,367,0.0,0.0,0.0,0.0,0.0,0.0,0.0,0.0,0.0,0.0,16
368,368,0.0,0.0,0.0,0.0,0.0,0.0,0.0,0.0,0.0,0.0,16
369,369,68.9,0.0,0.0,0.0,0.0,0.0,0.0,0.0,0.0,0.0,16
370,370,68.9,0.0,0.0,0.0,0.0,0.0,0.0,0.0,0.0,0.0,16
371,371,68.9,0.0,0.0,0.0,0.0,0.0,0.0,0.0,0.0,0.0,16
372,372,68.9,0.0,0.0,0.0,0.0,0.0,0.0,0.0,0.0,0.0,16
373,373,0.0,0.0,0.0,0.0,0.0,0.0,0.0,0.0,0.0,0.0,16
374,374,0.0,0.0,0.0,0.0,0.0,0.0,0.0,0.0,0.0,0.0,16
375,375,68.9,0.0,0.0,0.0,0.0,0.0,0.0,0.0,0.0,0.0,16
376,376,68.9,0.0,0.0,0.0,0.0,0.0,0.0,0.0,0.0,0.0,16
377,377,68.9,0.0,0.0,0.0,0.0,0.0,0.0,0.0,0.0,0.0,16
378,378,68.9,0.0,0.0,0.0,0.0,0.0,0.0,0.0,0.0,0.0,16
379,379,0.0,0.0,0.0,0.0,0.0,0.0,0.0,0.0,0.0,0.0,16
380,380,0.0,0.0,0.0,0.0,0.0,0.0,0.0,0.0,0.0,0.0,16
381,381,0.0,0.0,0.0,0.0,0.0,0.0,0.0,0.0,0.0,0.0,16
382,382,0.0,0.0,0.0,0.0,0.0,0.0,0.0,0.0,0.0,0.0,16
383,383,0.0,0.0,0.0,0.0,0.0,0.0,0.0,0.0,0.0,0.0,16
384,384,0.0,0.0,0.0,0.0,0.0,0.0,0.0,0.0,0.0,0.0,17
385,385,0.0,0.0,0.0,0.0,0.0,0.0,0.0,0.0,0.0,0.0,17
386,386,0.0,0.0,0.0,0.0,0.0,0.0,0.0,0.0,0.0,0.0,17
387,387,0.0,0.0,0.0,0.0,0.0,0.0,0.0,0.0,0.0,0.0,17
388,388,0.0,0.0,0.0,0.0,0.0,0.0,0.0,0.0,0.0,0.0,17
389,389,0.0,0.0,0.0,0.0,0.0,0.0,0.0,0.0,0.0,0.0,17
390,390,0.0,0.0,0.0,0.0,0.0,0.0,0.0,0.0,0.0,0.0,17
391,391,0.0,0.0,0.0,0.0,0.0,0.0,0.0,0.0,0.0,0.0,17
392,392,0.0,0.0,0.0,0.0,0.0,0.0,0.0,0.0,0.0,0.0,17
393,393,0.0,0.0,0.0,0.0,0.0,0.0,0.0,0.0,0.0,0.0,17
394,394,0.0,0.0,0.0,0.0,0.0,0.0,0.0,0.0,0.0,0.0,17
395,395,0.0,0.0,0.0,0.0,0.0,0.0,0.0,0.0,0.0,0.0,17
396,396,0.0,0.0,0.0,0.0,0.0,0.0,0.0,0.0,0.0,0.0,17
397,397,0.0,0.0,0.0,0.0,0.0,0.0,0.0,0.0,0.0,0.0,17
398,398,0.0,0.0,0.0,0.0,0.0,0.0,0.0,0.0,0.0,0.0,17
399,399,0.0,0.0,0.0,0.0,0.0,0.0,0.0,0.0,0.0,0.0,17
400,400,68.9,0.0,0.0,0.0,0.0,0.0,0.0,0.0,0.0,0.0,17
401,401,68.9,0.0,0.0,0.0,0.0,0.0,0.0,0.0,0.0,0.0,17
402,402,68.9,0.0,0.0,0.0,0.0,0.0,0.0,0.0,0.0,0.0,17
403,403,68.9,0.0,0.0,0.0,0.0,0.0,0.0,0.0,0.0,0.0,17
404,404,0.0,0.0,0.0,0.0,0.0,0.0,0.0,0.0,0.0,0.0,17
405,405,0.0,0.0,0.0,0.0,0.0,0.0,0.0,0.0,0.0,0.0,17
406,406,0.0,0.0,0.0,0.0,0.0,0.0,0.0,0.0,0.0,0.0,17
407,407,0.0,0.0,0.0,0.0,0.0,0.0,0.0,0.0,0.0,0.0,17
408,408,0.0,0.0,0.0,0.0,0.0,0.0,0.0,0.0,0.0,0.0,18
409,409,68.9,0.0,0.0,0.0,0.0,0.0,0.0,0.0,0.0,0.0,18
410,410,68.9,0.0,0.0,0.0,0.0,0.0,0.0,0.0,0.0,0.0,18
411,411,68.9,0.0,0.0,0.0,0.0,0.0,0.0,0.0,0.0,0.0,18
412,412,68.9,0.0,0.0,0.0,0.0,0.0,0.0,0.0,0.0,0.0,18
413,413,0.0,0.0,0.0,0.0,0.0,0.0,0.0,0.0,0.0,0.0,18
414,414,0.0,0.0,0.0,0.0,0.0,0.0,0.0,0.0,0.0,0.0,18
415,415,0.0,0.0,0.0,0.0,0.0,0.0,0.0,0.0,0.0,0.0,18
416,416,0.0,0.0,0.0,0.0,0.0,0.0,0.0,0.0,0.0,0.0,18
417,417,0.0,0.0,0.0,0.0,0.0,0.0,0.0,0.0,0.0,0.0,18
418,418,0.0,0.0,0.0,0.0,0.0,0.0,0.0,0.0,0.0,0.0,18
419,419,0.0,0.0,0.0,0.0,0.0,0.0,0.0,0.0,0.0,0.0,18
420,420,0.0,0.0,0.0,0.0,0.0,0.0,0.0,0.0,0.0,0.0,18
421,421,0.0,0.0,0.0,0.0,0.0,0.0,0.0,0.0,0.0,0.0,18
422,422,0.0,0.0,0.0,0.0,0.0,0.0,0.0,0.0,0.0,0.0,18
423,423,0.0,0.0,0.0,0.0,0.0,0.0,0.0,0.0,0.0,0.0,18
424,424,0.0,0.0,0.0,0.0,0.0,0.0,0.0,0.0,0.0,0.0,18
425,425,0.0,0.0,0.0,0.0,0.0,0.0,0.0,0.0,0.0,0.0,18
426,426,0.0,0.0,0.0,0.0,0.0,0.0,0.0,0.0,0.0,0.0,18
427,427,0.0,0.0,0.0,0.0,0.0,0.0,0.0,0.0,0.0,0.0,18
428,428,0.0,0.0,0.0,0.0,0.0,0.0,0.0,0.0,0.0,0.0,18
429,429,0.0,0.0,0.0,0.0,0.0,0.0,0.0,0.0,0.0,0.0,18
430,430,68.9,0.0,0.0,0.0,0.0,0.0,0.0,0.0,0.0,0.0,18
431,431,68.9,0.0,0.0,0.0,0.0,0.0,0.0,0.0,0.0,0.0,18
432,432,68.9,0.0,0.0,0.0,0.0,0.0,0.0,0.0,0.0,0.0,19
433,433,68.9,0.0,0.0,0.0,0.0,0.0,0.0,0.0,0.0,0.0,19
434,434,0.0,0.0,0.0,0.0,0.0,0.0,0.0,0.0,0.0,0.0,19
435,435,0.0,0.0,0.0,0.0,0.0,0.0,0.0,0.0,0.0,0.0,19
436,436,0.0,0.0,0.0,0.0,0.0,0.0,0.0,0.0,0.0,0.0,19
437,437,0.0,0.0,0.0,0.0,0.0,0.0,0.0,0.0,0.0,0.0,19
438,438,0.0,0.0,0.0,0.0,0.0,0.0,0.0,0.0,0.0,0.0,19
439,439,0.0,0.0,0.0,0.0,0.0,0.0,0.0,0.0,0.0,0.0,19
440,440,0.0,0.0,0.0,0.0,0.0,0.0,0.0,0.0,0.0,0.0,19
441,441,68.9,0.0,0.0,0.0,0.0,0.0,0.0,0.0,0.0,0.0,19
442,442,68.9,0.0,0.0,0.0,0.0,0.0,0.0,0.0,0.0,0.0,19
443,443,68.9,0.0,0.0,0.0,0.0,0.0,0.0,0.0,0.0,0.0,19
444,444,68.9,0.0,0.0,0.0,0.0,0.0,0.0,0.0,0.0,0.0,19
445,445,0.0,0.0,0.0,0.0,0.0,0.0,0.0,0.0,0.0,0.0,19
446,446,0.0,0.0,0.0,0.0,0.0,0.0,0.0,0.0,0.0,0.0,19
447,447,68.9,0.0,0.0,0.0,0.0,0.0,0.0,0.0,0.0,0.0,19
448,448,68.9,0.0,0.0,0.0,0.0,0.0,0.0,0.0,0.0,0.0,19
449,449,68.9,0.0,0.0,0.0,0.0,0.0,0.0,0.0,0.0,0.0,19
450,450,68.9,0.0,0.0,0.0,0.0,0.0,0.0,0.0,0.0,0.0,19
451,451,0.0,0.0,0.0,0.0,0.0,0.0,0.0,0.0,0.0,0.0,19
452,452,0.0,0.0,0.0,0.0,0.0,0.0,0.0,0.0,0.0,0.0,19
453,453,0.0,0.0,0.0,0.0,0.0,0.0,0.0,0.0,0.0,0.0,19
454,454,0.0,0.0,0.0,0.0,0.0,0.0,0.0,0.0,0.0,0.0,19
455,455,68.9,0.0,0.0,0.0,0.0,0.0,0.0,0.0,0.0,0.0,19
456,456,68.9,0.0,0.0,0.0,0.0,0.0,0.0,0.0,0.0,0.0,20
457,457,68.9,0.0,0.0,0.0,0.0,0.0,0.0,0.0,0.0,0.0,20
458,458,68.9,0.0,0.0,0.0,0.0,0.0,0.0,0.0,0.0,0.0,20
459,459,0.0,0.0,0.0,0.0,0.0,0.0,0.0,0.0,0.0,0.0,20
460,460,0.0,0.0,0.0,0.0,0.0,0.0,0.0,0.0,0.0,0.0,20
461,461,0.0,0.0,0.0,0.0,0.0,0.0,0.0,0.0,0.0,0.0,20
462,462,0.0,0.0,0.0,0.0,0.0,0.0,0.0,0.0,0.0,0.0,20
463,463,0.0,0.0,0.0,0.0,0.0,0.0,0.0,0.0,0.0,0.0,20
464,464,0.0,0.0,0.0,0.0,0.0,0.0,0.0,0.0,0.0,0.0,20
465,465,0.0,0.0,0.0,0.0,0.0,0.0,0.0,0.0,0.0,0.0,20
466,466,0.0,0.0,0.0,0.0,0.0,0.0,0.0,0.0,0.0,0.0,20
467,467,0.0,0.0,0.0,0.0,0.0,0.0,0.0,0.0,0.0,0.0,20
468,468,68.9,0.0,0.0,0.0,0.0,0.0,0.0,0.0,0.0,0.0,20
469,469,68.9,0.0,0.0,0.0,0.0,0.0,0.0,0.0,0.0,0.0,20
470,470,68.9,0.0,0.0,0.0,0.0,0.0,0.0,0.0,0.0,0.0,20
471,471,68.9,0.0,0.0,0.0,0.0,0.0,0.0,0.0,0.0,0.0,20
472,472,0.0,0.0,0.0,0.0,0.0,0.0,0.0,0.0,0.0,0.0,20
473,473,0.0,0.0,0.0,0.0,0.0,0.0,0.0,0.0,0.0,0.0,20
474,474,0.0,0.0,0.0,0.0,0.0,0.0,0.0,0.0,0.0,0.0,20
475,475,0.0,0.0,0.0,0.0,0.0,0.0,0.0,0.0,0.0,0.0,20
476,476,0.0,0.0,0.0,0.0,0.0,0.0,0.0,0.0,0.0,0.0,20
477,477,0.0,0.0,0.0,0.0,0.0,0.0,0.0,0.0,0.0,0.0,20
478,478,68.9,0.0,0.0,0.0,0.0,0.0,0.0,0.0,0.0,0.0,20
479,479,68.9,0.0,0.0,0.0,0.0,0.0,0.0,0.0,0.0,0.0,20
480,480,68.9,0.0,0.0,0.0,0.0,0.0,0.0,0.0,0.0,0.0,21
481,481,68.9,0.0,0.0,0.0,0.0,0.0,0.0,0.0,0.0,0.0,21
482,482,0.0,0.0,0.0,0.0,0.0,0.0,0.0,0.0,0.0,0.0,21
483,483,0.0,0.0,0.0,0.0,0.0,0.0,0.0,0.0,0.0,0.0,21
484,484,68.9,0.0,0.0,0.0,0.0,0.0,0.0,0.0,0.0,0.0,21
485,485,68.9,0.0,0.0,0.0,0.0,0.0,0.0,0.0,0.0,0.0,21
486,486,68.9,0.0,0.0,0.0,0.0,0.0,0.0,0.0,0.0,0.0,21
487,487,68.9,0.0,0.0,0.0,0.0,0.0,0.0,0.0,0.0,0.0,21
488,488,0.0,0.0,0.0,0.0,0.0,0.0,0.0,0.0,0.0,0.0,21
489,489,0.0,0.0,0.0,0.0,0.0,0.0,0.0,0.0,0.0,0.0,21
490,490,0.0,0.0,0.0,0.0,0.0,0.0,0.0,0.0,0.0,0.0,21
491,491,0.0,0.0,0.0,0.0,0.0,0.0,0.0,0.0,0.0,0.0,21
492,492,0.0,0.0,0.0,0.0,0.0,0.0,0.0,0.0,0.0,0.0,21
493,493,0.0,0.0,0.0,0.0,0.0,0.0,0.0,0.0,0.0,0.0,21
494,494,0.0,0.0,0.0,0.0,0.0,0.0,0.0,0.0,0.0,0.0,21
495,495,0.0,0.0,0.0,0.0,0.0,0.0,0.0,0.0,0.0,0.0,21
496,496,0.0,0.0,0.0,0.0,0.0,0.0,0.0,0.0,0.0,0.0,21
497,497,0.0,0.0,0.0,0.0,0.0,0.0,0.0,0.0,0.0,0.0,21
498,498,68.9,0.0,0.0,0.0,0.0,0.0,0.0,0.0,0.0,0.0,21
499,499,68.9,0.0,0.0,0.0,0.0,0.0,0.0,0.0,0.0,0.0,21
500,500,68.9,0.0,0.0,0.0,0.0,0.0,0.0,0.0,0.0,0.0,21
501,501,68.9,0.0,0.0,0.0,0.0,0.0,0.0,0.0,0.0,0.0,21
502,502,0.0,0.0,0.0,0.0,0.0,0.0,0.0,0.0,0.0,0.0,21
503,503,0.0,0.0,0.0,0.0,0.0,0.0,0.0,0.0,0.0,0.0,21
504,504,0.0,0.0,0.0,0.0,0.0,0.0,0.0,0.0,0.0,0.0,22
505,505,68.9,0.0,0.0,0.0,0.0,0.0,0.0,0.0,0.0,0.0,22
506,506,68.9,0.0,0.0,0.0,0.0,0.0,0.0,0.0,0.0,0.0,22
507,507,68.9,0.0,0.0,0.0,0.0,0.0,0.0,0.0,0.0,0.0,22
508,508,68.9,0.0,0.0,0.0,0.0,0.0,0.0,0.0,0.0,0.0,22
509,509,0.0,0.0,0.0,0.0,0.0,0.0,0.0,0.0,0.0,0.0,22
510,510,0.0,0.0,0.0,0.0,0.0,0.0,0.0,0.0,0.0,0.0,22
511,511,0.0,0.0,0.0,0.0,0.0,0.0,0.0,0.0,0.0,0.0,22
512,512,68.9,0.0,0.0,0.0,0.0,0.0,0.0,0.0,0.0,0.0,22
513,513,68.9,0.0,0.0,0.0,0.0,0.0,0.0,0.0,0.0,0.0,22
514,514,68.9,0.0,0.0,0.0,0.0,0.0,0.0,0.0,0.0,0.0,22
515,515,68.9,0.0,0.0,0.0,0.0,0.0,0.0,0.0,0.0,0.0,22
516,516,0.0,0.0,0.0,0.0,0.0,0.0,0.0,0.0,0.0,0.0,22
517,517,68.9,0.0,0.0,0.0,0.0,0.0,0.0,0.0,0.0,0.0,22
518,518,68.9,0.0,0.0,0.0,0.0,0.0,0.0,0.0,0.0,0.0,22
519,519,68.9,0.0,0.0,0.0,0.0,0.0,0.0,0.0,0.0,0.0,22
520,520,68.9,0.0,0.0,0.0,0.0,0.0,0.0,0.0,0.0,0.0,22
521,521,0.0,0.0,0.0,0.0,0.0,0.0,0.0,0.0,0.0,0.0,22
522,522,0.0,0.0,0.0,0.0,0.0,0.0,0.0,0.0,0.0,0.0,22
523,523,0.0,0.0,0.0,0.0,0.0,0.0,0.0,0.0,0.0,0.0,22
524,524,0.0,0.0,0.0,0.0,0.0,0.0,0.0,0.0,0.0,0.0,22
525,525,0.0,0.0,0.0,0.0,0.0,0.0,0.0,0.0,0.0,0.0,22
526,526,68.9,0.0,0.0,0.0,0.0,0.0,0.0,0.0,0.0,0.0,22
527,527,68.9,0.0,0.0,0.0,0.0,0.0,0.0,0.0,0.0,0.0,22
528,528,68.9,0.0,0.0,0.0,0.0,0.0,0.0,0.0,0.0,0.0,23
529,529,68.9,0.0,0.0,0.0,0.0,0.0,0.0,0.0,0.0,0.0,23
530,530,0.0,0.0,0.0,0.0,0.0,0.0,0.0,0.0,0.0,0.0,23
531,531,0.0,0.0,0.0,0.0,0.0,0.0,0.0,0.0,0.0,0.0,23
532,532,68.9,0.0,0.0,0.0,0.0,0.0,0.0,0.0,0.0,0.0,23
533,533,68.9,0.0,0.0,0.0,0.0,0.0,0.0,0.0,0.0,0.0,23
534,534,68.9,0.0,0.0,0.0,0.0,0.0,0.0,0.0,0.0,0.0,23
535,535,68.9,0.0,0.0,0.0,0.0,0.0,0.0,0.0,0.0,0.0,23
536,536,0.0,0.0,0.0,0.0,0.0,0.0,0.0,0.0,0.0,0.0,23
537,537,68.9,0.0,0.0,0.0,0.0,0.0,0.0,0.0,0.0,0.0,23
538,538,68.9,0.0,0.0,0.0,0.0,0.0,0.0,0.0,0.0,0.0,23
539,539,68.9,0.0,0.0,0.0,0.0,0.0,0.0,0.0,0.0,0.0,23
540,540,68.9,0.0,0.0,0.0,0.0,0.0,0.0,0.0,0.0,0.0,23
541,541,0.0,0.0,0.0,0.0,0.0,0.0,0.0,0.0,0.0,0.0,23
542,542,0.0,0.0,0.0,0.0,0.0,0.0,0.0,0.0,0.0,0.0,23
543,543,0.0,0.0,0.0,0.0,0.0,0.0,0.0,0.0,0.0,0.0,23
544,544,68.9,0.0,0.0,0.0,0.0,0.0,0.0,0.0,0.0,0.0,23
545,545,68.9,0.0,0.0,0.0,0.0,0.0,0.0,0.0,0.0,0.0,23
546,546,68.9,0.0,0.0,0.0,0.0,0.0,0.0,0.0,0.0,0.0,23
547,547,68.9,0.0,0.0,0.0,0.0,0.0,0.0,0.0,0.0,0.0,23
548,548,0.0,0.0,0.0,0.0,0.0,0.0,0.0,0.0,0.0,0.0,23
549,549,0.0,0.0,0.0,0.0,0.0,0.0,0.0,0.0,0.0,0.0,23
550,550,68.9,0.0,0.0,0.0,0.0,0.0,0.0,0.0,0.0,0.0,23
551,551,68.9,0.0,0.0,0.0,0.0,0.0,0.0,0.0,0.0,0.0,23
552,552,68.9,0.0,0.0,0.0,0.0,0.0,0.0,0.0,0.0,0.0,24
553,553,68.9,0.0,0.0,0.0,0.0,0.0,0.0,0.0,0.0,0.0,24
554,554,0.0,0.0,0.0,0.0,0.0,0.0,0.0,0.0,0.0,0.0,24
555,555,0.0,0.0,0.0,0.0,0.0,0.0,0.0,0.0,0.0,0.0,24
556,556,0.0,0.0,0.0,0.0,0.0,0.0,0.0,0.0,0.0,0.0,24
557,557,0.0,0.0,0.0,0.0,0.0,0.0,0.0,0.0,0.0,0.0,24
558,558,0.0,0.0,0.0,0.0,0.0,0.0,0.0,0.0,0.0,0.0,24
559,559,0.0,0.0,0.0,0.0,0.0,0.0,0.0,0.0,0.0,0.0,24
560,560,0.0,0.0,0.0,0.0,0.0,0.0,0.0,0.0,0.0,0.0,24
561,561,0.0,0.0,0.0,0.0,0.0,0.0,0.0,0.0,0.0,0.0,24
562,562,0.0,0.0,0.0,0.0,0.0,0.0,0.0,0.0,0.0,0.0,24
563,563,0.0,0.0,0.0,0.0,0.0,0.0,0.0,0.0,0.0,0.0,24
564,564,0.0,0.0,0.0,0.0,0.0,0.0,0.0,0.0,0.0,0.0,24
565,565,68.9,0.0,0.0,0.0,0.0,0.0,0.0,0.0,0.0,0.0,24
566,566,68.9,0.0,0.0,0.0,0.0,0.0,0.0,0.0,0.0,0.0,24
567,567,68.9,0.0,0.0,0.0,0.0,0.0,0.0,0.0,0.0,0.0,24
568,568,68.9,0.0,0.0,0.0,0.0,0.0,0.0,0.0,0.0,0.0,24
569,569,0.0,0.0,0.0,0.0,0.0,0.0,0.0,0.0,0.0,0.0,24
570,570,68.9,0.0,0.0,0.0,0.0,0.0,0.0,0.0,0.0,0.0,24
571,571,68.9,0.0,0.0,0.0,0.0,0.0,0.0,0.0,0.0,0.0,24
572,572,68.9,0.0,0.0,0.0,0.0,0.0,0.0,0.0,0.0,0.0,24
573,573,68.9,0.0,0.0,0.0,0.0,0.0,0.0,0.0,0.0,0.0,24
574,574,0.0,0.0,0.0,0.0,0.0,0.0,0.0,0.0,0.0,0.0,24
575,575,0.0,0.0,0.0,0.0,0.0,0.0,0.0,0.0,0.0,0.0,24
576,576,0.0,0.0,0.0,0.0,0.0,0.0,0.0,0.0,0.0,0.0,25
577,577,68.9,0.0,0.0,0.0,0.0,0.0,0.0,0.0,0.0,0.0,25
578,578,68.9,0.0,0.0,0.0,0.0,0.0,0.0,0.0,0.0,0.0,25
579,579,68.9,0.0,0.0,0.0,0.0,0.0,0.0,0.0,0.0,0.0,25
580,580,68.9,0.0,0.0,0.0,0.0,0.0,0.0,0.0,0.0,0.0,25
581,581,0.0,0.0,0.0,0.0,0.0,0.0,0.0,0.0,0.0,0.0,25
582,582,0.0,0.0,0.0,0.0,0.0,0.0,0.0,0.0,0.0,0.0,25
583,583,0.0,0.0,0.0,0.0,0.0,0.0,0.0,0.0,0.0,0.0,25
584,584,0.0,0.0,0.0,0.0,0.0,0.0,0.0,0.0,0.0,0.0,25
585,585,0.0,0.0,0.0,0.0,0.0,0.0,0.0,0.0,0.0,0.0,25
586,586,0.0,0.0,0.0,0.0,0.0,0.0,0.0,0.0,0.0,0.0,25
587,587,0.0,0.0,0.0,0.0,0.0,0.0,0.0,0.0,0.0,0.0,25
588,588,0.0,0.0,0.0,0.0,0.0,0.0,0.0,0.0,0.0,0.0,25
589,589,0.0,0.0,0.0,0.0,0.0,0.0,0.0,0.0,0.0,0.0,25
590,590,0.0,0.0,0.0,0.0,0.0,0.0,0.0,0.0,0.0,0.0,25
591,591,0.0,0.0,0.0,0.0,0.0,0.0,0.0,0.0,0.0,0.0,25
592,592,0.0,0.0,0.0,0.0,0.0,0.0,0.0,0.0,0.0,0.0,25
593,593,68.9,0.0,0.0,0.0,0.0,0.0,0.0,0.0,0.0,0.0,25
594,594,68.9,0.0,0.0,0.0,0.0,0.0,0.0,0.0,0.0,0.0,25
595,595,68.9,0.0,0.0,0.0,0.0,0.0,0.0,0.0,0.0,0.0,25
596,596,68.9,0.0,0.0,0.0,0.0,0.0,0.0,0.0,0.0,0.0,25
597,597,0.0,0.0,0.0,0.0,0.0,0.0,0.0,0.0,0.0,0.0,25
598,598,68.9,0.0,0.0,0.0,0.0,0.0,0.0,0.0,0.0,0.0,25
599,599,68.9,0.0,0.0,0.0,0.0,0.0,0.0,0.0,0.0,0.0,25
600,600,68.9,0.0,0.0,0.0,0.0,0.0,0.0,0.0,0.0,0.0,26
601,601,68.9,0.0,0.0,0.0,0.0,0.0,0.0,0.0,0.0,0.0,26
602,602,0.0,0.0,0.0,0.0,0.0,0.0,0.0,0.0,0.0,0.0,26
603,603,0.0,0.0,0.0,0.0,0.0,0.0,0.0,0.0,0.0,0.0,26
604,604,0.0,0.0,0.0,0.0,0.0,0.0,0.0,0.0,0.0,0.0,26
605,605,0.0,0.0,0.0,0.0,0.0,0.0,0.0,0.0,0.0,0.0,26
606,606,0.0,0.0,0.0,0.0,0.0,0.0,0.0,0.0,0.0,0.0,26
607,607,0.0,0.0,0.0,0.0,0.0,0.0,0.0,0.0,0.0,0.0,26
608,608,0.0,0.0,0.0,0.0,0.0,0.0,0.0,0.0,0.0,0.0,26
609,609,0.0,0.0,0.0,0.0,0.0,0.0,0.0,0.0,0.0,0.0,26
610,610,0.0,0.0,0.0,0.0,0.0,0.0,0.0,0.0,0.0,0.0,26
611,611,0.0,0.0,0.0,0.0,0.0,0.0,0.0,0.0,0.0,0.0,26
612,612,0.0,0.0,0.0,0.0,0.0,0.0,0.0,0.0,0.0,0.0,26
613,613,0.0,0.0,0.0,0.0,0.0,0.0,0.0,0.0,0.0,0.0,26
614,614,0.0,0.0,0.0,0.0,0.0,0.0,0.0,0.0,0.0,0.0,26
615,615,0.0,0.0,0.0,0.0,0.0,0.0,0.0,0.0,0.0,0.0,26
616,616,0.0,0.0,0.0,0.0,0.0,0.0,0.0,0.0,0.0,0.0,26
617,617,68.9,0.0,0.0,0.0,0.0,0.0,0.0,0.0,0.0,0.0,26
618,618,68.9,0.0,0.0,0.0,0.0,0.0,0.0,0.0,0.0,0.0,26
619,619,68.9,0.0,0.0,0.0,0.0,0.0,0.0,0.0,0.0,0.0,26
620,620,68.9,0.0,0.0,0.0,0.0,0.0,0.0,0.0,0.0,0.0,26
621,621,0.0,0.0,0.0,0.0,0.0,0.0,0.0,0.0,0.0,0.0,26
622,622,0.0,0.0,0.0,0.0,0.0,0.0,0.0,0.0,0.0,0.0,26
623,623,0.0,0.0,0.0,0.0,0.0,0.0,0.0,0.0,0.0,0.0,26
624,624,0.0,0.0,0.0,0.0,0.0,0.0,0.0,0.0,0.0,0.0,27
625,625,0.0,0.0,0.0,0.0,0.0,0.0,0.0,0.0,0.0,0.0,27
626,626,0.0,0.0,0.0,0.0,0.0,0.0,0.0,0.0,0.0,0.0,27
627,627,0.0,0.0,0.0,0.0,0.0,0.0,0.0,0.0,0.0,0.0,27
628,628,0.0,0.0,0.0,0.0,0.0,0.0,0.0,0.0,0.0,0.0,27
629,629,0.0,0.0,0.0,0.0,0.0,0.0,0.0,0.0,0.0,0.0,27
630,630,0.0,0.0,0.0,0.0,0.0,0.0,0.0,0.0,0.0,0.0,27
631,631,0.0,0.0,0.0,0.0,0.0,0.0,0.0,0.0,0.0,0.0,27
632,632,0.0,0.0,0.0,0.0,0.0,0.0,0.0,0.0,0.0,0.0,27
633,633,68.9,0.0,0.0,0.0,0.0,0.0,0.0,0.0,0.0,0.0,27
634,634,68.9,0.0,0.0,0.0,0.0,0.0,0.0,0.0,0.0,0.0,27
635,635,68.9,0.0,0.0,0.0,0.0,0.0,0.0,0.0,0.0,0.0,27
636,636,68.9,0.0,0.0,0.0,0.0,0.0,0.0,0.0,0.0,0.0,27
637,637,0.0,0.0,0.0,0.0,0.0,0.0,0.0,0.0,0.0,0.0,27
638,638,0.0,0.0,0.0,0.0,0.0,0.0,0.0,0.0,0.0,0.0,27
639,639,0.0,0.0,0.0,0.0,0.0,0.0,0.0,0.0,0.0,0.0,27
640,640,0.0,0.0,0.0,0.0,0.0,0.0,0.0,0.0,0.0,0.0,27
641,641,0.0,0.0,0.0,0.0,0.0,0.0,0.0,0.0,0.0,0.0,27
642,642,68.9,0.0,0.0,0.0,0.0,0.0,0.0,0.0,0.0,0.0,27
643,643,68.9,0.0,0.0,0.0,0.0,0.0,0.0,0.0,0.0,0.0,27
644,644,68.9,0.0,0.0,0.0,0.0,0.0,0.0,0.0,0.0,0.0,27
645,645,68.9,0.0,0.0,0.0,0.0,0.0,0.0,0.0,0.0,0.0,27
646,646,0.0,0.0,0.0,0.0,0.0,0.0,0.0,0.0,0.0,0.0,27
647,647,68.9,0.0,0.0,0.0,0.0,0.0,0.0,0.0,0.0,0.0,27
648,648,68.9,0.0,0.0,0.0,0.0,0.0,0.0,0.0,0.0,0.0,28
649,649,68.9,0.0,0.0,0.0,0.0,0.0,0.0,0.0,0.0,0.0,28
650,650,68.9,0.0,0.0,0.0,0.0,0.0,0.0,0.0,0.0,0.0,28
651,651,0.0,0.0,0.0,0.0,0.0,0.0,0.0,0.0,0.0,0.0,28
652,652,0.0,0.0,0.0,0.0,0.0,0.0,0.0,0.0,0.0,0.0,28
653,653,0.0,0.0,0.0,0.0,0.0,0.0,0.0,0.0,0.0,0.0,28
654,654,0.0,0.0,0.0,0.0,0.0,0.0,0.0,0.0,0.0,0.0,28
655,655,68.9,0.0,0.0,0.0,0.0,0.0,0.0,0.0,0.0,0.0,28
656,656,68.9,0.0,0.0,0.0,0.0,0.0,0.0,0.0,0.0,0.0,28
657,657,68.9,0.0,0.0,0.0,0.0,0.0,0.0,0.0,0.0,0.0,28
658,658,68.9,0.0,0.0,0.0,0.0,0.0,0.0,0.0,0.0,0.0,28
659,659,0.0,0.0,0.0,0.0,0.0,0.0,0.0,0.0,0.0,0.0,28
660,660,0.0,0.0,0.0,0.0,0.0,0.0,0.0,0.0,0.0,0.0,28
661,661,0.0,0.0,0.0,0.0,0.0,0.0,0.0,0.0,0.0,0.0,28
662,662,0.0,0.0,0.0,0.0,0.0,0.0,0.0,0.0,0.0,0.0,28
663,663,0.0,0.0,0.0,0.0,0.0,0.0,0.0,0.0,0.0,0.0,28
664,664,0.0,0.0,0.0,0.0,0.0,0.0,0.0,0.0,0.0,0.0,28
665,665,0.0,0.0,0.0,0.0,0.0,0.0,0.0,0.0,0.0,0.0,28
666,666,0.0,0.0,0.0,0.0,0.0,0.0,0.0,0.0,0.0,0.0,28
667,667,0.0,0.0,0.0,0.0,0.0,0.0,0.0,0.0,0.0,0.0,28
668,668,68.9,0.0,0.0,0.0,0.0,0.0,0.0,0.0,0.0,0.0,28
669,669,68.9,0.0,0.0,0.0,0.0,0.0,0.0,0.0,0.0,0.0,28
670,670,68.9,0.0,0.0,0.0,0.0,0.0,0.0,0.0,0.0,0.0,28
671,671,68.9,0.0,0.0,0.0,0.0,0.0,0.0,0.0,0.0,0.0,28
672,672,0.0,0.0,0.0,0.0,0.0,0.0,0.0,0.0,0.0,0.0,29
673,673,0.0,0.0,0.0,0.0,0.0,0.0,0.0,0.0,0.0,0.0,29
674,674,68.9,0.0,0.0,0.0,0.0,0.0,0.0,0.0,0.0,0.0,29
675,675,68.9,0.0,0.0,0.0,0.0,0.0,0.0,0.0,0.0,0.0,29
676,676,68.9,0.0,0.0,0.0,0.0,0.0,0.0,0.0,0.0,0.0,29
677,677,68.9,0.0,0.0,0.0,0.0,0.0,0.0,0.0,0.0,0.0,29
678,678,0.0,0.0,0.0,0.0,0.0,0.0,0.0,0.0,0.0,0.0,29
679,679,0.0,0.0,0.0,0.0,0.0,0.0,0.0,0.0,0.0,0.0,29
680,680,0.0,0.0,0.0,0.0,0.0,0.0,0.0,0.0,0.0,0.0,29
681,681,0.0,0.0,0.0,0.0,0.0,0.0,0.0,0.0,0.0,0.0,29
682,682,0.0,0.0,0.0,0.0,0.0,0.0,0.0,0.0,0.0,0.0,29
683,683,68.9,0.0,0.0,0.0,0.0,0.0,0.0,0.0,0.0,0.0,29
684,684,68.9,0.0,0.0,0.0,0.0,0.0,0.0,0.0,0.0,0.0,29
685,685,68.9,0.0,0.0,0.0,0.0,0.0,0.0,0.0,0.0,0.0,29
686,686,68.9,0.0,0.0,0.0,0.0,0.0,0.0,0.0,0.0,0.0,29
687,687,0.0,0.0,0.0,0.0,0.0,0.0,0.0,0.0,0.0,0.0,29
688,688,0.0,0.0,0.0,0.0,0.0,0.0,0.0,0.0,0.0,0.0,29
689,689,0.0,0.0,0.0,0.0,0.0,0.0,0.0,0.0,0.0,0.0,29
690,690,0.0,0.0,0.0,0.0,0.0,0.0,0.0,0.0,0.0,0.0,29
691,691,0.0,0.0,0.0,0.0,0.0,0.0,0.0,0.0,0.0,0.0,29
692,692,0.0,0.0,0.0,0.0,0.0,0.0,0.0,0.0,0.0,0.0,29
693,693,0.0,0.0,0.0,0.0,0.0,0.0,0.0,0.0,0.0,0.0,29
694,694,68.9,0.0,0.0,0.0,0.0,0.0,0.0,0.0,0.0,0.0,29
695,695,68.9,0.0,0.0,0.0,0.0,0.0,0.0,0.0,0.0,0.0,29
696,696,68.9,0.0,0.0,0.0,0.0,0.0,0.0,0.0,0.0,0.0,30
697,697,68.9,0.0,0.0,0.0,0.0,0.0,0.0,0.0,0.0,0.0,30
698,698,0.0,0.0,0.0,0.0,0.0,0.0,0.0,0.0,0.0,0.0,30
699,699,0.0,0.0,0.0,0.0,0.0,0.0,0.0,0.0,0.0,0.0,30
700,700,0.0,0.0,0.0,0.0,0.0,0.0,0.0,0.0,0.0,0.0,30
701,701,68.9,0.0,0.0,0.0,0.0,0.0,0.0,0.0,0.0,0.0,30
702,702,68.9,0.0,0.0,0.0,0.0,0.0,0.0,0.0,0.0,0.0,30
703,703,68.9,0.0,0.0,0.0,0.0,0.0,0.0,0.0,0.0,0.0,30
704,704,68.9,0.0,0.0,0.0,0.0,0.0,0.0,0.0,0.0,0.0,30
705,705,0.0,0.0,0.0,0.0,0.0,0.0,0.0,0.0,0.0,0.0,30
706,706,0.0,0.0,0.0,0.0,0.0,0.0,0.0,0.0,0.0,0.0,30
707,707,0.0,0.0,0.0,0.0,0.0,0.0,0.0,0.0,0.0,0.0,30
708,708,0.0,0.0,0.0,0.0,0.0,0.0,0.0,0.0,0.0,0.0,30
709,709,68.9,0.0,0.0,0.0,0.0,0.0,0.0,0.0,0.0,0.0,30
710,710,68.9,0.0,0.0,0.0,0.0,0.0,0.0,0.0,0.0,0.0,30
711,711,68.9,0.0,0.0,0.0,0.0,0.0,0.0,0.0,0.0,0.0,30
712,712,68.9,0.0,0.0,0.0,0.0,0.0,0.0,0.0,0.0,0.0,30
713,713,0.0,0.0,0.0,0.0,0.0,0.0,0.0,0.0,0.0,0.0,30
714,714,0.0,0.0,0.0,0.0,0.0,0.0,0.0,0.0,0.0,0.0,30
715,715,68.9,0.0,0.0,0.0,0.0,0.0,0.0,0.0,0.0,0.0,30
716,716,68.9,0.0,0.0,0.0,0.0,0.0,0.0,0.0,0.0,0.0,30
717,717,68.9,0.0,0.0,0.0,0.0,0.0,0.0,0.0,0.0,0.0,30
718,718,68.9,0.0,0.0,0.0,0.0,0.0,0.0,0.0,0.0,0.0,30
719,719,0.0,0.0,0.0,0.0,0.0,0.0,0.0,0.0,0.0,0.0,30
0,0,68.9,0.0,0.0,0.0,0.0,0.0,0.0,0.0,0.0,0.0,1
1,1,68.9,0.0,0.0,0.0,0.0,0.0,0.0,0.0,0.0,0.0,1
2,2,68.9,0.0,0.0,0.0,0.0,0.0,0.0,0.0,0.0,0.0,1
3,3,68.9,0.0,0.0,0.0,0.0,0.0,0.0,0.0,0.0,0.0,1
4,4,0.0,0.0,0.0,0.0,0.0,0.0,0.0,0.0,0.0,0.0,1
5,5,0.0,0.0,0.0,0.0,0.0,0.0,0.0,0.0,0.0,0.0,1
6,6,68.9,0.0,0.0,0.0,0.0,0.0,0.0,0.0,0.0,0.0,1
7,7,68.9,0.0,0.0,0.0,0.0,0.0,0.0,0.0,0.0,0.0,1
8,8,68.9,0.0,0.0,0.0,0.0,0.0,0.0,0.0,0.0,0.0,1
9,9,68.9,0.0,0.0,0.0,0.0,0.0,0.0,0.0,0.0,0.0,1
10,10,0.0,0.0,0.0,0.0,0.0,0.0,0.0,0.0,0.0,0.0,1
11,11,0.0,0.0,0.0,0.0,0.0,0.0,0.0,0.0,0.0,0.0,1
12,12,68.9,0.0,0.0,0.0,0.0,0.0,0.0,0.0,0.0,0.0,1
13,13,68.9,0.0,0.0,0.0,0.0,0.0,0.0,0.0,0.0,0.0,1
14,14,68.9,0.0,0.0,0.0,0.0,0.0,0.0,0.0,0.0,0.0,1
15,15,68.9,0.0,0.0,0.0,0.0,0.0,0.0,0.0,0.0,0.0,1
16,16,0.0,0.0,0.0,0.0,0.0,0.0,0.0,0.0,0.0,0.0,1
17,17,0.0,0.0,0.0,0.0,0.0,0.0,0.0,0.0,0.0,0.0,1
18,18,0.0,0.0,0.0,0.0,0.0,0.0,0.0,0.0,0.0,0.0,1
19,19,0.0,0.0,0.0,0.0,0.0,0.0,0.0,0.0,0.0,0.0,1
20,20,0.0,0.0,0.0,0.0,0.0,0.0,0.0,0.0,0.0,0.0,1
21,21,68.9,0.0,0.0,0.0,0.0,0.0,0.0,0.0,0.0,0.0,1
22,22,68.9,0.0,0.0,0.0,0.0,0.0,0.0,0.0,0.0,0.0,1
23,23,68.9,0.0,0.0,0.0,0.0,0.0,0.0,0.0,0.0,0.0,1
24,24,68.9,0.0,0.0,0.0,0.0,0.0,0.0,0.0,0.0,0.0,2
25,25,0.0,0.0,0.0,0.0,0.0,0.0,0.0,0.0,0.0,0.0,2
26,26,0.0,0.0,0.0,0.0,0.0,0.0,0.0,0.0,0.0,0.0,2
27,27,0.0,0.0,0.0,0.0,0.0,0.0,0.0,0.0,0.0,0.0,2
28,28,0.0,0.0,0.0,0.0,0.0,0.0,0.0,0.0,0.0,0.0,2
29,29,68.9,0.0,0.0,0.0,0.0,0.0,0.0,0.0,0.0,0.0,2
30,30,68.9,0.0,0.0,0.0,0.0,0.0,0.0,0.0,0.0,0.0,2
31,31,68.9,0.0,0.0,0.0,0.0,0.0,0.0,0.0,0.0,0.0,2
32,32,68.9,0.0,0.0,0.0,0.0,0.0,0.0,0.0,0.0,0.0,2
33,33,0.0,0.0,0.0,0.0,0.0,0.0,0.0,0.0,0.0,0.0,2
34,34,68.9,0.0,0.0,0.0,0.0,0.0,0.0,0.0,0.0,0.0,2
35,35,68.9,0.0,0.0,0.0,0.0,0.0,0.0,0.0,0.0,0.0,2
36,36,68.9,0.0,0.0,0.0,0.0,0.0,0.0,0.0,0.0,0.0,2
37,37,68.9,0.0,0.0,0.0,0.0,0.0,0.0,0.0,0.0,0.0,2
38,38,0.0,0.0,0.0,0.0,0.0,0.0,0.0,0.0,0.0,0.0,2
39,39,0.0,0.0,0.0,0.0,0.0,0.0,0.0,0.0,0.0,0.0,2
40,40,0.0,0.0,0.0,0.0,0.0,0.0,0.0,0.0,0.0,0.0,2
41,41,0.0,0.0,0.0,0.0,0.0,0.0,0.0,0.0,0.0,0.0,2
42,42,0.0,0.0,0.0,0.0,0.0,0.0,0.0,0.0,0.0,0.0,2
43,43,0.0,0.0,0.0,0.0,0.0,0.0,0.0,0.0,0.0,0.0,2
44,44,68.9,0.0,0.0,0.0,0.0,0.0,0.0,0.0,0.0,0.0,2
45,45,68.9,0.0,0.0,0.0,0.0,0.0,0.0,0.0,0.0,0.0,2
46,46,68.9,0.0,0.0,0.0,0.0,0.0,0.0,0.0,0.0,0.0,2
47,47,68.9,0.0,0.0,0.0,0.0,0.0,0.0,0.0,0.0,0.0,2
48,48,0.0,0.0,0.0,0.0,0.0,0.0,0.0,0.0,0.0,0.0,3
49,49,68.9,0.0,0.0,0.0,0.0,0.0,0.0,0.0,0.0,0.0,3
50,50,68.9,0.0,0.0,0.0,0.0,0.0,0.0,0.0,0.0,0.0,3
51,51,68.9,0.0,0.0,0.0,0.0,0.0,0.0,0.0,0.0,0.0,3
52,52,68.9,0.0,0.0,0.0,0.0,0.0,0.0,0.0,0.0,0.0,3
53,53,0.0,0.0,0.0,0.0,0.0,0.0,0.0,0.0,0.0,0.0,3
54,54,68.9,0.0,0.0,0.0,0.0,0.0,0.0,0.0,0.0,0.0,3
55,55,68.9,0.0,0.0,0.0,0.0,0.0,0.0,0.0,0.0,0.0,3
56,56,68.9,0.0,0.0,0.0,0.0,0.0,0.0,0.0,0.0,0.0,3
57,57,68.9,0.0,0.0,0.0,0.0,0.0,0.0,0.0,0.0,0.0,3
58,58,0.0,0.0,0.0,0.0,0.0,0.0,0.0,0.0,0.0,0.0,3
59,59,0.0,0.0,0.0,0.0,0.0,0.0,0.0,0.0,0.0,0.0,3
60,60,0.0,0.0,0.0,0.0,0.0,0.0,0.0,0.0,0.0,0.0,3
61,61,68.9,0.0,0.0,0.0,0.0,0.0,0.0,0.0,0.0,0.0,3
62,62,68.9,0.0,0.0,0.0,0.0,0.0,0.0,0.0,0.0,0.0,3
63,63,68.9,0.0,0.0,0.0,0.0,0.0,0.0,0.0,0.0,0.0,3
64,64,68.9,0.0,0.0,0.0,0.0,0.0,0.0,0.0,0.0,0.0,3
65,65,0.0,0.0,0.0,0.0,0.0,0.0,0.0,0.0,0.0,0.0,3
66,66,68.9,0.0,0.0,0.0,0.0,0.0,0.0,0.0,0.0,0.0,3
67,67,68.9,0.0,0.0,0.0,0.0,0.0,0.0,0.0,0.0,0.0,3
68,68,68.9,0.0,0.0,0.0,0.0,0.0,0.0,0.0,0.0,0.0,3
69,69,68.9,0.0,0.0,0.0,0.0,0.0,0.0,0.0,0.0,0.0,3
70,70,0.0,0.0,0.0,0.0,0.0,0.0,0.0,0.0,0.0,0.0,3
71,71,0.0,0.0,0.0,0.0,0.0,0.0,0.0,0.0,0.0,0.0,3
72,72,0.0,0.0,0.0,0.0,0.0,0.0,0.0,0.0,0.0,0.0,4
73,73,0.0,0.0,0.0,0.0,0.0,0.0,0.0,0.0,0.0,0.0,4
74,74,0.0,0.0,0.0,0.0,0.0,0.0,0.0,0.0,0.0,0.0,4
75,75,0.0,0.0,0.0,0.0,0.0,0.0,0.0,0.0,0.0,0.0,4
76,76,0.0,0.0,0.0,0.0,0.0,0.0,0.0,0.0,0.0,0.0,4
77,77,0.0,0.0,0.0,0.0,0.0,0.0,0.0,0.0,0.0,0.0,4
78,78,0.0,0.0,0.0,0.0,0.0,0.0,0.0,0.0,0.0,0.0,4
79,79,68.9,0.0,0.0,0.0,0.0,0.0,0.0,0.0,0.0,0.0,4
80,80,68.9,0.0,0.0,0.0,0.0,0.0,0.0,0.0,0.0,0.0,4
81,81,68.9,0.0,0.0,0.0,0.0,0.0,0.0,0.0,0.0,0.0,4
82,82,68.9,0.0,0.0,0.0,0.0,0.0,0.0,0.0,0.0,0.0,4
83,83,0.0,0.0,0.0,0.0,0.0,0.0,0.0,0.0,0.0,0.0,4
84,84,0.0,0.0,0.0,0.0,0.0,0.0,0.0,0.0,0.0,0.0,4
85,85,0.0,0.0,0.0,0.0,0.0,0.0,0.0,0.0,0.0,0.0,4
86,86,68.9,0.0,0.0,0.0,0.0,0.0,0.0,0.0,0.0,0.0,4
87,87,68.9,0.0,0.0,0.0,0.0,0.0,0.0,0.0,0.0,0.0,4
88,88,68.9,0.0,0.0,0.0,0.0,0.0,0.0,0.0,0.0,0.0,4
89,89,68.9,0.0,0.0,0.0,0.0,0.0,0.0,0.0,0.0,0.0,4
90,90,0.0,0.0,0.0,0.0,0.0,0.0,0.0,0.0,0.0,0.0,4
91,91,0.0,0.0,0.0,0.0,0.0,0.0,0.0,0.0,0.0,0.0,4
92,92,68.9,0.0,0.0,0.0,0.0,0.0,0.0,0.0,0.0,0.0,4
93,93,68.9,0.0,0.0,0.0,0.0,0.0,0.0,0.0,0.0,0.0,4
94,94,68.9,0.0,0.0,0.0,0.0,0.0,0.0,0.0,0.0,0.0,4
95,95,68.9,0.0,0.0,0.0,0.0,0.0,0.0,0.0,0.0,0.0,4
96,96,0.0,0.0,0.0,0.0,0.0,0.0,0.0,0.0,0.0,0.0,5
97,97,0.0,0.0,0.0,0.0,0.0,0.0,0.0,0.0,0.0,0.0,5
98,98,0.0,0.0,0.0,0.0,0.0,0.0,0.0,0.0,0.0,0.0,5
99,99,68.9,0.0,0.0,0.0,0.0,0.0,0.0,0.0,0.0,0.0,5
100,100,68.9,0.0,0.0,0.0,0.0,0.0,0.0,0.0,0.0,0.0,5
101,101,68.9,0.0,0.0,0.0,0.0,0.0,0.0,0.0,0.0,0.0,5
102,102,68.9,0.0,0.0,0.0,0.0,0.0,0.0,0.0,0.0,0.0,5
103,103,0.0,0.0,0.0,0.0,0.0,0.0,0.0,0.0,0.0,0.0,5
104,104,0.0,0.0,0.0,0.0,0.0,0.0,0.0,0.0,0.0,0.0,5
105,105,0.0,0.0,0.0,0.0,0.0,0.0,0.0,0.0,0.0,0.0,5
106,106,0.0,0.0,0.0,0.0,0.0,0.0,0.0,0.0,0.0,0.0,5
107,107,0.0,0.0,0.0,0.0,0.0,0.0,0.0,0.0,0.0,0.0,5
108,108,68.9,0.0,0.0,0.0,0.0,0.0,0.0,0.0,0.0,0.0,5
109,109,68.9,0.0,0.0,0.0,0.0,0.0,0.0,0.0,0.0,0.0,5
110,110,68.9,0.0,0.0,0.0,0.0,0.0,0.0,0.0,0.0,0.0,5
111,111,68.9,0.0,0.0,0.0,0.0,0.0,0.0,0.0,0.0,0.0,5
112,112,0.0,0.0,0.0,0.0,0.0,0.0,0.0,0.0,0.0,0.0,5
113,113,0.0,0.0,0.0,0.0,0.0,0.0,0.0,0.0,0.0,0.0,5
114,114,0.0,0.0,0.0,0.0,0.0,0.0,0.0,0.0,0.0,0.0,5
115,115,0.0,0.0,0.0,0.0,0.0,0.0,0.0,0.0,0.0,0.0,5
116,116,68.9,0.0,0.0,0.0,0.0,0.0,0.0,0.0,0.0,0.0,5
117,117,68.9,0.0,0.0,0.0,0.0,0.0,0.0,0.0,0.0,0.0,5
118,118,68.9,0.0,0.0,0.0,0.0,0.0,0.0,0.0,0.0,0.0,5
119,119,68.9,0.0,0.0,0.0,0.0,0.0,0.0,0.0,0.0,0.0,5
120,120,0.0,0.0,0.0,0.0,0.0,0.0,0.0,0.0,0.0,0.0,6
121,121,68.9,0.0,0.0,0.0,0.0,0.0,0.0,0.0,0.0,0.0,6
122,122,68.9,0.0,0.0,0.0,0.0,0.0,0.0,0.0,0.0,0.0,6
123,123,68.9,0.0,0.0,0.0,0.0,0.0,0.0,0.0,0.0,0.0,6
124,124,68.9,0.0,0.0,0.0,0.0,0.0,0.0,0.0,0.0,0.0,6
125,125,0.0,0.0,0.0,0.0,0.0,0.0,0.0,0.0,0.0,0.0,6
126,126,0.0,0.0,0.0,0.0,0.0,0.0,0.0,0.0,0.0,0.0,6
127,127,68.9,0.0,0.0,0.0,0.0,0.0,0.0,0.0,0.0,0.0,6
128,128,68.9,0.0,0.0,0.0,0.0,0.0,0.0,0.0,0.0,0.0,6
129,129,68.9,0.0,0.0,0.0,0.0,0.0,0.0,0.0,0.0,0.0,6
130,130,68.9,0.0,0.0,0.0,0.0,0.0,0.0,0.0,0.0,0.0,6
131,131,0.0,0.0,0.0,0.0,0.0,0.0,0.0,0.0,0.0,0.0,6
132,132,0.0,0.0,0.0,0.0,0.0,0.0,0.0,0.0,0.0,0.0,6
133,133,0.0,0.0,0.0,0.0,0.0,0.0,0.0,0.0,0.0,0.0,6
134,134,0.0,0.0,0.0,0.0,0.0,0.0,0.0,0.0,0.0,0.0,6
135,135,0.0,0.0,0.0,0.0,0.0,0.0,0.0,0.0,0.0,0.0,6
136,136,0.0,0.0,0.0,0.0,0.0,0.0,0.0,0.0,0.0,0.0,6
137,137,0.0,0.0,0.0,0.0,0.0,0.0,0.0,0.0,0.0,0.0,6
138,138,0.0,0.0,0.0,0.0,0.0,0.0,0.0,0.0,0.0,0.0,6
139,139,0.0,0.0,0.0,0.0,0.0,0.0,0.0,0.0,0.0,0.0,6
140,140,68.9,0.0,0.0,0.0,0.0,0.0,0.0,0.0,0.0,0.0,6
141,141,68.9,0.0,0.0,0.0,0.0,0.0,0.0,0.0,0.0,0.0,6
142,142,68.9,0.0,0.0,0.0,0.0,0.0,0.0,0.0,0.0,0.0,6
143,143,68.9,0.0,0.0,0.0,0.0,0.0,0.0,0.0,0.0,0.0,6
144,144,0.0,0.0,0.0,0.0,0.0,0.0,0.0,0.0,0.0,0.0,7
145,145,0.0,0.0,0.0,0.0,0.0,0.0,0.0,0.0,0.0,0.0,7
146,146,0.0,0.0,0.0,0.0,0.0,0.0,0.0,0.0,0.0,0.0,7
147,147,0.0,0.0,0.0,0.0,0.0,0.0,0.0,0.0,0.0,0.0,7
148,148,0.0,0.0,0.0,0.0,0.0,0.0,0.0,0.0,0.0,0.0,7
149,149,68.9,0.0,0.0,0.0,0.0,0.0,0.0,0.0,0.0,0.0,7
150,150,68.9,0.0,0.0,0.0,0.0,0.0,0.0,0.0,0.0,0.0,7
151,151,68.9,0.0,0.0,0.0,0.0,0.0,0.0,0.0,0.0,0.0,7
152,152,68.9,0.0,0.0,0.0,0.0,0.0,0.0,0.0,0.0,0.0,7
153,153,0.0,0.0,0.0,0.0,0.0,0.0,0.0,0.0,0.0,0.0,7
154,154,0.0,0.0,0.0,0.0,0.0,0.0,0.0,0.0,0.0,0.0,7
155,155,68.9,0.0,0.0,0.0,0.0,0.0,0.0,0.0,0.0,0.0,7
156,156,68.9,0.0,0.0,0.0,0.0,0.0,0.0,0.0,0.0,0.0,7
157,157,68.9,0.0,0.0,0.0,0.0,0.0,0.0,0.0,0.0,0.0,7
158,158,68.9,0.0,0.0,0.0,0.0,0.0,0.0,0.0,0.0,0.0,7
159,159,0.0,0.0,0.0,0.0,0.0,0.0,0.0,0.0,0.0,0.0,7
160,160,0.0,0.0,0.0,0.0,0.0,0.0,0.0,0.0,0.0,0.0,7
161,161,0.0,0.0,0.0,0.0,0.0,0.0,0.0,0.0,0.0,0.0,7
162,162,0.0,0.0,0.0,0.0,0.0,0.0,0.0,0.0,0.0,0.0,7
163,163,0.0,0.0,0.0,0.0,0.0,0.0,0.0,0.0,0.0,0.0,7
164,164,0.0,0.0,0.0,0.0,0.0,0.0,0.0,0.0,0.0,0.0,7
165,165,0.0,0.0,0.0,0.0,0.0,0.0,0.0,0.0,0.0,0.0,7
166,166,0.0,0.0,0.0,0.0,0.0,0.0,0.0,0.0,0.0,0.0,7
167,167,0.0,0.0,0.0,0.0,0.0,0.0,0.0,0.0,0.0,0.0,7
168,168,0.0,0.0,0.0,0.0,0.0,0.0,0.0,0.0,0.0,0.0,8
169,169,68.9,0.0,0.0,0.0,0.0,0.0,0.0,0.0,0.0,0.0,8
170,170,68.9,0.0,0.0,0.0,0.0,0.0,0.0,0.0,0.0,0.0,8
171,171,68.9,0.0,0.0,0.0,0.0,0.0,0.0,0.0,0.0,0.0,8
172,172,68.9,0.0,0.0,0.0,0.0,0.0,0.0,0.0,0.0,0.0,8
173,173,0.0,0.0,0.0,0.0,0.0,0.0,0.0,0.0,0.0,0.0,8
174,174,0.0,0.0,0.0,0.0,0.0,0.0,0.0,0.0,0.0,0.0,8
175,175,0.0,0.0,0.0,0.0,0.0,0.0,0.0,0.0,0.0,0.0,8
176,176,0.0,0.0,0.0,0.0,0.0,0.0,0.0,0.0,0.0,0.0,8
177,177,0.0,0.0,0.0,0.0,0.0,0.0,0.0,0.0,0.0,0.0,8
178,178,0.0,0.0,0.0,0.0,0.0,0.0,0.0,0.0,0.0,0.0,8
179,179,0.0,0.0,0.0,0.0,0.0,0.0,0.0,0.0,0.0,0.0,8
180,180,0.0,0.0,0.0,0.0,0.0,0.0,0.0,0.0,0.0,0.0,8
181,181,0.0,0.0,0.0,0.0,0.0,0.0,0.0,0.0,0.0,0.0,8
182,182,0.0,0.0,0.0,0.0,0.0,0.0,0.0,0.0,0.0,0.0,8
183,183,0.0,0.0,0.0,0.0,0.0,0.0,0.0,0.0,0.0,0.0,8
184,184,68.9,0.0,0.0,0.0,0.0,0.0,0.0,0.0,0.0,0.0,8
185,185,68.9,0.0,0.0,0.0,0.0,0.0,0.0,0.0,0.0,0.0,8
186,186,68.9,0.0,0.0,0.0,0.0,0.0,0.0,0.0,0.0,0.0,8
187,187,68.9,0.0,0.0,0.0,0.0,0.0,0.0,0.0,0.0,0.0,8
188,188,0.0,0.0,0.0,0.0,0.0,0.0,0.0,0.0,0.0,0.0,8
189,189,0.0,0.0,0.0,0.0,0.0,0.0,0.0,0.0,0.0,0.0,8
190,190,0.0,0.0,0.0,0.0,0.0,0.0,0.0,0.0,0.0,0.0,8
191,191,68.9,0.0,0.0,0.0,0.0,0.0,0.0,0.0,0.0,0.0,8
192,192,68.9,0.0,0.0,0.0,0.0,0.0,0.0,0.0,0.0,0.0,9
193,193,68.9,0.0,0.0,0.0,0.0,0.0,0.0,0.0,0.0,0.0,9
194,194,68.9,0.0,0.0,0.0,0.0,0.0,0.0,0.0,0.0,0.0,9
195,195,0.0,0.0,0.0,0.0,0.0,0.0,0.0,0.0,0.0,0.0,9
196,196,68.9,0.0,0.0,0.0,0.0,0.0,0.0,0.0,0.0,0.0,9
197,197,68.9,0.0,0.0,0.0,0.0,0.0,0.0,0.0,0.0,0.0,9
198,198,68.9,0.0,0.0,0.0,0.0,0.0,0.0,0.0,0.0,0.0,9
199,199,68.9,0.0,0.0,0.0,0.0,0.0,0.0,0.0,0.0,0.0,9
200,200,0.0,0.0,0.0,0.0,0.0,0.0,0.0,0.0,0.0,0.0,9
201,201,0.0,0.0,0.0,0.0,0.0,0.0,0.0,0.0,0.0,0.0,9
202,202,0.0,0.0,0.0,0.0,0.0,0.0,0.0,0.0,0.0,0.0,9
203,203,0.0,0.0,0.0,0.0,0.0,0.0,0.0,0.0,0.0,0.0,9
204,204,0.0,0.0,0.0,0.0,0.0,0.0,0.0,0.0,0.0,0.0,9
205,205,0.0,0.0,0.0,0.0,0.0,0.0,0.0,0.0,0.0,0.0,9
206,206,0.0,0.0,0.0,0.0,0.0,0.0,0.0,0.0,0.0,0.0,9
207,207,0.0,0.0,0.0,0.0,0.0,0.0,0.0,0.0,0.0,0.0,9
208,208,0.0,0.0,0.0,0.0,0.0,0.0,0.0,0.0,0.0,0.0,9
209,209,0.0,0.0,0.0,0.0,0.0,0.0,0.0,0.0,0.0,0.0,9
210,210,68.9,0.0,0.0,0.0,0.0,0.0,0.0,0.0,0.0,0.0,9
211,211,68.9,0.0,0.0,0.0,0.0,0.0,0.0,0.0,0.0,0.0,9
212,212,68.9,0.0,0.0,0.0,0.0,0.0,0.0,0.0,0.0,0.0,9
213,213,68.9,0.0,0.0,0.0,0.0,0.0,0.0,0.0,0.0,0.0,9
214,214,0.0,0.0,0.0,0.0,0.0,0.0,0.0,0.0,0.0,0.0,9
215,215,0.0,0.0,0.0,0.0,0.0,0.0,0.0,0.0,0.0,0.0,9
216,216,0.0,0.0,0.0,0.0,0.0,0.0,0.0,0.0,0.0,0.0,10
217,217,0.0,0.0,0.0,0.0,0.0,0.0,0.0,0.0,0.0,0.0,10
218,218,0.0,0.0,0.0,0.0,0.0,0.0,0.0,0.0,0.0,0.0,10
219,219,0.0,0.0,0.0,0.0,0.0,0.0,0.0,0.0,0.0,0.0,10
220,220,0.0,0.0,0.0,0.0,0.0,0.0,0.0,0.0,0.0,0.0,10
221,221,0.0,0.0,0.0,0.0,0.0,0.0,0.0,0.0,0.0,0.0,10
222,222,0.0,0.0,0.0,0.0,0.0,0.0,0.0,0.0,0.0,0.0,10
223,223,0.0,0.0,0.0,0.0,0.0,0.0,0.0,0.0,0.0,0.0,10
224,224,0.0,0.0,0.0,0.0,0.0,0.0,0.0,0.0,0.0,0.0,10
225,225,0.0,0.0,0.0,0.0,0.0,0.0,0.0,0.0,0.0,0.0,10
226,226,0.0,0.0,0.0,0.0,0.0,0.0,0.0,0.0,0.0,0.0,10
227,227,68.9,0.0,0.0,0.0,0.0,0.0,0.0,0.0,0.0,0.0,10
228,228,68.9,0.0,0.0,0.0,0.0,0.0,0.0,0.0,0.0,0.0,10
229,229,68.9,0.0,0.0,0.0,0.0,0.0,0.0,0.0,0.0,0.0,10
230,230,68.9,0.0,0.0,0.0,0.0,0.0,0.0,0.0,0.0,0.0,10
231,231,0.0,0.0,0.0,0.0,0.0,0.0,0.0,0.0,0.0,0.0,10
232,232,0.0,0.0,0.0,0.0,0.0,0.0,0.0,0.0,0.0,0.0,10
233,233,0.0,0.0,0.0,0.0,0.0,0.0,0.0,0.0,0.0,0.0,10
234,234,0.0,0.0,0.0,0.0,0.0,0.0,0.0,0.0,0.0,0.0,10
235,235,68.9,0.0,0.0,0.0,0.0,0.0,0.0,0.0,0.0,0.0,10
236,236,68.9,0.0,0.0,0.0,0.0,0.0,0.0,0.0,0.0,0.0,10
237,237,68.9,0.0,0.0,0.0,0.0,0.0,0.0,0.0,0.0,0.0,10
238,238,68.9,0.0,0.0,0.0,0.0,0.0,0.0,0.0,0.0,0.0,10
239,239,0.0,0.0,0.0,0.0,0.0,0.0,0.0,0.0,0.0,0.0,10
240,240,68.9,0.0,0.0,0.0,0.0,0.0,0.0,0.0,0.0,0.0,11
241,241,68.9,0.0,0.0,0.0,0.0,0.0,0.0,0.0,0.0,0.0,11
242,242,68.9,0.0,0.0,0.0,0.0,0.0,0.0,0.0,0.0,0.0,11
243,243,68.9,0.0,0.0,0.0,0.0,0.0,0.0,0.0,0.0,0.0,11
244,244,0.0,0.0,0.0,0.0,0.0,0.0,0.0,0.0,0.0,0.0,11
245,245,68.9,0.0,0.0,0.0,0.0,0.0,0.0,0.0,0.0,0.0,11
246,246,68.9,0.0,0.0,0.0,0.0,0.0,0.0,0.0,0.0,0.0,11
247,247,68.9,0.0,0.0,0.0,0.0,0.0,0.0,0.0,0.0,0.0,11
248,248,68.9,0.0,0.0,0.0,0.0,0.0,0.0,0.0,0.0,0.0,11
249,249,0.0,0.0,0.0,0.0,0.0,0.0,0.0,0.0,0.0,0.0,11
250,250,68.9,0.0,0.0,0.0,0.0,0.0,0.0,0.0,0.0,0.0,11
251,251,68.9,0.0,0.0,0.0,0.0,0.0,0.0,0.0,0.0,0.0,11
252,252,68.9,0.0,0.0,0.0,0.0,0.0,0.0,0.0,0.0,0.0,11
253,253,68.9,0.0,0.0,0.0,0.0,0.0,0.0,0.0,0.0,0.0,11
254,254,0.0,0.0,0.0,0.0,0.0,0.0,0.0,0.0,0.0,0.0,11
255,255,0.0,0.0,0.0,0.0,0.0,0.0,0.0,0.0,0.0,0.0,11
256,256,0.0,0.0,0.0,0.0,0.0,0.0,0.0,0.0,0.0,0.0,11
257,257,0.0,0.0,0.0,0.0,0.0,0.0,0.0,0.0,0.0,0.0,11
258,258,0.0,0.0,0.0,0.0,0.0,0.0,0.0,0.0,0.0,0.0,11
259,259,0.0,0.0,0.0,0.0,0.0,0.0,0.0,0.0,0.0,0.0,11
260,260,0.0,0.0,0.0,0.0,0.0,0.0,0.0,0.0,0.0,0.0,11
261,261,0.0,0.0,0.0,0.0,0.0,0.0,0.0,0.0,0.0,0.0,11
262,262,0.0,0.0,0.0,0.0,0.0,0.0,0.0,0.0,0.0,0.0,11
263,263,0.0,0.0,0.0,0.0,0.0,0.0,0.0,0.0,0.0,0.0,11
264,264,68.9,0.0,0.0,0.0,0.0,0.0,0.0,0.0,0.0,0.0,12
265,265,68.9,0.0,0.0,0.0,0.0,0.0,0.0,0.0,0.0,0.0,12
266,266,68.9,0.0,0.0,0.0,0.0,0.0,0.0,0.0,0.0,0.0,12
267,267,68.9,0.0,0.0,0.0,0.0,0.0,0.0,0.0,0.0,0.0,12
268,268,0.0,0.0,0.0,0.0,0.0,0.0,0.0,0.0,0.0,0.0,12
269,269,0.0,0.0,0.0,0.0,0.0,0.0,0.0,0.0,0.0,0.0,12
270,270,0.0,0.0,0.0,0.0,0.0,0.0,0.0,0.0,0.0,0.0,12
271,271,68.9,0.0,0.0,0.0,0.0,0.0,0.0,0.0,0.0,0.0,12
272,272,68.9,0.0,0.0,0.0,0.0,0.0,0.0,0.0,0.0,0.0,12
273,273,68.9,0.0,0.0,0.0,0.0,0.0,0.0,0.0,0.0,0.0,12
274,274,68.9,0.0,0.0,0.0,0.0,0.0,0.0,0.0,0.0,0.0,12
275,275,0.0,0.0,0.0,0.0,0.0,0.0,0.0,0.0,0.0,0.0,12
276,276,68.9,0.0,0.0,0.0,0.0,0.0,0.0,0.0,0.0,0.0,12
277,277,68.9,0.0,0.0,0.0,0.0,0.0,0.0,0.0,0.0,0.0,12
278,278,68.9,0.0,0.0,0.0,0.0,0.0,0.0,0.0,0.0,0.0,12
279,279,68.9,0.0,0.0,0.0,0.0,0.0,0.0,0.0,0.0,0.0,12
280,280,0.0,0.0,0.0,0.0,0.0,0.0,0.0,0.0,0.0,0.0,12
281,281,0.0,0.0,0.0,0.0,0.0,0.0,0.0,0.0,0.0,0.0,12
282,282,0.0,0.0,0.0,0.0,0.0,0.0,0.0,0.0,0.0,0.0,12
283,283,0.0,0.0,0.0,0.0,0.0,0.0,0.0,0.0,0.0,0.0,12
284,284,0.0,0.0,0.0,0.0,0.0,0.0,0.0,0.0,0.0,0.0,12
285,285,0.0,0.0,0.0,0.0,0.0,0.0,0.0,0.0,0.0,0.0,12
286,286,0.0,0.0,0.0,0.0,0.0,0.0,0.0,0.0,0.0,0.0,12
287,287,0.0,0.0,0.0,0.0,0.0,0.0,0.0,0.0,0.0,0.0,12
288,288,68.9,0.0,0.0,0.0,0.0,0.0,0.0,0.0,0.0,0.0,13
289,289,68.9,0.0,0.0,0.0,0.0,0.0,0.0,0.0,0.0,0.0,13
290,290,68.9,0.0,0.0,0.0,0.0,0.0,0.0,0.0,0.0,0.0,13
291,291,68.9,0.0,0.0,0.0,0.0,0.0,0.0,0.0,0.0,0.0,13
292,292,0.0,0.0,0.0,0.0,0.0,0.0,0.0,0.0,0.0,0.0,13
293,293,68.9,0.0,0.0,0.0,0.0,0.0,0.0,0.0,0.0,0.0,13
294,294,68.9,0.0,0.0,0.0,0.0,0.0,0.0,0.0,0.0,0.0,13
295,295,68.9,0.0,0.0,0.0,0.0,0.0,0.0,0.0,0.0,0.0,13
296,296,68.9,0.0,0.0,0.0,0.0,0.0,0.0,0.0,0.0,0.0,13
297,297,0.0,0.0,0.0,0.0,0.0,0.0,0.0,0.0,0.0,0.0,13
298,298,0.0,0.0,0.0,0.0,0.0,0.0,0.0,0.0,0.0,0.0,13
299,299,0.0,0.0,0.0,0.0,0.0,0.0,0.0,0.0,0.0,0.0,13
300,300,0.0,0.0,0.0,0.0,0.0,0.0,0.0,0.0,0.0,0.0,13
301,301,0.0,0.0,0.0,0.0,0.0,0.0,0.0,0.0,0.0,0.0,13
302,302,0.0,0.0,0.0,0.0,0.0,0.0,0.0,0.0,0.0,0.0,13
303,303,0.0,0.0,0.0,0.0,0.0,0.0,0.0,0.0,0.0,0.0,13
304,304,0.0,0.0,0.0,0.0,0.0,0.0,0.0,0.0,0.0,0.0,13
305,305,0.0,0.0,0.0,0.0,0.0,0.0,0.0,0.0,0.0,0.0,13
306,306,0.0,0.0,0.0,0.0,0.0,0.0,0.0,0.0,0.0,0.0,13
307,307,0.0,0.0,0.0,0.0,0.0,0.0,0.0,0.0,0.0,0.0,13
308,308,0.0,0.0,0.0,0.0,0.0,0.0,0.0,0.0,0.0,0.0,13
309,309,68.9,0.0,0.0,0.0,0.0,0.0,0.0,0.0,0.0,0.0,13
310,310,68.9,0.0,0.0,0.0,0.0,0.0,0.0,0.0,0.0,0.0,13
311,311,68.9,0.0,0.0,0.0,0.0,0.0,0.0,0.0,0.0,0.0,13
312,312,68.9,0.0,0.0,0.0,0.0,0.0,0.0,0.0,0.0,0.0,14
313,313,0.0,0.0,0.0,0.0,0.0,0.0,0.0,0.0,0.0,0.0,14
314,314,68.9,0.0,0.0,0.0,0.0,0.0,0.0,0.0,0.0,0.0,14
315,315,68.9,0.0,0.0,0.0,0.0,0.0,0.0,0.0,0.0,0.0,14
316,316,68.9,0.0,0.0,0.0,0.0,0.0,0.0,0.0,0.0,0.0,14
317,317,68.9,0.0,0.0,0.0,0.0,0.0,0.0,0.0,0.0,0.0,14
318,318,0.0,0.0,0.0,0.0,0.0,0.0,0.0,0.0,0.0,0.0,14
319,319,0.0,0.0,0.0,0.0,0.0,0.0,0.0,0.0,0.0,0.0,14
320,320,68.9,0.0,0.0,0.0,0.0,0.0,0.0,0.0,0.0,0.0,14
321,321,68.9,0.0,0.0,0.0,0.0,0.0,0.0,0.0,0.0,0.0,14
322,322,68.9,0.0,0.0,0.0,0.0,0.0,0.0,0.0,0.0,0.0,14
323,323,68.9,0.0,0.0,0.0,0.0,0.0,0.0,0.0,0.0,0.0,14
324,324,0.0,0.0,0.0,0.0,0.0,0.0,0.0,0.0,0.0,0.0,14
325,325,0.0,0.0,0.0,0.0,0.0,0.0,0.0,0.0,0.0,0.0,14
326,326,68.9,0.0,0.0,0.0,0.0,0.0,0.0,0.0,0.0,0.0,14
327,327,68.9,0.0,0.0,0.0,0.0,0.0,0.0,0.0,0.0,0.0,14
328,328,68.9,0.0,0.0,0.0,0.0,0.0,0.0,0.0,0.0,0.0,14
329,329,68.9,0.0,0.0,0.0,0.0,0.0,0.0,0.0,0.0,0.0,14
330,330,0.0,0.0,0.0,0.0,0.0,0.0,0.0,0.0,0.0,0.0,14
331,331,0.0,0.0,0.0,0.0,0.0,0.0,0.0,0.0,0.0,0.0,14
332,332,0.0,0.0,0.0,0.0,0.0,0.0,0.0,0.0,0.0,0.0,14
333,333,0.0,0.0,0.0,0.0,0.0,0.0,0.0,0.0,0.0,0.0,14
334,334,0.0,0.0,0.0,0.0,0.0,0.0,0.0,0.0,0.0,0.0,14
335,335,0.0,0.0,0.0,0.0,0.0,0.0,0.0,0.0,0.0,0.0,14
336,336,0.0,0.0,0.0,0.0,0.0,0.0,0.0,0.0,0.0,0.0,15
337,337,0.0,0.0,0.0,0.0,0.0,0.0,0.0,0.0,0.0,0.0,15
338,338,0.0,0.0,0.0,0.0,0.0,0.0,0.0,0.0,0.0,0.0,15
339,339,0.0,0.0,0.0,0.0,0.0,0.0,0.0,0.0,0.0,0.0,15
340,340,68.9,0.0,0.0,0.0,0.0,0.0,0.0,0.0,0.0,0.0,15
341,341,68.9,0.0,0.0,0.0,0.0,0.0,0.0,0.0,0.0,0.0,15
342,342,68.9,0.0,0.0,0.0,0.0,0.0,0.0,0.0,0.0,0.0,15
343,343,68.9,0.0,0.0,0.0,0.0,0.0,0.0,0.0,0.0,0.0,15
344,344,0.0,0.0,0.0,0.0,0.0,0.0,0.0,0.0,0.0,0.0,15
345,345,0.0,0.0,0.0,0.0,0.0,0.0,0.0,0.0,0.0,0.0,15
346,346,0.0,0.0,0.0,0.0,0.0,0.0,0.0,0.0,0.0,0.0,15
347,347,0.0,0.0,0.0,0.0,0.0,0.0,0.0,0.0,0.0,0.0,15
348,348,0.0,0.0,0.0,0.0,0.0,0.0,0.0,0.0,0.0,0.0,15
349,349,0.0,0.0,0.0,0.0,0.0,0.0,0.0,0.0,0.0,0.0,15
350,350,0.0,0.0,0.0,0.0,0.0,0.0,0.0,0.0,0.0,0.0,15
351,351,0.0,0.0,0.0,0.0,0.0,0.0,0.0,0.0,0.0,0.0,15
352,352,0.0,0.0,0.0,0.0,0.0,0.0,0.0,0.0,0.0,0.0,15
353,353,0.0,0.0,0.0,0.0,0.0,0.0,0.0,0.0,0.0,0.0,15
354,354,0.0,0.0,0.0,0.0,0.0,0.0,0.0,0.0,0.0,0.0,15
355,355,0.0,0.0,0.0,0.0,0.0,0.0,0.0,0.0,0.0,0.0,15
356,356,0.0,0.0,0.0,0.0,0.0,0.0,0.0,0.0,0.0,0.0,15
357,357,68.9,0.0,0.0,0.0,0.0,0.0,0.0,0.0,0.0,0.0,15
358,358,68.9,0.0,0.0,0.0,0.0,0.0,0.0,0.0,0.0,0.0,15
359,359,68.9,0.0,0.0,0.0,0.0,0.0,0.0,0.0,0.0,0.0,15
360,360,68.9,0.0,0.0,0.0,0.0,0.0,0.0,0.0,0.0,0.0,16
361,361,0.0,0.0,0.0,0.0,0.0,0.0,0.0,0.0,0.0,0.0,16
362,362,0.0,0.0,0.0,0.0,0.0,0.0,0.0,0.0,0.0,0.0,16
363,363,0.0,0.0,0.0,0.0,0.0,0.0,0.0,0.0,0.0,0.0,16
364,364,0.0,0.0,0.0,0.0,0.0,0.0,0.0,0.0,0.0,0.0,16
365,365,0.0,0.0,0.0,0.0,0.0,0.0,0.0,0.0,0.0,0.0,16
366,366,0.0,0.0,0.0,0.0,0.0,0.0,0.0,0.0,0.0,0.0,16
367,367,0.0,0.0,0.0,0.0,0.0,0.0,0.0,0.0,0.0,0.0,16
368,368,0.0,0.0,0.0,0.0,0.0,0.0,0.0,0.0,0.0,0.0,16
369,369,68.9,0.0,0.0,0.0,0.0,0.0,0.0,0.0,0.0,0.0,16
370,370,68.9,0.0,0.0,0.0,0.0,0.0,0.0,0.0,0.0,0.0,16
371,371,68.9,0.0,0.0,0.0,0.0,0.0,0.0,0.0,0.0,0.0,16
372,372,68.9,0.0,0.0,0.0,0.0,0.0,0.0,0.0,0.0,0.0,16
373,373,0.0,0.0,0.0,0.0,0.0,0.0,0.0,0.0,0.0,0.0,16
374,374,0.0,0.0,0.0,0.0,0.0,0.0,0.0,0.0,0.0,0.0,16
375,375,68.9,0.0,0.0,0.0,0.0,0.0,0.0,0.0,0.0,0.0,16
376,376,68.9,0.0,0.0,0.0,0.0,0.0,0.0,0.0,0.0,0.0,16
377,377,68.9,0.0,0.0,0.0,0.0,0.0,0.0,0.0,0.0,0.0,16
378,378,68.9,0.0,0.0,0.0,0.0,0.0,0.0,0.0,0.0,0.0,16
379,379,0.0,0.0,0.0,0.0,0.0,0.0,0.0,0.0,0.0,0.0,16
380,380,0.0,0.0,0.0,0.0,0.0,0.0,0.0,0.0,0.0,0.0,16
381,381,0.0,0.0,0.0,0.0,0.0,0.0,0.0,0.0,0.0,0.0,16
382,382,0.0,0.0,0.0,0.0,0.0,0.0,0.0,0.0,0.0,0.0,16
383,383,0.0,0.0,0.0,0.0,0.0,0.0,0.0,0.0,0.0,0.0,16
384,384,0.0,0.0,0.0,0.0,0.0,0.0,0.0,0.0,0.0,0.0,17
385,385,0.0,0.0,0.0,0.0,0.0,0.0,0.0,0.0,0.0,0.0,17
386,386,0.0,0.0,0.0,0.0,0.0,0.0,0.0,0.0,0.0,0.0,17
387,387,0.0,0.0,0.0,0.0,0.0,0.0,0.0,0.0,0.0,0.0,17
388,388,0.0,0.0,0.0,0.0,0.0,0.0,0.0,0.0,0.0,0.0,17
389,389,0.0,0.0,0.0,0.0,0.0,0.0,0.0,0.0,0.0,0.0,17
390,390,0.0,0.0,0.0,0.0,0.0,0.0,0.0,0.0,0.0,0.0,17
391,391,0.0,0.0,0.0,0.0,0.0,0.0,0.0,0.0,0.0,0.0,17
392,392,0.0,0.0,0.0,0.0,0.0,0.0,0.0,0.0,0.0,0.0,17
393,393,0.0,0.0,0.0,0.0,0.0,0.0,0.0,0.0,0.0,0.0,17
394,394,0.0,0.0,0.0,0.0,0.0,0.0,0.0,0.0,0.0,0.0,17
395,395,0.0,0.0,0.0,0.0,0.0,0.0,0.0,0.0,0.0,0.0,17
396,396,0.0,0.0,0.0,0.0,0.0,0.0,0.0,0.0,0.0,0.0,17
397,397,0.0,0.0,0.0,0.0,0.0,0.0,0.0,0.0,0.0,0.0,17
398,398,0.0,0.0,0.0,0.0,0.0,0.0,0.0,0.0,0.0,0.0,17
399,399,0.0,0.0,0.0,0.0,0.0,0.0,0.0,0.0,0.0,0.0,17
400,400,68.9,0.0,0.0,0.0,0.0,0.0,0.0,0.0,0.0,0.0,17
401,401,68.9,0.0,0.0,0.0,0.0,0.0,0.0,0.0,0.0,0.0,17
402,402,68.9,0.0,0.0,0.0,0.0,0.0,0.0,0.0,0.0,0.0,17
403,403,68.9,0.0,0.0,0.0,0.0,0.0,0.0,0.0,0.0,0.0,17
404,404,0.0,0.0,0.0,0.0,0.0,0.0,0.0,0.0,0.0,0.0,17
405,405,0.0,0.0,0.0,0.0,0.0,0.0,0.0,0.0,0.0,0.0,17
406,406,0.0,0.0,0.0,0.0,0.0,0.0,0.0,0.0,0.0,0.0,17
407,407,0.0,0.0,0.0,0.0,0.0,0.0,0.0,0.0,0.0,0.0,17
408,408,0.0,0.0,0.0,0.0,0.0,0.0,0.0,0.0,0.0,0.0,18
409,409,68.9,0.0,0.0,0.0,0.0,0.0,0.0,0.0,0.0,0.0,18
410,410,68.9,0.0,0.0,0.0,0.0,0.0,0.0,0.0,0.0,0.0,18
411,411,68.9,0.0,0.0,0.0,0.0,0.0,0.0,0.0,0.0,0.0,18
412,412,68.9,0.0,0.0,0.0,0.0,0.0,0.0,0.0,0.0,0.0,18
413,413,0.0,0.0,0.0,0.0,0.0,0.0,0.0,0.0,0.0,0.0,18
414,414,0.0,0.0,0.0,0.0,0.0,0.0,0.0,0.0,0.0,0.0,18
415,415,0.0,0.0,0.0,0.0,0.0,0.0,0.0,0.0,0.0,0.0,18
416,416,0.0,0.0,0.0,0.0,0.0,0.0,0.0,0.0,0.0,0.0,18
417,417,0.0,0.0,0.0,0.0,0.0,0.0,0.0,0.0,0.0,0.0,18
418,418,0.0,0.0,0.0,0.0,0.0,0.0,0.0,0.0,0.0,0.0,18
419,419,0.0,0.0,0.0,0.0,0.0,0.0,0.0,0.0,0.0,0.0,18
420,420,0.0,0.0,0.0,0.0,0.0,0.0,0.0,0.0,0.0,0.0,18
421,421,0.0,0.0,0.0,0.0,0.0,0.0,0.0,0.0,0.0,0.0,18
422,422,0.0,0.0,0.0,0.0,0.0,0.0,0.0,0.0,0.0,0.0,18
423,423,0.0,0.0,0.0,0.0,0.0,0.0,0.0,0.0,0.0,0.0,18
424,424,0.0,0.0,0.0,0.0,0.0,0.0,0.0,0.0,0.0,0.0,18
425,425,0.0,0.0,0.0,0.0,0.0,0.0,0.0,0.0,0.0,0.0,18
426,426,0.0,0.0,0.0,0.0,0.0,0.0,0.0,0.0,0.0,0.0,18
427,427,0.0,0.0,0.0,0.0,0.0,0.0,0.0,0.0,0.0,0.0,18
428,428,0.0,0.0,0.0,0.0,0.0,0.0,0.0,0.0,0.0,0.0,18
429,429,0.0,0.0,0.0,0.0,0.0,0.0,0.0,0.0,0.0,0.0,18
430,430,68.9,0.0,0.0,0.0,0.0,0.0,0.0,0.0,0.0,0.0,18
431,431,68.9,0.0,0.0,0.0,0.0,0.0,0.0,0.0,0.0,0.0,18
432,432,68.9,0.0,0.0,0.0,0.0,0.0,0.0,0.0,0.0,0.0,19
433,433,68.9,0.0,0.0,0.0,0.0,0.0,0.0,0.0,0.0,0.0,19
434,434,0.0,0.0,0.0,0.0,0.0,0.0,0.0,0.0,0.0,0.0,19
435,435,0.0,0.0,0.0,0.0,0.0,0.0,0.0,0.0,0.0,0.0,19
436,436,0.0,0.0,0.0,0.0,0.0,0.0,0.0,0.0,0.0,0.0,19
437,437,0.0,0.0,0.0,0.0,0.0,0.0,0.0,0.0,0.0,0.0,19
438,438,0.0,0.0,0.0,0.0,0.0,0.0,0.0,0.0,0.0,0.0,19
439,439,0.0,0.0,0.0,0.0,0.0,0.0,0.0,0.0,0.0,0.0,19
440,440,0.0,0.0,0.0,0.0,0.0,0.0,0.0,0.0,0.0,0.0,19
441,441,68.9,0.0,0.0,0.0,0.0,0.0,0.0,0.0,0.0,0.0,19
442,442,68.9,0.0,0.0,0.0,0.0,0.0,0.0,0.0,0.0,0.0,19
443,443,68.9,0.0,0.0,0.0,0.0,0.0,0.0,0.0,0.0,0.0,19
444,444,68.9,0.0,0.0,0.0,0.0,0.0,0.0,0.0,0.0,0.0,19
445,445,0.0,0.0,0.0,0.0,0.0,0.0,0.0,0.0,0.0,0.0,19
446,446,0.0,0.0,0.0,0.0,0.0,0.0,0.0,0.0,0.0,0.0,19
447,447,68.9,0.0,0.0,0.0,0.0,0.0,0.0,0.0,0.0,0.0,19
448,448,68.9,0.0,0.0,0.0,0.0,0.0,0.0,0.0,0.0,0.0,19
449,449,68.9,0.0,0.0,0.0,0.0,0.0,0.0,0.0,0.0,0.0,19
450,450,68.9,0.0,0.0,0.0,0.0,0.0,0.0,0.0,0.0,0.0,19
451,451,0.0,0.0,0.0,0.0,0.0,0.0,0.0,0.0,0.0,0.0,19
452,452,0.0,0.0,0.0,0.0,0.0,0.0,0.0,0.0,0.0,0.0,19
453,453,0.0,0.0,0.0,0.0,0.0,0.0,0.0,0.0,0.0,0.0,19
454,454,0.0,0.0,0.0,0.0,0.0,0.0,0.0,0.0,0.0,0.0,19
455,455,68.9,0.0,0.0,0.0,0.0,0.0,0.0,0.0,0.0,0.0,19
456,456,68.9,0.0,0.0,0.0,0.0,0.0,0.0,0.0,0.0,0.0,20
457,457,68.9,0.0,0.0,0.0,0.0,0.0,0.0,0.0,0.0,0.0,20
458,458,68.9,0.0,0.0,0.0,0.0,0.0,0.0,0.0,0.0,0.0,20
459,459,0.0,0.0,0.0,0.0,0.0,0.0,0.0,0.0,0.0,0.0,20
460,460,0.0,0.0,0.0,0.0,0.0,0.0,0.0,0.0,0.0,0.0,20
461,461,0.0,0.0,0.0,0.0,0.0,0.0,0.0,0.0,0.0,0.0,20
462,462,0.0,0.0,0.0,0.0,0.0,0.0,0.0,0.0,0.0,0.0,20
463,463,0.0,0.0,0.0,0.0,0.0,0.0,0.0,0.0,0.0,0.0,20
464,464,0.0,0.0,0.0,0.0,0.0,0.0,0.0,0.0,0.0,0.0,20
465,465,0.0,0.0,0.0,0.0,0.0,0.0,0.0,0.0,0.0,0.0,20
466,466,0.0,0.0,0.0,0.0,0.0,0.0,0.0,0.0,0.0,0.0,20
467,467,0.0,0.0,0.0,0.0,0.0,0.0,0.0,0.0,0.0,0.0,20
468,468,68.9,0.0,0.0,0.0,0.0,0.0,0.0,0.0,0.0,0.0,20
469,469,68.9,0.0,0.0,0.0,0.0,0.0,0.0,0.0,0.0,0.0,20
470,470,68.9,0.0,0.0,0.0,0.0,0.0,0.0,0.0,0.0,0.0,20
471,471,68.9,0.0,0.0,0.0,0.0,0.0,0.0,0.0,0.0,0.0,20
472,472,0.0,0.0,0.0,0.0,0.0,0.0,0.0,0.0,0.0,0.0,20
473,473,0.0,0.0,0.0,0.0,0.0,0.0,0.0,0.0,0.0,0.0,20
474,474,0.0,0.0,0.0,0.0,0.0,0.0,0.0,0.0,0.0,0.0,20
475,475,0.0,0.0,0.0,0.0,0.0,0.0,0.0,0.0,0.0,0.0,20
476,476,0.0,0.0,0.0,0.0,0.0,0.0,0.0,0.0,0.0,0.0,20
477,477,0.0,0.0,0.0,0.0,0.0,0.0,0.0,0.0,0.0,0.0,20
478,478,68.9,0.0,0.0,0.0,0.0,0.0,0.0,0.0,0.0,0.0,20
479,479,68.9,0.0,0.0,0.0,0.0,0.0,0.0,0.0,0.0,0.0,20
480,480,68.9,0.0,0.0,0.0,0.0,0.0,0.0,0.0,0.0,0.0,21
481,481,68.9,0.0,0.0,0.0,0.0,0.0,0.0,0.0,0.0,0.0,21
482,482,0.0,0.0,0.0,0.0,0.0,0.0,0.0,0.0,0.0,0.0,21
483,483,0.0,0.0,0.0,0.0,0.0,0.0,0.0,0.0,0.0,0.0,21
484,484,68.9,0.0,0.0,0.0,0.0,0.0,0.0,0.0,0.0,0.0,21
485,485,68.9,0.0,0.0,0.0,0.0,0.0,0.0,0.0,0.0,0.0,21
486,486,68.9,0.0,0.0,0.0,0.0,0.0,0.0,0.0,0.0,0.0,21
487,487,68.9,0.0,0.0,0.0,0.0,0.0,0.0,0.0,0.0,0.0,21
488,488,0.0,0.0,0.0,0.0,0.0,0.0,0.0,0.0,0.0,0.0,21
489,489,0.0,0.0,0.0,0.0,0.0,0.0,0.0,0.0,0.0,0.0,21
490,490,0.0,0.0,0.0,0.0,0.0,0.0,0.0,0.0,0.0,0.0,21
491,491,0.0,0.0,0.0,0.0,0.0,0.0,0.0,0.0,0.0,0.0,21
492,492,0.0,0.0,0.0,0.0,0.0,0.0,0.0,0.0,0.0,0.0,21
493,493,0.0,0.0,0.0,0.0,0.0,0.0,0.0,0.0,0.0,0.0,21
494,494,0.0,0.0,0.0,0.0,0.0,0.0,0.0,0.0,0.0,0.0,21
495,495,0.0,0.0,0.0,0.0,0.0,0.0,0.0,0.0,0.0,0.0,21
496,496,0.0,0.0,0.0,0.0,0.0,0.0,0.0,0.0,0.0,0.0,21
497,497,0.0,0.0,0.0,0.0,0.0,0.0,0.0,0.0,0.0,0.0,21
498,498,68.9,0.0,0.0,0.0,0.0,0.0,0.0,0.0,0.0,0.0,21
499,499,68.9,0.0,0.0,0.0,0.0,0.0,0.0,0.0,0.0,0.0,21
500,500,68.9,0.0,0.0,0.0,0.0,0.0,0.0,0.0,0.0,0.0,21
501,501,68.9,0.0,0.0,0.0,0.0,0.0,0.0,0.0,0.0,0.0,21
502,502,0.0,0.0,0.0,0.0,0.0,0.0,0.0,0.0,0.0,0.0,21
503,503,0.0,0.0,0.0,0.0,0.0,0.0,0.0,0.0,0.0,0.0,21
504,504,0.0,0.0,0.0,0.0,0.0,0.0,0.0,0.0,0.0,0.0,22
505,505,68.9,0.0,0.0,0.0,0.0,0.0,0.0,0.0,0.0,0.0,22
506,506,68.9,0.0,0.0,0.0,0.0,0.0,0.0,0.0,0.0,0.0,22
507,507,68.9,0.0,0.0,0.0,0.0,0.0,0.0,0.0,0.0,0.0,22
508,508,68.9,0.0,0.0,0.0,0.0,0.0,0.0,0.0,0.0,0.0,22
509,509,0.0,0.0,0.0,0.0,0.0,0.0,0.0,0.0,0.0,0.0,22
510,510,0.0,0.0,0.0,0.0,0.0,0.0,0.0,0.0,0.0,0.0,22
511,511,0.0,0.0,0.0,0.0,0.0,0.0,0.0,0.0,0.0,0.0,22
512,512,68.9,0.0,0.0,0.0,0.0,0.0,0.0,0.0,0.0,0.0,22
513,513,68.9,0.0,0.0,0.0,0.0,0.0,0.0,0.0,0.0,0.0,22
514,514,68.9,0.0,0.0,0.0,0.0,0.0,0.0,0.0,0.0,0.0,22
515,515,68.9,0.0,0.0,0.0,0.0,0.0,0.0,0.0,0.0,0.0,22
516,516,0.0,0.0,0.0,0.0,0.0,0.0,0.0,0.0,0.0,0.0,22
517,517,68.9,0.0,0.0,0.0,0.0,0.0,0.0,0.0,0.0,0.0,22
518,518,68.9,0.0,0.0,0.0,0.0,0.0,0.0,0.0,0.0,0.0,22
519,519,68.9,0.0,0.0,0.0,0.0,0.0,0.0,0.0,0.0,0.0,22
520,520,68.9,0.0,0.0,0.0,0.0,0.0,0.0,0.0,0.0,0.0,22
521,521,0.0,0.0,0.0,0.0,0.0,0.0,0.0,0.0,0.0,0.0,22
522,522,0.0,0.0,0.0,0.0,0.0,0.0,0.0,0.0,0.0,0.0,22
523,523,0.0,0.0,0.0,0.0,0.0,0.0,0.0,0.0,0.0,0.0,22
524,524,0.0,0.0,0.0,0.0,0.0,0.0,0.0,0.0,0.0,0.0,22
525,525,0.0,0.0,0.0,0.0,0.0,0.0,0.0,0.0,0.0,0.0,22
526,526,68.9,0.0,0.0,0.0,0.0,0.0,0.0,0.0,0.0,0.0,22
527,527,68.9,0.0,0.0,0.0,0.0,0.0,0.0,0.0,0.0,0.0,22
528,528,68.9,0.0,0.0,0.0,0.0,0.0,0.0,0.0,0.0,0.0,23
529,529,68.9,0.0,0.0,0.0,0.0,0.0,0.0,0.0,0.0,0.0,23
530,530,0.0,0.0,0.0,0.0,0.0,0.0,0.0,0.0,0.0,0.0,23
531,531,0.0,0.0,0.0,0.0,0.0,0.0,0.0,0.0,0.0,0.0,23
532,532,68.9,0.0,0.0,0.0,0.0,0.0,0.0,0.0,0.0,0.0,23
533,533,68.9,0.0,0.0,0.0,0.0,0.0,0.0,0.0,0.0,0.0,23
534,534,68.9,0.0,0.0,0.0,0.0,0.0,0.0,0.0,0.0,0.0,23
535,535,68.9,0.0,0.0,0.0,0.0,0.0,0.0,0.0,0.0,0.0,23
536,536,0.0,0.0,0.0,0.0,0.0,0.0,0.0,0.0,0.0,0.0,23
537,537,68.9,0.0,0.0,0.0,0.0,0.0,0.0,0.0,0.0,0.0,23
538,538,68.9,0.0,0.0,0.0,0.0,0.0,0.0,0.0,0.0,0.0,23
539,539,68.9,0.0,0.0,0.0,0.0,0.0,0.0,0.0,0.0,0.0,23
540,540,68.9,0.0,0.0,0.0,0.0,0.0,0.0,0.0,0.0,0.0,23
541,541,0.0,0.0,0.0,0.0,0.0,0.0,0.0,0.0,0.0,0.0,23
542,542,0.0,0.0,0.0,0.0,0.0,0.0,0.0,0.0,0.0,0.0,23
543,543,0.0,0.0,0.0,0.0,0.0,0.0,0.0,0.0,0.0,0.0,23
544,544,68.9,0.0,0.0,0.0,0.0,0.0,0.0,0.0,0.0,0.0,23
545,545,68.9,0.0,0.0,0.0,0.0,0.0,0.0,0.0,0.0,0.0,23
546,546,68.9,0.0,0.0,0.0,0.0,0.0,0.0,0.0,0.0,0.0,23
547,547,68.9,0.0,0.0,0.0,0.0,0.0,0.0,0.0,0.0,0.0,23
548,548,0.0,0.0,0.0,0.0,0.0,0.0,0.0,0.0,0.0,0.0,23
549,549,0.0,0.0,0.0,0.0,0.0,0.0,0.0,0.0,0.0,0.0,23
550,550,68.9,0.0,0.0,0.0,0.0,0.0,0.0,0.0,0.0,0.0,23
551,551,68.9,0.0,0.0,0.0,0.0,0.0,0.0,0.0,0.0,0.0,23
552,552,68.9,0.0,0.0,0.0,0.0,0.0,0.0,0.0,0.0,0.0,24
553,553,68.9,0.0,0.0,0.0,0.0,0.0,0.0,0.0,0.0,0.0,24
554,554,0.0,0.0,0.0,0.0,0.0,0.0,0.0,0.0,0.0,0.0,24
555,555,0.0,0.0,0.0,0.0,0.0,0.0,0.0,0.0,0.0,0.0,24
556,556,0.0,0.0,0.0,0.0,0.0,0.0,0.0,0.0,0.0,0.0,24
557,557,0.0,0.0,0.0,0.0,0.0,0.0,0.0,0.0,0.0,0.0,24
558,558,0.0,0.0,0.0,0.0,0.0,0.0,0.0,0.0,0.0,0.0,24
559,559,0.0,0.0,0.0,0.0,0.0,0.0,0.0,0.0,0.0,0.0,24
560,560,0.0,0.0,0.0,0.0,0.0,0.0,0.0,0.0,0.0,0.0,24
561,561,0.0,0.0,0.0,0.0,0.0,0.0,0.0,0.0,0.0,0.0,24
562,562,0.0,0.0,0.0,0.0,0.0,0.0,0.0,0.0,0.0,0.0,24
563,563,0.0,0.0,0.0,0.0,0.0,0.0,0.0,0.0,0.0,0.0,24
564,564,0.0,0.0,0.0,0.0,0.0,0.0,0.0,0.0,0.0,0.0,24
565,565,68.9,0.0,0.0,0.0,0.0,0.0,0.0,0.0,0.0,0.0,24
566,566,68.9,0.0,0.0,0.0,0.0,0.0,0.0,0.0,0.0,0.0,24
567,567,68.9,0.0,0.0,0.0,0.0,0.0,0.0,0.0,0.0,0.0,24
568,568,68.9,0.0,0.0,0.0,0.0,0.0,0.0,0.0,0.0,0.0,24
569,569,0.0,0.0,0.0,0.0,0.0,0.0,0.0,0.0,0.0,0.0,24
570,570,68.9,0.0,0.0,0.0,0.0,0.0,0.0,0.0,0.0,0.0,24
571,571,68.9,0.0,0.0,0.0,0.0,0.0,0.0,0.0,0.0,0.0,24
572,572,68.9,0.0,0.0,0.0,0.0,0.0,0.0,0.0,0.0,0.0,24
573,573,68.9,0.0,0.0,0.0,0.0,0.0,0.0,0.0,0.0,0.0,24
574,574,0.0,0.0,0.0,0.0,0.0,0.0,0.0,0.0,0.0,0.0,24
575,575,0.0,0.0,0.0,0.0,0.0,0.0,0.0,0.0,0.0,0.0,24
576,576,0.0,0.0,0.0,0.0,0.0,0.0,0.0,0.0,0.0,0.0,25
577,577,68.9,0.0,0.0,0.0,0.0,0.0,0.0,0.0,0.0,0.0,25
578,578,68.9,0.0,0.0,0.0,0.0,0.0,0.0,0.0,0.0,0.0,25
579,579,68.9,0.0,0.0,0.0,0.0,0.0,0.0,0.0,0.0,0.0,25
580,580,68.9,0.0,0.0,0.0,0.0,0.0,0.0,0.0,0.0,0.0,25
581,581,0.0,0.0,0.0,0.0,0.0,0.0,0.0,0.0,0.0,0.0,25
582,582,0.0,0.0,0.0,0.0,0.0,0.0,0.0,0.0,0.0,0.0,25
583,583,0.0,0.0,0.0,0.0,0.0,0.0,0.0,0.0,0.0,0.0,25
584,584,0.0,0.0,0.0,0.0,0.0,0.0,0.0,0.0,0.0,0.0,25
585,585,0.0,0.0,0.0,0.0,0.0,0.0,0.0,0.0,0.0,0.0,25
586,586,0.0,0.0,0.0,0.0,0.0,0.0,0.0,0.0,0.0,0.0,25
587,587,0.0,0.0,0.0,0.0,0.0,0.0,0.0,0.0,0.0,0.0,25
588,588,0.0,0.0,0.0,0.0,0.0,0.0,0.0,0.0,0.0,0.0,25
589,589,0.0,0.0,0.0,0.0,0.0,0.0,0.0,0.0,0.0,0.0,25
590,590,0.0,0.0,0.0,0.0,0.0,0.0,0.0,0.0,0.0,0.0,25
591,591,0.0,0.0,0.0,0.0,0.0,0.0,0.0,0.0,0.0,0.0,25
592,592,0.0,0.0,0.0,0.0,0.0,0.0,0.0,0.0,0.0,0.0,25
593,593,68.9,0.0,0.0,0.0,0.0,0.0,0.0,0.0,0.0,0.0,25
594,594,68.9,0.0,0.0,0.0,0.0,0.0,0.0,0.0,0.0,0.0,25
595,595,68.9,0.0,0.0,0.0,0.0,0.0,0.0,0.0,0.0,0.0,25
596,596,68.9,0.0,0.0,0.0,0.0,0.0,0.0,0.0,0.0,0.0,25
597,597,0.0,0.0,0.0,0.0,0.0,0.0,0.0,0.0,0.0,0.0,25
598,598,68.9,0.0,0.0,0.0,0.0,0.0,0.0,0.0,0.0,0.0,25
599,599,68.9,0.0,0.0,0.0,0.0,0.0,0.0,0.0,0.0,0.0,25
600,600,68.9,0.0,0.0,0.0,0.0,0.0,0.0,0.0,0.0,0.0,26
601,601,68.9,0.0,0.0,0.0,0.0,0.0,0.0,0.0,0.0,0.0,26
602,602,0.0,0.0,0.0,0.0,0.0,0.0,0.0,0.0,0.0,0.0,26
603,603,0.0,0.0,0.0,0.0,0.0,0.0,0.0,0.0,0.0,0.0,26
604,604,0.0,0.0,0.0,0.0,0.0,0.0,0.0,0.0,0.0,0.0,26
605,605,0.0,0.0,0.0,0.0,0.0,0.0,0.0,0.0,0.0,0.0,26
606,606,0.0,0.0,0.0,0.0,0.0,0.0,0.0,0.0,0.0,0.0,26
607,607,0.0,0.0,0.0,0.0,0.0,0.0,0.0,0.0,0.0,0.0,26
608,608,0.0,0.0,0.0,0.0,0.0,0.0,0.0,0.0,0.0,0.0,26
609,609,0.0,0.0,0.0,0.0,0.0,0.0,0.0,0.0,0.0,0.0,26
610,610,0.0,0.0,0.0,0.0,0.0,0.0,0.0,0.0,0.0,0.0,26
611,611,0.0,0.0,0.0,0.0,0.0,0.0,0.0,0.0,0.0,0.0,26
612,612,0.0,0.0,0.0,0.0,0.0,0.0,0.0,0.0,0.0,0.0,26
613,613,0.0,0.0,0.0,0.0,0.0,0.0,0.0,0.0,0.0,0.0,26
614,614,0.0,0.0,0.0,0.0,0.0,0.0,0.0,0.0,0.0,0.0,26
615,615,0.0,0.0,0.0,0.0,0.0,0.0,0.0,0.0,0.0,0.0,26
616,616,0.0,0.0,0.0,0.0,0.0,0.0,0.0,0.0,0.0,0.0,26
617,617,68.9,0.0,0.0,0.0,0.0,0.0,0.0,0.0,0.0,0.0,26
618,618,68.9,0.0,0.0,0.0,0.0,0.0,0.0,0.0,0.0,0.0,26
619,619,68.9,0.0,0.0,0.0,0.0,0.0,0.0,0.0,0.0,0.0,26
620,620,68.9,0.0,0.0,0.0,0.0,0.0,0.0,0.0,0.0,0.0,26
621,621,0.0,0.0,0.0,0.0,0.0,0.0,0.0,0.0,0.0,0.0,26
622,622,0.0,0.0,0.0,0.0,0.0,0.0,0.0,0.0,0.0,0.0,26
623,623,0.0,0.0,0.0,0.0,0.0,0.0,0.0,0.0,0.0,0.0,26
624,624,0.0,0.0,0.0,0.0,0.0,0.0,0.0,0.0,0.0,0.0,27
625,625,0.0,0.0,0.0,0.0,0.0,0.0,0.0,0.0,0.0,0.0,27
626,626,0.0,0.0,0.0,0.0,0.0,0.0,0.0,0.0,0.0,0.0,27
627,627,0.0,0.0,0.0,0.0,0.0,0.0,0.0,0.0,0.0,0.0,27
628,628,0.0,0.0,0.0,0.0,0.0,0.0,0.0,0.0,0.0,0.0,27
629,629,0.0,0.0,0.0,0.0,0.0,0.0,0.0,0.0,0.0,0.0,27
630,630,0.0,0.0,0.0,0.0,0.0,0.0,0.0,0.0,0.0,0.0,27
631,631,0.0,0.0,0.0,0.0,0.0,0.0,0.0,0.0,0.0,0.0,27
632,632,0.0,0.0,0.0,0.0,0.0,0.0,0.0,0.0,0.0,0.0,27
633,633,68.9,0.0,0.0,0.0,0.0,0.0,0.0,0.0,0.0,0.0,27
634,634,68.9,0.0,0.0,0.0,0.0,0.0,0.0,0.0,0.0,0.0,27
635,635,68.9,0.0,0.0,0.0,0.0,0.0,0.0,0.0,0.0,0.0,27
636,636,68.9,0.0,0.0,0.0,0.0,0.0,0.0,0.0,0.0,0.0,27
637,637,0.0,0.0,0.0,0.0,0.0,0.0,0.0,0.0,0.0,0.0,27
638,638,0.0,0.0,0.0,0.0,0.0,0.0,0.0,0.0,0.0,0.0,27
639,639,0.0,0.0,0.0,0.0,0.0,0.0,0.0,0.0,0.0,0.0,27
640,640,0.0,0.0,0.0,0.0,0.0,0.0,0.0,0.0,0.0,0.0,27
641,641,0.0,0.0,0.0,0.0,0.0,0.0,0.0,0.0,0.0,0.0,27
642,642,68.9,0.0,0.0,0.0,0.0,0.0,0.0,0.0,0.0,0.0,27
643,643,68.9,0.0,0.0,0.0,0.0,0.0,0.0,0.0,0.0,0.0,27
644,644,68.9,0.0,0.0,0.0,0.0,0.0,0.0,0.0,0.0,0.0,27
645,645,68.9,0.0,0.0,0.0,0.0,0.0,0.0,0.0,0.0,0.0,27
646,646,0.0,0.0,0.0,0.0,0.0,0.0,0.0,0.0,0.0,0.0,27
647,647,68.9,0.0,0.0,0.0,0.0,0.0,0.0,0.0,0.0,0.0,27
648,648,68.9,0.0,0.0,0.0,0.0,0.0,0.0,0.0,0.0,0.0,28
649,649,68.9,0.0,0.0,0.0,0.0,0.0,0.0,0.0,0.0,0.0,28
650,650,68.9,0.0,0.0,0.0,0.0,0.0,0.0,0.0,0.0,0.0,28
651,651,0.0,0.0,0.0,0.0,0.0,0.0,0.0,0.0,0.0,0.0,28
652,652,0.0,0.0,0.0,0.0,0.0,0.0,0.0,0.0,0.0,0.0,28
653,653,0.0,0.0,0.0,0.0,0.0,0.0,0.0,0.0,0.0,0.0,28
654,654,0.0,0.0,0.0,0.0,0.0,0.0,0.0,0.0,0.0,0.0,28
655,655,68.9,0.0,0.0,0.0,0.0,0.0,0.0,0.0,0.0,0.0,28
656,656,68.9,0.0,0.0,0.0,0.0,0.0,0.0,0.0,0.0,0.0,28
657,657,68.9,0.0,0.0,0.0,0.0,0.0,0.0,0.0,0.0,0.0,28
658,658,68.9,0.0,0.0,0.0,0.0,0.0,0.0,0.0,0.0,0.0,28
659,659,0.0,0.0,0.0,0.0,0.0,0.0,0.0,0.0,0.0,0.0,28
660,660,0.0,0.0,0.0,0.0,0.0,0.0,0.0,0.0,0.0,0.0,28
661,661,0.0,0.0,0.0,0.0,0.0,0.0,0.0,0.0,0.0,0.0,28
662,662,0.0,0.0,0.0,0.0,0.0,0.0,0.0,0.0,0.0,0.0,28
663,663,0.0,0.0,0.0,0.0,0.0,0.0,0.0,0.0,0.0,0.0,28
664,664,0.0,0.0,0.0,0.0,0.0,0.0,0.0,0.0,0.0,0.0,28
665,665,0.0,0.0,0.0,0.0,0.0,0.0,0.0,0.0,0.0,0.0,28
666,666,0.0,0.0,0.0,0.0,0.0,0.0,0.0,0.0,0.0,0.0,28
667,667,0.0,0.0,0.0,0.0,0.0,0.0,0.0,0.0,0.0,0.0,28
668,668,68.9,0.0,0.0,0.0,0.0,0.0,0.0,0.0,0.0,0.0,28
669,669,68.9,0.0,0.0,0.0,0.0,0.0,0.0,0.0,0.0,0.0,28
670,670,68.9,0.0,0.0,0.0,0.0,0.0,0.0,0.0,0.0,0.0,28
671,671,68.9,0.0,0.0,0.0,0.0,0.0,0.0,0.0,0.0,0.0,28
672,672,0.0,0.0,0.0,0.0,0.0,0.0,0.0,0.0,0.0,0.0,29
673,673,0.0,0.0,0.0,0.0,0.0,0.0,0.0,0.0,0.0,0.0,29
674,674,68.9,0.0,0.0,0.0,0.0,0.0,0.0,0.0,0.0,0.0,29
675,675,68.9,0.0,0.0,0.0,0.0,0.0,0.0,0.0,0.0,0.0,29
676,676,68.9,0.0,0.0,0.0,0.0,0.0,0.0,0.0,0.0,0.0,29
677,677,68.9,0.0,0.0,0.0,0.0,0.0,0.0,0.0,0.0,0.0,29
678,678,0.0,0.0,0.0,0.0,0.0,0.0,0.0,0.0,0.0,0.0,29
679,679,0.0,0.0,0.0,0.0,0.0,0.0,0.0,0.0,0.0,0.0,29
680,680,0.0,0.0,0.0,0.0,0.0,0.0,0.0,0.0,0.0,0.0,29
681,681,0.0,0.0,0.0,0.0,0.0,0.0,0.0,0.0,0.0,0.0,29
682,682,0.0,0.0,0.0,0.0,0.0,0.0,0.0,0.0,0.0,0.0,29
683,683,68.9,0.0,0.0,0.0,0.0,0.0,0.0,0.0,0.0,0.0,29
684,684,68.9,0.0,0.0,0.0,0.0,0.0,0.0,0.0,0.0,0.0,29
685,685,68.9,0.0,0.0,0.0,0.0,0.0,0.0,0.0,0.0,0.0,29
686,686,68.9,0.0,0.0,0.0,0.0,0.0,0.0,0.0,0.0,0.0,29
687,687,0.0,0.0,0.0,0.0,0.0,0.0,0.0,0.0,0.0,0.0,29
688,688,0.0,0.0,0.0,0.0,0.0,0.0,0.0,0.0,0.0,0.0,29
689,689,0.0,0.0,0.0,0.0,0.0,0.0,0.0,0.0,0.0,0.0,29
690,690,0.0,0.0,0.0,0.0,0.0,0.0,0.0,0.0,0.0,0.0,29
691,691,0.0,0.0,0.0,0.0,0.0,0.0,0.0,0.0,0.0,0.0,29
692,692,0.0,0.0,0.0,0.0,0.0,0.0,0.0,0.0,0.0,0.0,29
693,693,0.0,0.0,0.0,0.0,0.0,0.0,0.0,0.0,0.0,0.0,29
694,694,68.9,0.0,0.0,0.0,0.0,0.0,0.0,0.0,0.0,0.0,29
695,695,68.9,0.0,0.0,0.0,0.0,0.0,0.0,0.0,0.0,0.0,29
696,696,68.9,0.0,0.0,0.0,0.0,0.0,0.0,0.0,0.0,0.0,30
697,697,68.9,0.0,0.0,0.0,0.0,0.0,0.0,0.0,0.0,0.0,30
698,698,0.0,0.0,0.0,0.0,0.0,0.0,0.0,0.0,0.0,0.0,30
699,699,0.0,0.0,0.0,0.0,0.0,0.0,0.0,0.0,0.0,0.0,30
700,700,0.0,0.0,0.0,0.0,0.0,0.0,0.0,0.0,0.0,0.0,30
701,701,68.9,0.0,0.0,0.0,0.0,0.0,0.0,0.0,0.0,0.0,30
702,702,68.9,0.0,0.0,0.0,0.0,0.0,0.0,0.0,0.0,0.0,30
703,703,68.9,0.0,0.0,0.0,0.0,0.0,0.0,0.0,0.0,0.0,30
704,704,68.9,0.0,0.0,0.0,0.0,0.0,0.0,0.0,0.0,0.0,30
705,705,0.0,0.0,0.0,0.0,0.0,0.0,0.0,0.0,0.0,0.0,30
706,706,0.0,0.0,0.0,0.0,0.0,0.0,0.0,0.0,0.0,0.0,30
707,707,0.0,0.0,0.0,0.0,0.0,0.0,0.0,0.0,0.0,0.0,30
708,708,0.0,0.0,0.0,0.0,0.0,0.0,0.0,0.0,0.0,0.0,30
709,709,68.9,0.0,0.0,0.0,0.0,0.0,0.0,0.0,0.0,0.0,30
710,710,68.9,0.0,0.0,0.0,0.0,0.0,0.0,0.0,0.0,0.0,30
711,711,68.9,0.0,0.0,0.0,0.0,0.0,0.0,0.0,0.0,0.0,30
712,712,68.9,0.0,0.0,0.0,0.0,0.0,0.0,0.0,0.0,0.0,30
713,713,0.0,0.0,0.0,0.0,0.0,0.0,0.0,0.0,0.0,0.0,30
714,714,0.0,0.0,0.0,0.0,0.0,0.0,0.0,0.0,0.0,0.0,30
715,715,68.9,0.0,0.0,0.0,0.0,0.0,0.0,0.0,0.0,0.0,30
716,716,68.9,0.0,0.0,0.0,0.0,0.0,0.0,0.0,0.0,0.0,30
717,717,68.9,0.0,0.0,0.0,0.0,0.0,0.0,0.0,0.0,0.0,30
718,718,68.9,0.0,0.0,0.0,0.0,0.0,0.0,0.0,0.0,0.0,30
719,719,0.0,0.0,0.0,0.0,0.0,0.0,0.0,0.0,0.0,0.0,30
