,Hora,Secadora,Impresora,Consola,Refrigerador,Foco,Ventilador,Estufa,Lavadora,Calefactor,Lavatrastes,Dia
0,0,0,166.25,68.98,0,0,0,0,0,0,0,01
1,1,0,166.27,69.87,0,0,0,0,0,0,0,01
2,2,0,166.24,69.91,0,0,0,0,0,0,0,01
3,3,0,166.3,69.55,0,0,0,0,0,0,0,01
4,4,0,0,0,0,0,0,0,0,0,0,01
5,5,0,166.22,0,0,0,0,0,0,0,0,01
6,6,0,166.2,68.9,0,0,0,0,0,0,0,01
7,7,0,166.26,69.2,0,0,0,0,0,0,0,01
8,8,0,166.23,69.87,0,0,0,0,0,0,0,01
9,9,0,0,69.5,0,0,0,0,0,0,0,01
10,10,0,0,0,0,0,0,0,0,0,0,01
11,11,71.46234451,0,69.22,0,0,0,0,0,0,0,01
12,12,0,0,68.93,0,0,0,0,0,0,0,01
13,13,0,0,69.79,0,0,0,0,0,0,0,01
14,14,0,0,69.5,0,0,0,0,0,0,0,01
15,15,0,0,0,0,0,0,0,0,0,0,01
16,16,0,0,0,0,0,0,0,0,0,0,01
17,17,0,166.25,0,0,0,0,0,0,0,0,01
18,18,0,166.21,69.58,0,0,0,0,0,0,0,01
19,19,0,166.25,69.16,0,0,0,0,0,0,0,01
20,20,40.40864638,166.27,69.58,0,0,0,0,0,0,0,01
21,21,0,0,69.4,0,0,0,0,0,0,0,01
22,22,0,166.26,0,0,0,0,0,0,0,0,01
23,23,0,166.27,0,0,0,0,0,0,0,0,01
0,24,0,166.29,0,0,0,0,0,0,0,0,02
1,25,0,166.24,69.25,0,0,0,0,0,0,0,02
2,26,0,0,69.51,0,0,0,0,0,0,0,02
3,27,0,0,69.56,0,0,0,0,0,0,0,02
4,28,0,0,69.38,0,0,0,0,0,0,0,02
5,29,0,0,0,0,0,0,0,0,0,0,02
6,30,0,0,0,0,0,0,0,0,0,0,02
7,31,0,0,69.74,0,0,0,0,0,0,0,02
8,32,0,0,69.62,0,0,0,0,0,0,0,02
9,33,0,0,69.23,0,0,0,0,0,0,0,02
10,34,0,166.2,69.06,0,0,0,0,0,0,0,02
11,35,0,166.27,0,0,0,0,0,0,0,0,02
12,36,0,166.24,0,0,0,0,0,0,0,0,02
13,37,0,166.23,0,0,0,0,0,0,0,0,02
14,38,0,0,0,0,0,0,0,0,0,0,02
15,39,93.90878266,0,0,0,0,0,0,0,0,0,02
16,40,0,0,0,0,0,0,0,0,0,0,02
17,41,0,0,0,0,0,0,0,0,0,0,02
18,42,0,0,69.69,0,0,0,0,0,0,0,02
19,43,0,0,69,0,0,0,0,0,0,0,02
20,44,0,0,69.53,0,0,0,0,0,0,0,02
21,45,0,0,69.61,0,0,0,0,0,0,0,02
22,46,0,0,0,0,0,0,0,0,0,0,02
23,47,0,166.28,0,0,0,0,0,0,0,0,02
0,48,0,166.29,0,0,0,0,0,0,0,0,03
1,49,0,166.26,69.31,0,0,0,0,0,0,0,03
2,50,0,166.24,69,0,0,0,0,0,0,0,03
3,51,0,0,69.14,0,0,0,0,0,0,0,03
4,52,0,0,69.77,0,0,0,0,0,0,0,03
5,53,0,0,0,0,0,0,0,0,0,0,03
6,54,0,0,0,0,0,0,0,0,0,0,03
7,55,152.7490956,0,0,0,0,0,0,0,0,0,03
8,56,0,0,68.96,0,0,0,0,0,0,0,03
9,57,0,0,69.61,0,0,0,0,0,0,0,03
10,58,0,0,69.21,0,0,0,0,0,0,0,03
11,59,0,0,69.87,0,0,0,0,0,0,0,03
12,60,0,0,0,0,0,0,0,0,0,0,03
13,61,0,0,0,0,0,0,0,0,0,0,03
14,62,0,0,69.04,0,0,0,0,0,0,0,03
15,63,0,0,69.04,0,0,0,0,0,0,0,03
16,64,156.0630949,166.29,69.6,0,0,0,0,0,0,0,03
17,65,0,166.27,69.07,0,0,0,0,0,0,0,03
18,66,0,166.2,0,0,0,0,0,0,0,0,03
19,67,0,166.2,0,0,0,0,0,0,0,0,03
20,68,0,0,0,0,0,0,0,0,0,0,03
21,69,0,0,69.45,0,0,0,0,0,0,0,03
22,70,0,0,69.49,0,0,0,0,0,0,0,03
23,71,0,0,69.52,0,0,0,0,0,0,0,03
0,72,0,0,69.69,0,0,0,0,0,0,0,04
1,73,0,0,0,0,0,0,0,0,0,0,04
2,74,0,166.29,0,0,0,0,0,0,0,0,04
3,75,0,166.21,0,0,0,0,0,0,0,0,04
4,76,0,166.3,69.8,0,0,0,0,0,0,0,04
5,77,0,166.24,69.87,0,0,0,0,0,0,0,04
6,78,0,0,69.52,0,0,0,0,0,0,0,04
7,79,0,166.26,69.25,0,0,0,0,0,0,0,04
8,80,0,166.22,0,0,0,0,0,0,0,0,04
9,81,0,166.28,0,0,0,0,0,0,0,0,04
10,82,0,166.28,0,0,0,0,0,0,0,0,04
11,83,33.91415469,0,69.78,0,0,0,0,0,0,0,04
12,84,0,0,69.22,0,0,0,0,0,0,0,04
13,85,0,0,69.64,0,0,0,0,0,0,0,04
14,86,0,166.28,69.83,0,0,0,0,0,0,0,04
15,87,0,166.24,0,0,0,0,0,0,0,0,04
16,88,0,166.2,0,0,0,0,0,0,0,0,04
17,89,0,166.25,0,0,0,0,0,0,0,0,04
18,90,0,0,69.1,0,0,0,0,0,0,0,04
19,91,0,0,69.01,0,0,0,0,0,0,0,04
20,92,0,166.2,69.59,0,0,0,0,0,0,0,04
21,93,116.3296711,166.2,69.33,0,0,0,0,0,0,0,04
22,94,0,166.24,0,0,0,0,0,0,0,0,04
23,95,0,166.29,69.18,0,0,0,0,0,0,0,04
0,96,0,0,69.28,0,0,0,0,0,0,0,05
1,97,0,0,69.12,0,0,0,0,0,0,0,05
2,98,0,0,69.11,0,0,0,0,0,0,0,05
3,99,0,0,0,0,0,0,0,0,0,0,05
4,100,0,0,0,0,0,0,0,0,0,0,05
5,101,0,166.22,0,0,0,0,0,0,0,0,05
6,102,0,166.21,69.7,0,0,0,0,0,0,0,05
7,103,0,166.27,69.61,0,0,0,0,0,0,0,05
8,104,0,166.3,69.52,0,0,0,0,0,0,0,05
9,105,18.82427261,0,69.65,0,0,0,0,0,0,0,05
10,106,0,0,0,0,0,0,0,0,0,0,05
11,107,0,0,0,0,0,0,0,0,0,0,05
12,108,0,166.24,0,0,0,0,0,0,0,0,05
13,109,0,166.2,0,0,0,0,0,0,0,0,05
14,110,0,166.28,0,0,0,0,0,0,0,0,05
15,111,0,166.27,0,0,0,0,0,0,0,0,05
16,112,0,0,0,0,0,0,0,0,0,0,05
17,113,99.21083812,166.22,0,0,0,0,0,0,0,0,05
18,114,0,166.25,0,0,0,0,0,0,0,0,05
19,115,0,166.22,0,0,0,0,0,0,0,0,05
20,116,0,166.24,0,0,0,0,0,0,0,0,05
21,117,0,0,69.88,0,0,0,0,0,0,0,05
22,118,0,0,69.76,0,0,0,0,0,0,0,05
23,119,0,0,69.17,0,0,0,0,0,0,0,05
0,120,0,0,69.76,0,0,0,0,0,0,0,06
1,121,0,0,0,0,0,0,0,0,0,0,06
2,122,0,0,0,0,0,0,0,0,0,0,06
3,123,0,0,0,0,0,0,0,0,0,0,06
4,124,0,0,0,0,0,0,0,0,0,0,06
5,125,121.2552593,0,0,0,0,0,0,0,0,0,06
6,126,0,0,0,0,0,0,0,0,0,0,06
7,127,0,166.3,0,0,0,0,0,0,0,0,06
8,128,0,166.22,0,0,0,0,0,0,0,0,06
9,129,0,166.29,0,0,0,0,0,0,0,0,06
10,130,0,166.29,0,0,0,0,0,0,0,0,06
11,131,0,0,69.82,0,0,0,0,0,0,0,06
12,132,0,0,69.8,0,0,0,0,0,0,0,06
13,133,0,0,69.48,0,0,0,0,0,0,0,06
14,134,0,166.21,69.44,0,0,0,0,0,0,0,06
15,135,0,166.22,0,0,0,0,0,0,0,0,06
16,136,0,166.23,0,0,0,0,0,0,0,0,06
17,137,0,166.26,0,0,0,0,0,0,0,0,06
18,138,0,0,0,0,0,0,0,0,0,0,06
19,139,0,166.22,0,0,0,0,0,0,0,0,06
20,140,22.0964718,166.25,0,0,0,0,0,0,0,0,06
21,141,0,166.26,69.16,0,0,0,0,0,0,0,06
22,142,80.18790037,166.24,69.6,0,0,0,0,0,0,0,06
23,143,0,0,69.71,0,0,0,0,0,0,0,06
0,144,0,166.22,69.78,0,0,0,0,0,0,0,07
1,145,0,166.2,0,0,0,0,0,0,0,0,07
2,146,0,166.23,0,0,0,0,0,0,0,0,07
3,147,0,166.22,0,0,0,0,0,0,0,0,07
4,148,0,0,0,0,0,0,0,0,0,0,07
5,149,0,0,0,0,0,0,0,0,0,0,07
6,150,30.4418356,0,0,0,0,0,0,0,0,0,07
7,151,0,166.29,0,0,0,0,0,0,0,0,07
8,152,0,166.21,0,0,0,0,0,0,0,0,07
9,153,0,166.22,0,0,0,0,0,0,0,0,07
10,154,0,166.29,0,0,0,0,0,0,0,0,07
11,155,0,0,0,0,0,0,0,0,0,0,07
12,156,0,0,0,0,0,0,0,0,0,0,07
13,157,0,0,0,0,0,0,0,0,0,0,07
14,158,0,0,0,0,0,0,0,0,0,0,07
15,159,0,0,69.47,0,0,0,0,0,0,0,07
16,160,0,166.26,69.38,0,0,0,0,0,0,0,07
17,161,0,166.26,69.24,0,0,0,0,0,0,0,07
18,162,0,166.27,69.84,0,0,0,0,0,0,0,07
19,163,161.5149794,166.26,0,0,0,0,0,0,0,0,07
20,164,0,0,0,0,0,0,0,0,0,0,07
21,165,0,166.29,0,0,0,0,0,0,0,0,07
22,166,0,166.27,0,0,0,0,0,0,0,0,07
23,167,0,166.3,0,0,0,0,0,0,0,0,07
0,168,0,166.2,0,0,0,0,0,0,0,0,08
1,169,0,0,0,0,0,0,0,0,0,0,08
2,170,0,0,0,0,0,0,0,0,0,0,08
3,171,0,0,0,0,0,0,0,0,0,0,08
4,172,0,0,0,0,0,0,0,0,0,0,08
5,173,0,166.29,0,0,0,0,0,0,0,0,08
6,174,0,166.3,0,0,0,0,0,0,0,0,08
7,175,0,166.29,0,0,0,0,0,0,0,0,08
8,176,0,166.21,69.78,0,0,0,0,0,0,0,08
9,177,0,0,68.98,0,0,0,0,0,0,0,08
10,178,0,166.24,69.29,0,0,0,0,0,0,0,08
11,179,0,166.26,69.18,0,0,0,0,0,0,0,08
12,180,0,166.26,0,0,0,0,0,0,0,0,08
13,181,28.8040478,166.27,0,0,0,0,0,0,0,0,08
14,182,0,0,69.78,0,0,0,0,0,0,0,08
15,183,0,0,69.41,0,0,0,0,0,0,0,08
16,184,0,0,68.91,0,0,0,0,0,0,0,08
17,185,0,0,69.55,0,0,0,0,0,0,0,08
18,186,0,0,0,0,0,0,0,0,0,0,08
19,187,0,0,0,0,0,0,0,0,0,0,08
20,188,0,0,0,0,0,0,0,0,0,0,08
21,189,0,166.25,0,0,0,0,0,0,0,0,08
22,190,0,166.26,0,0,0,0,0,0,0,0,08
23,191,0,166.2,0,0,0,0,0,0,0,0,08
0,192,0,166.23,0,0,0,0,0,0,0,0,09
1,193,0,0,0,0,0,0,0,0,0,0,09
2,194,0,0,0,0,0,0,0,0,0,0,09
3,195,0,0,69.8,0,0,0,0,0,0,0,09
4,196,0,0,69.64,0,0,0,0,0,0,0,09
5,197,0,0,69.22,0,0,0,0,0,0,0,09
6,198,0,0,69.54,0,0,0,0,0,0,0,09
7,199,0,166.28,0,0,0,0,0,0,0,0,09
8,200,28.05559167,166.25,0,0,0,0,0,0,0,0,09
9,201,0,166.28,0,0,0,0,0,0,0,0,09
10,202,0,166.3,69.57,0,0,0,0,0,0,0,09
11,203,0,0,69.6,0,0,0,0,0,0,0,09
12,204,0,0,69.08,0,0,0,0,0,0,0,09
13,205,0,0,69.74,0,0,0,0,0,0,0,09
14,206,0,0,0,0,0,0,0,0,0,0,09
15,207,0,166.21,0,0,0,0,0,0,0,0,09
16,208,0,166.28,0,0,0,0,0,0,0,0,09
17,209,0,166.22,0,0,0,0,0,0,0,0,09
18,210,0,166.2,0,0,0,0,0,0,0,0,09
19,211,0,0,69.02,0,0,0,0,0,0,0,09
20,212,0,166.28,69.29,0,0,0,0,0,0,0,09
21,213,0,166.25,69.03,0,0,0,0,0,0,0,09
22,214,0,166.21,68.98,0,0,0,0,0,0,0,09
23,215,140.4514529,166.25,0,0,0,0,0,0,0,0,09
0,216,0,0,0,0,0,0,0,0,0,0,10
1,217,0,0,0,0,0,0,0,0,0,0,10
2,218,0,0,69.68,0,0,0,0,0,0,0,10
3,219,0,0,68.96,0,0,0,0,0,0,0,10
4,220,0,0,69.05,0,0,0,0,0,0,0,10
5,221,0,0,69.63,0,0,0,0,0,0,0,10
6,222,0,0,0,0,0,0,0,0,0,0,10
7,223,0,0,0,0,0,0,0,0,0,0,10
8,224,0,166.29,0,0,0,0,0,0,0,0,10
9,225,0,166.25,0,0,0,0,0,0,0,0,10
10,226,0,166.24,69.72,0,0,0,0,0,0,0,10
11,227,0,166.24,69.59,0,0,0,0,0,0,0,10
12,228,0,0,69.12,0,0,0,0,0,0,0,10
13,229,0,166.22,69.72,0,0,0,0,0,0,0,10
14,230,126.7345795,166.24,0,0,0,0,0,0,0,0,10
15,231,0,166.28,0,0,0,0,0,0,0,0,10
16,232,0,166.24,0,0,0,0,0,0,0,0,10
17,233,0,0,0,0,0,0,0,0,0,0,10
18,234,0,166.23,0,0,0,0,0,0,0,0,10
19,235,0,166.27,0,0,0,0,0,0,0,0,10
20,236,0,166.29,0,0,0,0,0,0,0,0,10
21,237,0,166.24,0,0,0,0,0,0,0,0,10
22,238,0,0,69.31,0,0,0,0,0,0,0,10
23,239,0,166.3,69.66,0,0,0,0,0,0,0,10
0,240,0,166.28,68.99,0,0,0,0,0,0,0,11
1,241,0,166.3,69.22,0,0,0,0,0,0,0,11
2,242,0,166.22,0,0,0,0,0,0,0,0,11
3,243,0,0,0,0,0,0,0,0,0,0,11
4,244,0,0,0,0,0,0,0,0,0,0,11
5,245,0,0,0,0,0,0,0,0,0,0,11
6,246,0,166.26,0,0,0,0,0,0,0,0,11
7,247,0,166.25,0,0,0,0,0,0,0,0,11
8,248,0,166.29,0,0,0,0,0,0,0,0,11
9,249,0,166.29,69.51,0,0,0,0,0,0,0,11
10,250,0,0,69.24,0,0,0,0,0,0,0,11
11,251,0,0,69.79,0,0,0,0,0,0,0,11
12,252,0,0,69.29,0,0,0,0,0,0,0,11
13,253,117.2933659,0,0,0,0,0,0,0,0,0,11
14,254,0,0,0,0,0,0,0,0,0,0,11
15,255,0,0,69.39,0,0,0,0,0,0,0,11
16,256,0,0,69.28,0,0,0,0,0,0,0,11
17,257,0,0,69.08,0,0,0,0,0,0,0,11
18,258,0,0,69.26,0,0,0,0,0,0,0,11
19,259,0,0,0,0,0,0,0,0,0,0,11
20,260,0,0,0,0,0,0,0,0,0,0,11
21,261,0,0,0,0,0,0,0,0,0,0,11
22,262,0,0,0,0,0,0,0,0,0,0,11
23,263,0,166.25,0,0,0,0,0,0,0,0,11
0,264,0,166.21,69.62,0,0,0,0,0,0,0,12
1,265,0,166.23,69.03,0,0,0,0,0,0,0,12
2,266,0,166.2,69.67,0,0,0,0,0,0,0,12
3,267,0,0,69.69,0,0,0,0,0,0,0,12
4,268,0,0,0,0,0,0,0,0,0,0,12
5,269,0,166.21,0,0,0,0,0,0,0,0,12
6,270,0,166.25,0,0,0,0,0,0,0,0,12
7,271,0,166.27,69.73,0,0,0,0,0,0,0,12
8,272,0,166.22,69.36,0,0,0,0,0,0,0,12
9,273,0,0,69.89,0,0,0,0,0,0,0,12
10,274,0,166.3,68.94,0,0,0,0,0,0,0,12
11,275,0,166.21,0,0,0,0,0,0,0,0,12
12,276,0,166.24,69.23,0,0,0,0,0,0,0,12
13,277,0,166.21,69.44,0,0,0,0,0,0,0,12
14,278,0,0,69.12,0,0,0,0,0,0,0,12
15,279,7.71368153,0,69.52,0,0,0,0,0,0,0,12
16,280,0,166.29,0,0,0,0,0,0,0,0,12
17,281,0,166.23,0,0,0,0,0,0,0,0,12
18,282,0,166.3,0,0,0,0,0,0,0,0,12
19,283,0,166.24,0,0,0,0,0,0,0,0,12
20,284,0,0,0,0,0,0,0,0,0,0,12
21,285,109.2969075,0,0,0,0,0,0,0,0,0,12
22,286,0,0,0,0,0,0,0,0,0,0,12
23,287,0,0,0,0,0,0,0,0,0,0,12
0,288,90.59898675,0,0,0,0,0,0,0,0,0,13
1,289,0,0,69.55,0,0,0,0,0,0,0,13
2,290,0,166.2,69.64,0,0,0,0,0,0,0,13
3,291,0,166.27,68.99,0,0,0,0,0,0,0,13
4,292,0,166.22,69.09,0,0,0,0,0,0,0,13
5,293,0,166.28,0,0,0,0,0,0,0,0,13
6,294,0,0,0,0,0,0,0,0,0,0,13
7,295,0,166.25,69.06,0,0,0,0,0,0,0,13
8,296,0,166.22,69.42,0,0,0,0,0,0,0,13
9,297,0,166.22,69.35,0,0,0,0,0,0,0,13
10,298,0,166.3,69.88,0,0,0,0,0,0,0,13
11,299,0,0,0,0,0,0,0,0,0,0,13
12,300,0,0,0,0,0,0,0,0,0,0,13
13,301,0,0,0,0,0,0,0,0,0,0,13
14,302,157.6501285,0,0,0,0,0,0,0,0,0,13
15,303,0,0,0,0,0,0,0,0,0,0,13
16,304,0,0,0,0,0,0,0,0,0,0,13
17,305,0,0,69.63,0,0,0,0,0,0,0,13
18,306,0,0,69.08,0,0,0,0,0,0,0,13
19,307,0,0,69.08,0,0,0,0,0,0,0,13
20,308,0,0,68.98,0,0,0,0,0,0,0,13
21,309,0,0,0,0,0,0,0,0,0,0,13
22,310,0,166.3,69.77,0,0,0,0,0,0,0,13
23,311,0,166.28,69.05,0,0,0,0,0,0,0,13
0,312,0,166.23,69.44,0,0,0,0,0,0,0,14
1,313,0,166.23,69.58,0,0,0,0,0,0,0,14
2,314,0,0,0,0,0,0,0,0,0,0,14
3,315,0,0,0,0,0,0,0,0,0,0,14
4,316,0,0,69.12,0,0,0,0,0,0,0,14
5,317,0,0,69.6,0,0,0,0,0,0,0,14
6,318,0,0,69.83,0,0,0,0,0,0,0,14
7,319,0,166.28,68.97,0,0,0,0,0,0,0,14
8,320,0,166.24,0,0,0,0,0,0,0,0,14
9,321,0,166.25,0,0,0,0,0,0,0,0,14
10,322,0,166.23,0,0,0,0,0,0,0,0,14
11,323,0,0,0,0,0,0,0,0,0,0,14
12,324,0,166.29,0,0,0,0,0,0,0,0,14
13,325,156.2238559,166.2,0,0,0,0,0,0,0,0,14
14,326,0,166.28,0,0,0,0,0,0,0,0,14
15,327,0,166.25,69.39,0,0,0,0,0,0,0,14
16,328,0,0,69.67,0,0,0,0,0,0,0,14
17,329,0,0,69.9,0,0,0,0,0,0,0,14
18,330,0,166.29,69.14,0,0,0,0,0,0,0,14
19,331,0,166.23,0,0,0,0,0,0,0,0,14
20,332,0,166.2,0,0,0,0,0,0,0,0,14
21,333,0,166.2,69.85,0,0,0,0,0,0,0,14
22,334,38.87601192,0,69.86,0,0,0,0,0,0,0,14
23,335,0,0,69.27,0,0,0,0,0,0,0,14
0,336,0,0,68.96,0,0,0,0,0,0,0,15
1,337,0,0,0,0,0,0,0,0,0,0,15
2,338,0,0,0,0,0,0,0,0,0,0,15
3,339,0,0,0,0,0,0,0,0,0,0,15
4,340,0,0,0,0,0,0,0,0,0,0,15
5,341,0,0,0,0,0,0,0,0,0,0,15
6,342,0,166.25,0,0,0,0,0,0,0,0,15
7,343,0,166.21,0,0,0,0,0,0,0,0,15
8,344,0,166.23,0,0,0,0,0,0,0,0,15
9,345,0,166.24,0,0,0,0,0,0,0,0,15
10,346,0,0,0,0,0,0,0,0,0,0,15
11,347,0,0,69.08,0,0,0,0,0,0,0,15
12,348,0,0,69.78,0,0,0,0,0,0,0,15
13,349,0,0,69.82,0,0,0,0,0,0,0,15
14,350,0,0,69.85,0,0,0,0,0,0,0,15
15,351,0,0,0,0,0,0,0,0,0,0,15
16,352,54.39090522,0,0,0,0,0,0,0,0,0,15
17,353,0,166.3,69.87,0,0,0,0,0,0,0,15
18,354,0,166.23,69.37,0,0,0,0,0,0,0,15
19,355,0,166.28,68.98,0,0,0,0,0,0,0,15
20,356,0,166.24,69.6,0,0,0,0,0,0,0,15
21,357,0,0,0,0,0,0,0,0,0,0,15
22,358,0,166.28,69.86,0,0,0,0,0,0,0,15
23,359,73.21844539,166.21,69.71,0,0,0,0,0,0,0,15
0,360,0,166.3,69.81,0,0,0,0,0,0,0,16
1,361,0,166.2,68.95,0,0,0,0,0,0,0,16
2,362,0,0,0,0,0,0,0,0,0,0,16
3,363,0,166.27,0,0,0,0,0,0,0,0,16
4,364,0,166.22,0,0,0,0,0,0,0,0,16
5,365,0,166.24,0,0,0,0,0,0,0,0,16
6,366,0,166.28,0,0,0,0,0,0,0,0,16
7,367,0,0,69.86,0,0,0,0,0,0,0,16
8,368,0,166.21,69.11,0,0,0,0,0,0,0,16
9,369,0,166.29,69.59,0,0,0,0,0,0,0,16
10,370,0,166.26,69.62,0,0,0,0,0,0,0,16
11,371,0,166.28,0,0,0,0,0,0,0,0,16
12,372,0,0,69.45,0,0,0,0,0,0,0,16
13,373,0,166.28,69.43,0,0,0,0,0,0,0,16
14,374,0,166.23,69.72,0,0,0,0,0,0,0,16
15,375,0,166.25,69.85,0,0,0,0,0,0,0,16
16,376,0,166.2,0,0,0,0,0,0,0,0,16
17,377,0,0,0,0,0,0,0,0,0,0,16
18,378,0,0,0,0,0,0,0,0,0,0,16
19,379,127.9544629,0,0,0,0,0,0,0,0,0,16
20,380,0,0,0,0,0,0,0,0,0,0,16
21,381,0,0,0,0,0,0,0,0,0,0,16
22,382,0,0,0,0,0,0,0,0,0,0,16
23,383,0,0,0,0,0,0,0,0,0,0,16
0,384,0,166.29,0,0,0,0,0,0,0,0,17
1,385,0,166.24,0,0,0,0,0,0,0,0,17
2,386,0,166.28,0,0,0,0,0,0,0,0,17
3,387,0,166.26,69.42,0,0,0,0,0,0,0,17
4,388,0,0,69.51,0,0,0,0,0,0,0,17
5,389,0,0,69.73,0,0,0,0,0,0,0,17
6,390,0,166.22,69.89,0,0,0,0,0,0,0,17
7,391,0,166.28,0,0,0,0,0,0,0,0,17
8,392,0,166.2,0,0,0,0,0,0,0,0,17
9,393,0,166.2,69.01,0,0,0,0,0,0,0,17
10,394,0,0,69.15,0,0,0,0,0,0,0,17
11,395,0,0,69.84,0,0,0,0,0,0,0,17
12,396,0,166.2,69.55,0,0,0,0,0,0,0,17
13,397,0,166.29,0,0,0,0,0,0,0,0,17
14,398,149.994002,166.23,69.82,0,0,0,0,0,0,0,17
15,399,0,166.2,69.43,0,0,0,0,0,0,0,17
16,400,0,0,69.74,0,0,0,0,0,0,0,17
17,401,0,0,69.39,0,0,0,0,0,0,0,17
18,402,0,166.26,0,0,0,0,0,0,0,0,17
19,403,0,166.22,69.39,0,0,0,0,0,0,0,17
20,404,0,166.21,69.83,0,0,0,0,0,0,0,17
21,405,0,166.28,69.73,0,0,0,0,0,0,0,17
22,406,0,0,69.04,0,0,0,0,0,0,0,17
23,407,0,0,0,0,0,0,0,0,0,0,17
0,408,0,0,0,0,0,0,0,0,0,0,18
1,409,0,0,0,0,0,0,0,0,0,0,18
2,410,0,0,0,0,0,0,0,0,0,0,18
3,411,0,0,0,0,0,0,0,0,0,0,18
4,412,0,0,0,0,0,0,0,0,0,0,18
5,413,0,0,0,0,0,0,0,0,0,0,18
6,414,0,0,0,0,0,0,0,0,0,0,18
7,415,65.03256601,0,0,0,0,0,0,0,0,0,18
8,416,0,166.21,0,0,0,0,0,0,0,0,18
9,417,0,166.23,0,0,0,0,0,0,0,0,18
10,418,0,166.28,0,0,0,0,0,0,0,0,18
11,419,0,166.2,0,0,0,0,0,0,0,0,18
12,420,0,0,0,0,0,0,0,0,0,0,18
13,421,0,0,0,0,0,0,0,0,0,0,18
14,422,0,0,0,0,0,0,0,0,0,0,18
15,423,0,0,0,0,0,0,0,0,0,0,18
16,424,0,166.21,0,0,0,0,0,0,0,0,18
17,425,0,166.21,0,0,0,0,0,0,0,0,18
18,426,0,166.22,69.62,0,0,0,0,0,0,0,18
19,427,0,166.3,69.37,0,0,0,0,0,0,0,18
20,428,0,0,68.99,0,0,0,0,0,0,0,18
21,429,69.53608222,166.25,69.72,0,0,0,0,0,0,0,18
22,430,0,166.28,0,0,0,0,0,0,0,0,18
23,431,0,166.27,69.2,0,0,0,0,0,0,0,18
0,432,0,166.2,69.59,0,0,0,0,0,0,0,19
1,433,0,0,69.41,0,0,0,0,0,0,0,19
2,434,0,0,69.17,0,0,0,0,0,0,0,19
3,435,0,0,0,0,0,0,0,0,0,0,19
4,436,0,166.28,0,0,0,0,0,0,0,0,19
5,437,0,166.23,0,0,0,0,0,0,0,0,19
6,438,0,166.27,0,0,0,0,0,0,0,0,19
7,439,0,166.24,0,0,0,0,0,0,0,0,19
8,440,0,0,0,0,0,0,0,0,0,0,19
9,441,0,0,68.99,0,0,0,0,0,0,0,19
10,442,0,0,69.82,0,0,0,0,0,0,0,19
11,443,0,0,69.86,0,0,0,0,0,0,0,19
12,444,0,166.3,69.85,0,0,0,0,0,0,0,19
13,445,0,166.21,0,0,0,0,0,0,0,0,19
14,446,103.833636,166.23,0,0,0,0,0,0,0,0,19
15,447,0,166.25,0,0,0,0,0,0,0,0,19
16,448,0,0,0,0,0,0,0,0,0,0,19
17,449,0,0,0,0,0,0,0,0,0,0,19
18,450,0,0,0,0,0,0,0,0,0,0,19
19,451,0,0,0,0,0,0,0,0,0,0,19
20,452,0,0,0,0,0,0,0,0,0,0,19
21,453,0,0,0,0,0,0,0,0,0,0,19
22,454,136.2724965,0,0,0,0,0,0,0,0,0,19
23,455,0,0,68.91,0,0,0,0,0,0,0,19
0,456,0,0,69.05,0,0,0,0,0,0,0,20
1,457,0,0,69.4,0,0,0,0,0,0,0,20
2,458,0,166.23,69.25,0,0,0,0,0,0,0,20
3,459,0,166.29,0,0,0,0,0,0,0,0,20
4,460,0,166.24,69.01,0,0,0,0,0,0,0,20
5,461,0,166.3,69.04,0,0,0,0,0,0,0,20
6,462,0,0,68.9,0,0,0,0,0,0,0,20
7,463,0,0,69.52,0,0,0,0,0,0,0,20
8,464,0,0,0,0,0,0,0,0,0,0,20
9,465,0,166.21,69.17,0,0,0,0,0,0,0,20
10,466,0,166.2,69.39,0,0,0,0,0,0,0,20
11,467,0,166.3,69.32,0,0,0,0,0,0,0,20
12,468,0,166.24,69.31,0,0,0,0,0,0,0,20
13,469,0,0,0,0,0,0,0,0,0,0,20
14,470,0,0,0,0,0,0,0,0,0,0,20
15,471,0,0,0,0,0,0,0,0,0,0,20
16,472,0,166.25,0,0,0,0,0,0,0,0,20
17,473,35.34234958,166.29,0,0,0,0,0,0,0,0,20
18,474,0,166.21,69.43,0,0,0,0,0,0,0,20
19,475,0,166.24,69.73,0,0,0,0,0,0,0,20
20,476,0,0,69.1,0,0,0,0,0,0,0,20
21,477,0,0,69.51,0,0,0,0,0,0,0,20
22,478,0,0,0,0,0,0,0,0,0,0,20
23,479,0,166.24,69.38,0,0,0,0,0,0,0,20
0,480,0,166.23,69.29,0,0,0,0,0,0,0,21
1,481,0,166.2,69.35,0,0,0,0,0,0,0,21
2,482,0,166.3,69.66,0,0,0,0,0,0,0,21
3,483,0,0,0,0,0,0,0,0,0,0,21
4,484,0,0,0,0,0,0,0,0,0,0,21
5,485,0,166.22,0,0,0,0,0,0,0,0,21
6,486,0,166.21,0,0,0,0,0,0,0,0,21
7,487,0,166.2,0,0,0,0,0,0,0,0,21
8,488,0,166.27,0,0,0,0,0,0,0,0,21
9,489,0,0,0,0,0,0,0,0,0,0,21
10,490,0,0,0,0,0,0,0,0,0,0,21
11,491,0,0,0,0,0,0,0,0,0,0,21
12,492,0,0,0,0,0,0,0,0,0,0,21
13,493,0,0,0,0,0,0,0,0,0,0,21
14,494,0,0,0,0,0,0,0,0,0,0,21
15,495,0,166.29,0,0,0,0,0,0,0,0,21
16,496,0,166.25,0,0,0,0,0,0,0,0,21
17,497,13.43362001,166.27,0,0,0,0,0,0,0,0,21
18,498,0,166.22,0,0,0,0,0,0,0,0,21
19,499,4.495466833,0,69.43,0,0,0,0,0,0,0,21
20,500,0,166.28,69.34,0,0,0,0,0,0,0,21
21,501,0,166.25,69.85,0,0,0,0,0,0,0,21
22,502,0,166.27,69.79,0,0,0,0,0,0,0,21
23,503,0,166.26,0,0,0,0,0,0,0,0,21
0,504,0,0,0,0,0,0,0,0,0,0,22
1,505,0,0,0,0,0,0,0,0,0,0,22
2,506,0,0,0,0,0,0,0,0,0,0,22
3,507,0,0,0,0,0,0,0,0,0,0,22
4,508,0,0,0,0,0,0,0,0,0,0,22
5,509,0,0,0,0,0,0,0,0,0,0,22
6,510,0,166.23,0,0,0,0,0,0,0,0,22
7,511,0,166.21,0,0,0,0,0,0,0,0,22
8,512,0,166.28,0,0,0,0,0,0,0,0,22
9,513,0,166.27,68.98,0,0,0,0,0,0,0,22
10,514,0,0,69.16,0,0,0,0,0,0,0,22
11,515,0,0,69.57,0,0,0,0,0,0,0,22
12,516,0,166.22,68.93,0,0,0,0,0,0,0,22
13,517,0,166.26,0,0,0,0,0,0,0,0,22
14,518,13.35069804,166.22,0,0,0,0,0,0,0,0,22
15,519,0,166.28,69.9,0,0,0,0,0,0,0,22
16,520,0,0,69.46,0,0,0,0,0,0,0,22
17,521,0,166.22,69.11,0,0,0,0,0,0,0,22
18,522,0,166.27,68.9,0,0,0,0,0,0,0,22
19,523,0,166.3,0,0,0,0,0,0,0,0,22
20,524,0,166.24,0,0,0,0,0,0,0,0,22
21,525,0,0,0,0,0,0,0,0,0,0,22
22,526,0,0,0,0,0,0,0,0,0,0,22
23,527,0,0,0,0,0,0,0,0,0,0,22
0,528,0,166.27,0,0,0,0,0,0,0,0,23
1,529,0,166.26,0,0,0,0,0,0,0,0,23
2,530,0,166.2,69.52,0,0,0,0,0,0,0,23
3,531,0,166.25,69.84,0,0,0,0,0,0,0,23
4,532,0,0,69.69,0,0,0,0,0,0,0,23
5,533,0,0,69.51,0,0,0,0,0,0,0,23
6,534,0,0,0,0,0,0,0,0,0,0,23
7,535,0,0,68.92,0,0,0,0,0,0,0,23
8,536,139.6410694,0,69.16,0,0,0,0,0,0,0,23
9,537,0,0,69.67,0,0,0,0,0,0,0,23
10,538,0,0,69.77,0,0,0,0,0,0,0,23
11,539,0,0,0,0,0,0,0,0,0,0,23
12,540,0,0,0,0,0,0,0,0,0,0,23
13,541,0,0,0,0,0,0,0,0,0,0,23
14,542,0,166.3,0,0,0,0,0,0,0,0,23
15,543,0,166.24,0,0,0,0,0,0,0,0,23
16,544,0,166.25,69.81,0,0,0,0,0,0,0,23
17,545,0,166.25,69.74,0,0,0,0,0,0,0,23
18,546,0,0,69.78,0,0,0,0,0,0,0,23
19,547,0,0,69.33,0,0,0,0,0,0,0,23
20,548,0,166.23,0,0,0,0,0,0,0,0,23
21,549,0,166.26,0,0,0,0,0,0,0,0,23
22,550,0,166.23,0,0,0,0,0,0,0,0,23
23,551,0,166.27,69.01,0,0,0,0,0,0,0,23
0,552,0,0,68.97,0,0,0,0,0,0,0,24
1,553,0,0,69.31,0,0,0,0,0,0,0,24
2,554,0,0,69.17,0,0,0,0,0,0,0,24
3,555,0,0,0,0,0,0,0,0,0,0,24
4,556,0,0,69.35,0,0,0,0,0,0,0,24
5,557,0,0,69.63,0,0,0,0,0,0,0,24
6,558,0,0,69.68,0,0,0,0,0,0,0,24
7,559,0,0,69.39,0,0,0,0,0,0,0,24
8,560,0,0,0,0,0,0,0,0,0,0,24
9,561,0,166.27,0,0,0,0,0,0,0,0,24
10,562,0,166.23,0,0,0,0,0,0,0,0,24
11,563,0,166.24,0,0,0,0,0,0,0,0,24
12,564,0,166.24,0,0,0,0,0,0,0,0,24
13,565,0,0,0,0,0,0,0,0,0,0,24
14,566,0,0,0,0,0,0,0,0,0,0,24
15,567,0,0,0,0,0,0,0,0,0,0,24
16,568,0,0,0,0,0,0,0,0,0,0,24
17,569,124.9594176,166.21,0,0,0,0,0,0,0,0,24
18,570,0,166.24,0,0,0,0,0,0,0,0,24
19,571,0,166.25,0,0,0,0,0,0,0,0,24
20,572,0,166.26,0,0,0,0,0,0,0,0,24
21,573,0,0,0,0,0,0,0,0,0,0,24
22,574,0,0,0,0,0,0,0,0,0,0,24
23,575,0,0,0,0,0,0,0,0,0,0,24
0,576,0,0,0,0,0,0,0,0,0,0,25
1,577,0,166.29,69.62,0,0,0,0,0,0,0,25
2,578,0,166.2,69.3,0,0,0,0,0,0,0,25
3,579,0,166.23,69.67,0,0,0,0,0,0,0,25
4,580,0,166.29,69.13,0,0,0,0,0,0,0,25
5,581,0,0,0,0,0,0,0,0,0,0,25
6,582,0,0,0,0,0,0,0,0,0,0,25
7,583,0,0,0,0,0,0,0,0,0,0,25
8,584,0,0,0,0,0,0,0,0,0,0,25
9,585,0,0,0,0,0,0,0,0,0,0,25
10,586,0,0,69.82,0,0,0,0,0,0,0,25
11,587,0,0,69.84,0,0,0,0,0,0,0,25
12,588,0,0,69.31,0,0,0,0,0,0,0,25
13,589,0,0,69.22,0,0,0,0,0,0,0,25
14,590,0,0,0,0,0,0,0,0,0,0,25
15,591,0,0,69.33,0,0,0,0,0,0,0,25
16,592,0,166.3,69.25,0,0,0,0,0,0,0,25
17,593,69.61008717,166.22,68.91,0,0,0,0,0,0,0,25
18,594,0,166.22,68.95,0,0,0,0,0,0,0,25
19,595,55.41443632,166.23,0,0,0,0,0,0,0,0,25
20,596,0,0,0,0,0,0,0,0,0,0,25
21,597,0,0,69.56,0,0,0,0,0,0,0,25
22,598,0,0,69.33,0,0,0,0,0,0,0,25
23,599,0,0,69.07,0,0,0,0,0,0,0,25
0,600,0,0,69.15,0,0,0,0,0,0,0,26
1,601,0,0,0,0,0,0,0,0,0,0,26
2,602,0,0,0,0,0,0,0,0,0,0,26
3,603,0,0,0,0,0,0,0,0,0,0,26
4,604,0,166.2,0,0,0,0,0,0,0,0,26
5,605,0,166.22,0,0,0,0,0,0,0,0,26
6,606,0,166.21,0,0,0,0,0,0,0,0,26
7,607,0,166.2,0,0,0,0,0,0,0,0,26
8,608,0,0,0,0,0,0,0,0,0,0,26
9,609,0,0,0,0,0,0,0,0,0,0,26
10,610,0,0,69.9,0,0,0,0,0,0,0,26
11,611,0,0,69.79,0,0,0,0,0,0,0,26
12,612,0,166.22,69.43,0,0,0,0,0,0,0,26
13,613,99.2197561,166.2,69.73,0,0,0,0,0,0,0,26
14,614,0,166.2,0,0,0,0,0,0,0,0,26
15,615,0,166.3,69.04,0,0,0,0,0,0,0,26
16,616,0,0,69.2,0,0,0,0,0,0,0,26
17,617,0,0,69.67,0,0,0,0,0,0,0,26
18,618,0,0,69.87,0,0,0,0,0,0,0,26
19,619,0,0,0,0,0,0,0,0,0,0,26
20,620,44.4431164,166.28,69.19,0,0,0,0,0,0,0,26
21,621,0,166.3,69.3,0,0,0,0,0,0,0,26
22,622,0,166.27,69.87,0,0,0,0,0,0,0,26
23,623,0,166.22,69.91,0,0,0,0,0,0,0,26
0,624,0,0,0,0,0,0,0,0,0,0,27
1,625,0,166.29,68.96,0,0,0,0,0,0,0,27
2,626,0,166.29,69.87,0,0,0,0,0,0,0,27
3,627,0,166.21,69.87,0,0,0,0,0,0,0,27
4,628,0,166.24,69.06,0,0,0,0,0,0,0,27
5,629,0,0,0,0,0,0,0,0,0,0,27
6,630,0,0,0,0,0,0,0,0,0,0,27
7,631,0,0,0,0,0,0,0,0,0,0,27
8,632,116.0693023,0,0,0,0,0,0,0,0,0,27
9,633,0,0,69.14,0,0,0,0,0,0,0,27
10,634,0,0,69.9,0,0,0,0,0,0,0,27
11,635,0,166.25,69.29,0,0,0,0,0,0,0,27
12,636,0,166.29,69.28,0,0,0,0,0,0,0,27
13,637,0,166.26,0,0,0,0,0,0,0,0,27
14,638,0,166.27,69.9,0,0,0,0,0,0,0,27
15,639,0,0,69.52,0,0,0,0,0,0,0,27
16,640,0,0,69.32,0,0,0,0,0,0,0,27
17,641,0,166.22,69.55,0,0,0,0,0,0,0,27
18,642,0,166.28,0,0,0,0,0,0,0,0,27
19,643,0,166.21,0,0,0,0,0,0,0,0,27
20,644,0,166.28,69.83,0,0,0,0,0,0,0,27
21,645,0,0,69.13,0,0,0,0,0,0,0,27
22,646,0,166.28,69.34,0,0,0,0,0,0,0,27
23,647,0,166.21,69.27,0,0,0,0,0,0,0,27
0,648,0,166.24,0,0,0,0,0,0,0,0,28
1,649,0,166.21,0,0,0,0,0,0,0,0,28
2,650,0,0,68.97,0,0,0,0,0,0,0,28
3,651,0,166.25,69.77,0,0,0,0,0,0,0,28
4,652,0,166.21,69.37,0,0,0,0,0,0,0,28
5,653,0,166.3,68.9,0,0,0,0,0,0,0,28
6,654,0,166.22,0,0,0,0,0,0,0,0,28
7,655,42.31102142,0,0,0,0,0,0,0,0,0,28
8,656,0,0,0,0,0,0,0,0,0,0,28
9,657,0,0,0,0,0,0,0,0,0,0,28
10,658,0,0,0,0,0,0,0,0,0,0,28
11,659,0,0,69.64,0,0,0,0,0,0,0,28
12,660,0,166.24,69.27,0,0,0,0,0,0,0,28
13,661,0,166.29,69.84,0,0,0,0,0,0,0,28
14,662,59.38995367,166.29,69.13,0,0,0,0,0,0,0,28
15,663,0,166.29,0,0,0,0,0,0,0,0,28
16,664,0,0,0,0,0,0,0,0,0,0,28
17,665,0,0,69.28,0,0,0,0,0,0,0,28
18,666,0,0,69.01,0,0,0,0,0,0,0,28
19,667,0,0,69.54,0,0,0,0,0,0,0,28
20,668,0,166.23,69.25,0,0,0,0,0,0,0,28
21,669,0,166.24,0,0,0,0,0,0,0,0,28
22,670,0,166.28,69.31,0,0,0,0,0,0,0,28
23,671,0,166.3,69.64,0,0,0,0,0,0,0,28
0,672,0,0,69.79,0,0,0,0,0,0,0,29
1,673,0,0,68.92,0,0,0,0,0,0,0,29
2,674,0,0,0,0,0,0,0,0,0,0,29
3,675,0,166.25,0,0,0,0,0,0,0,0,29
4,676,0,166.3,0,0,0,0,0,0,0,0,29
5,677,0,166.2,69.53,0,0,0,0,0,0,0,29
6,678,0,166.22,69.85,0,0,0,0,0,0,0,29
7,679,0,0,69.11,0,0,0,0,0,0,0,29
8,680,0,0,69.05,0,0,0,0,0,0,0,29
9,681,0,0,0,0,0,0,0,0,0,0,29
10,682,0,166.26,0,0,0,0,0,0,0,0,29
11,683,0,166.28,0,0,0,0,0,0,0,0,29
12,684,0,166.3,0,0,0,0,0,0,0,0,29
13,685,0,166.22,0,0,0,0,0,0,0,0,29
14,686,0,0,0,0,0,0,0,0,0,0,29
15,687,0,166.29,0,0,0,0,0,0,0,0,29
16,688,56.13395632,166.2,0,0,0,0,0,0,0,0,29
17,689,0,166.23,0,0,0,0,0,0,0,0,29
18,690,0,166.2,0,0,0,0,0,0,0,0,29
19,691,0,0,69.41,0,0,0,0,0,0,0,29
20,692,0,0,68.93,0,0,0,0,0,0,0,29
21,693,0,166.22,69.19,0,0,0,0,0,0,0,29
22,694,0,166.29,69.68,0,0,0,0,0,0,0,29
23,695,0,166.2,0,0,0,0,0,0,0,0,29
0,696,0,166.28,0,0,0,0,0,0,0,0,30
1,697,0,0,0,0,0,0,0,0,0,0,30
2,698,0,0,0,0,0,0,0,0,0,0,30
3,699,0,166.27,0,0,0,0,0,0,0,0,30
4,700,0,166.22,0,0,0,0,0,0,0,0,30
5,701,0,166.2,0,0,0,0,0,0,0,0,30
6,702,0,166.22,0,0,0,0,0,0,0,0,30
7,703,0,0,0,0,0,0,0,0,0,0,30
8,704,0,0,0,0,0,0,0,0,0,0,30
9,705,0,0,69.87,0,0,0,0,0,0,0,30
10,706,0,0,69.71,0,0,0,0,0,0,0,30
11,707,0,0,69.47,0,0,0,0,0,0,0,30
12,708,0,166.2,69.3,0,0,0,0,0,0,0,30
13,709,52.15220759,166.24,0,0,0,0,0,0,0,0,30
14,710,0,166.29,69.64,0,0,0,0,0,0,0,30
15,711,0,166.25,68.96,0,0,0,0,0,0,0,30
16,712,167.8481674,0,69.17,0,0,0,0,0,0,0,30
17,713,0,166.23,69.1,0,0,0,0,0,0,0,30
18,714,0,166.3,0,0,0,0,0,0,0,0,30
19,715,0,166.29,0,0,0,0,0,0,0,0,30
20,716,0,166.2,0,0,0,0,0,0,0,0,30
21,717,0,0,0,0,0,0,0,0,0,0,30
22,718,0,0,69.68,0,0,0,0,0,0,0,30
23,719,0,0,68.97,0,0,0,0,0,0,0,30
