0,0,0,0,0,0,0,0,300,300,300,300,300,140.8737772,0,0,0,0,0,0,0,0,0,300
0,0,0,0,0,0,0,0,0,0,0,0,0,0,0,300,300,300,300,300,300,243.4821907,0,0
0,0,0,0,300,300,300,300,300,29.45430462,0,0,0,0,0,0,0,0,0,0,0,0,0,0
0,0,0,0,0,71.82366782,0,0,0,0,0,300,300,300,58.94288692,0,0,0,0,0,0,0,0,0
0,0,0,0,0,0,0,0,0,0,300,300,300,300,158.2930457,0,0,0,0,0,0,0,0,0
0,0,0,0,0,0,0,0,0,0,0,0,0,0,0,300,209.2866957,0,0,0,0,0,300,300
0,300,300,300,300,300,300,300,60.0089232,0,0,0,0,0,0,0,0,0,0,0,0,0,0,0
0,0,0,0,0,0,0,0,0,0,0,0,0,0,0,0,0,300,300,72.94327863,0,0,0,300
300,300,300,300,300,300,300,207.7617889,0,300,300,300,300,300,300,82.11607494,0,0,111.5652242,0,0,300,300,300
0,0,0,0,0,0,0,0,0,0,0,0,0,0,0,0,0,0,300,300,300,300,300,103.8671761
0,0,0,0,0,0,0,0,0,0,0,0,0,0,0,0,210.3207399,0,0,0,0,0,300,300
0,0,0,0,0,0,0,0,0,0,0,0,0,0,0,300,300,127.4770985,0,0,0,0,0,0
0,0,0,0,0,0,0,0,0,300,300,300,300,189.3284746,0,0,0,300,300,300,300,300,244.7243108,0
0,0,0,0,0,244.2662695,0,0,0,0,0,0,0,0,0,0,0,0,0,0,0,300,87.10852057,0
0,0,0,0,0,0,0,0,0,0,0,0,0,0,0,0,0,300,300,300,231.1206692,0,0,0
0,0,0,0,0,0,0,0,0,0,0,0,300,121.8573238,0,0,0,0,0,0,0,0,300,300
0,0,0,0,0,0,0,0,0,0,0,0,300,300,300,300,300,52.09285636,0,0,300,300,300,300
0,0,0,0,0,0,0,0,0,0,0,0,0,0,0,0,0,0,300,300,300,300,300,300
300,300,300,263.3122416,0,0,0,0,0,0,0,0,0,0,0,0,0,0,0,0,0,0,300,300
0,0,0,0,0,0,0,0,0,300,300,300,300,300,300,89.75522032,0,0,0,0,0,0,0,0
0,0,0,0,0,0,300,300,300,300,300,300,133.3569506,0,0,0,0,300,300,300,300,300,300,300
0,0,0,300,300,300,300,300,232.598149,0,0,0,0,0,0,0,0,0,0,0,300,1.106091587,0,0
0,0,0,0,0,0,0,300,300,300,300,300,300,200.721346,0,0,0,0,0,0,0,0,0,0
0,0,0,0,300,124.9768715,0,0,0,0,300,300,300,300,300,7.985797398,0,0,0,0,0,0,0,0
0,0,0,0,0,300,300,300,20.68926498,0,0,0,0,0,0,300,300,300,181.6787221,0,0,0,0,0
0,0,0,0,0,0,0,0,0,0,0,0,0,0,0,0,0,0,300,265.7717495,0,0,0,0
0,0,0,0,0,0,0,0,0,0,0,0,0,0,0,0,300,300,300,300,300,300,160.2547393,0
0,0,300,4.128908648,0,0,0,0,0,0,0,0,300,243.8456289,0,0,0,0,0,0,300,48.48616032,0,0
0,0,0,0,0,0,0,0,0,0,0,0,0,0,0,0,0,37.48179147,0,0,0,0,0,0
0,0,0,0,300,300,300,216.4659819,0,0,0,0,0,0,0,0,0,0,0,0,0,0,0,0
0,0,0,0,190.8910781,0,0,0,0,0,0,0,0,0,0,0,0,0,300,300,300,300,300,141.34015
0,0,0,0,0,0,0,0,0,0,0,0,0,0,0,0,0,300,300,300,292.4414795,0,0,0
0,0,0,0,0,0,300,300,15.76969519,0,0,0,0,0,300,300,80.17088415,0,0,0,0,0,0,0
0,0,300,85.30490788,0,0,0,0,0,0,0,0,300,300,300,300,300,300,227.4651945,0,0,0,0,0
0,0,0,0,0,0,0,300,300,300,300,300,298.2841536,0,0,0,0,0,0,0,0,0,0,0
0,0,0,0,0,0,0,0,0,0,0,0,0,0,0,300,300,29.8720389,0,0,0,0,0,0
0,0,0,0,0,0,0,0,0,0,0,0,0,0,300,300,300,300,38.64254121,0,0,0,0,0
0,0,0,0,0,0,0,0,0,0,0,0,0,0,0,0,0,0,300,300,300,300,174.7131254,0
0,0,0,0,0,0,0,300,300,300,279.7750888,0,0,0,0,0,0,0,0,0,0,0,0,0
0,0,0,0,0,0,0,0,0,0,0,0,0,0,0,0,0,300,300,300,300,300,300,189.4603358
0,0,0,0,0,0,0,0,0,0,0,0,300,300,120.2545493,0,0,0,0,0,0,0,0,0
0,0,0,0,0,0,0,0,0,0,0,0,300,300,300,300,300,300,300,295.2069562,0,0,0,0
0,0,0,0,0,0,0,0,0,0,0,0,300,300,300,300,300,145.1961349,0,0,0,0,0,0
0,0,0,0,0,0,0,0,0,0,0,0,0,0,0,0,0,0,300,300,300,300,300,194.6191231
0,0,0,0,0,0,0,0,0,300,300,300,226.2812125,0,0,0,0,0,0,0,0,0,0,0
0,0,0,0,0,0,0,0,0,0,0,0,0,0,0,0,0,0,300,300,300,300,300,300
0,0,0,0,300,300,300,300,224.6705875,0,0,0,0,300,300,300,300,300,255.4049729,0,0,0,300,211.5899139
0,0,0,126.2655161,0,0,0,0,149.8503434,0,0,28.26624274,0,0,0,0,0,0,0,0,0,0,0,300
0,0,0,0,0,0,0,0,0,0,0,0,0,0,0,0,0,0,300,300,300,166.4694076,0,0
0,0,0,0,0,0,0,0,0,0,0,0,0,300,300,300,101.9203532,0,0,0,0,0,300,300
0,0,0,0,0,0,0,0,0,0,0,0,0,0,0,300,300,300,300,219.2734663,0,0,0,0
0,0,0,0,300,300,300,300,139.4570555,0,0,0,0,0,0,300,300,300,145.9724485,0,0,0,0,0
0,0,0,0,0,0,0,0,0,0,0,0,0,0,0,300,300,300,300,300,260.7396225,0,0,0
0,0,0,0,0,0,0,0,0,0,0,0,0,0,0,0,0,0,300,300,300,300,300,300
0,0,0,0,300,300,300,300,300,300,300,291.5185634,0,0,0,0,0,0,0,0,0,0,0,0
0,300,300,300,98.50705287,0,0,0,0,0,0,0,0,0,0,0,0,0,0,0,0,0,300,300
0,0,0,0,0,0,0,0,0,0,0,300,300,300,300,300,114.3148737,0,0,0,0,0,0,0
0,0,0,0,0,0,0,0,0,0,0,0,0,0,0,0,0,0,104.7626932,0,0,0,0,0
0,0,0,0,0,0,0,0,0,0,0,0,0,0,300,300,300,300,300,300,128.1175264,0,0,0
0,0,0,0,0,0,0,0,0,0,0,0,0,0,0,0,300,300,300,300,300,300,300,85.84455604
0,0,0,0,0,0,0,0,0,0,0,0,0,0,300,300,300,300,300,14.36283685,0,0,0,0
300,300,300,300,282.5344007,0,0,0,300,300,300,300,300,300,300,198.1031266,0,0,0,0,0,0,0,0
300,53.64067588,0,0,0,0,0,0,0,0,0,0,0,0,0,0,0,0,0,0,257.0618925,0,0,0
0,0,0,0,0,0,0,0,0,0,0,0,0,0,0,300,300,300,271.6848414,0,0,0,0,0
0,0,0,0,0,0,300,300,300,300,300,4.244784463,0,0,0,0,0,0,0,0,0,0,0,0
0,0,0,0,0,0,0,0,0,0,0,0,300,300,300,300,300,300,300,117.8607948,0,0,0,0
0,0,0,0,0,0,0,0,0,0,0,0,0,0,70.87194054,0,0,0,0,0,0,0,0,0
0,0,0,0,0,0,0,0,0,0,0,0,0,0,0,300,300,300,300,300,300,300,281.8407837,0
0,0,0,0,0,0,0,0,300,300,300,300,300,140.641669,0,0,0,0,0,0,300,127.3361026,0,0
0,0,0,198.22629,0,0,0,0,0,300,300,300,138.6273864,0,300,300,300,300,300,87.88300569,0,0,0,0
0,0,0,0,0,0,0,0,0,0,0,300,300,300,300,300,300,220.0420974,0,0,300,69.61033804,0,0
0,0,0,0,0,0,0,0,300,300,300,300,300,300,300,203.2314908,0,0,0,0,0,0,300,300
0,0,150.6222072,0,0,0,0,0,0,0,0,0,0,0,0,0,0,0,300,300,300,300,300,147.4258022
0,0,0,0,0,300,300,300,300,105.8420909,0,0,0,0,0,0,0,210.1320302,0,0,0,0,0,0
0,0,0,0,0,0,0,300,300,300,137.9926538,0,0,0,0,0,300,300,300,85.30598529,0,0,0,0
0,0,0,0,0,0,300,300,300,300,183.5916272,0,0,0,0,0,0,0,0,0,0,0,0,0
0,0,0,0,0,0,0,0,0,0,0,0,0,0,300,300,300,300,271.1976504,0,0,0,0,0
0,0,0,0,0,0,0,0,0,0,0,0,0,0,0,0,292.7350412,0,0,0,0,0,0,0
0,0,0,0,0,0,0,0,0,0,0,300,300,300,300,300,135.9331747,0,0,0,0,0,0,0
0,0,0,0,300,59.89694784,0,0,0,0,0,300,300,300,300,300,105.1168004,0,0,0,0,0,0,300
0,0,0,0,0,0,0,0,300,300,300,300,300,300,300,167.9274135,0,0,0,0,0,0,0,0
0,0,0,0,0,247.1431516,0,0,0,0,0,0,0,0,0,300,300,300,300,278.5269969,0,0,0,0
0,0,0,0,0,0,0,0,0,0,0,0,0,0,0,0,300,300,300,300,300,33.26154904,0,0
0,0,0,0,0,0,0,0,0,0,0,0,111.3397663,0,0,0,0,0,0,0,0,0,0,0
0,0,0,0,0,0,0,0,0,0,0,0,300,300,300,95.75914643,0,0,0,0,0,0,0,0
0,0,0,0,0,0,0,0,0,300,300,300,300,300,134.9703222,0,0,0,0,0,0,0,0,0
0,0,0,0,0,0,0,0,0,300,300,300,300,300,300,145.1554423,0,0,0,0,0,300,300,300
0,0,0,0,0,0,0,0,0,0,0,0,300,300,300,300,300,300,300,107.2395106,0,0,0,0
0,0,0,0,0,0,0,0,300,300,50.85230549,0,0,0,0,0,0,0,0,0,0,0,0,300
0,0,0,0,0,0,0,0,0,300,300,300,111.0836438,0,0,0,0,0,0,0,0,0,0,300
0,0,0,0,0,0,0,0,0,0,0,300,300,300,300,251.3043739,0,0,0,0,0,0,0,0
0,0,0,300,300,300,74.02509484,0,0,0,0,0,0,0,0,0,0,0,0,0,0,0,0,0
0,0,0,0,0,0,0,0,0,0,300,300,300,300,300,129.5130918,0,0,0,0,0,0,0,0
0,0,0,0,0,0,0,0,0,0,0,0,0,300,300,300,300,300,11.45525379,0,0,0,0,0
0,0,0,0,0,0,0,0,0,0,0,0,0,0,0,0,0,0,300,300,182.868273,0,0,0
0,0,0,0,0,0,0,0,0,0,0,0,0,300,300,200.4507507,0,300,300,300,41.36068186,0,0,0
0,0,0,0,0,0,0,0,0,0,0,0,0,0,0,300,300,300,300,300,300,300,77.68786453,0
300,300,300,300,300,300,300,272.5044313,0,0,0,0,0,0,0,0,0,0,0,0,0,300,300,300
0,0,0,0,0,0,0,0,300,300,300,300,300,300,300,99.12604358,0,0,0,0,0,0,0,0
0,0,0,0,0,0,0,0,0,0,0,0,0,0,0,0,0,0,300,300,300,300,300,300
0,0,0,0,0,0,0,0,0,0,0,0,0,0,300,300,300,300,300,155.1447721,0,0,0,0
300,300,300,300,300,300,223.3406397,0,0,300,300,300,300,300,251.7881728,0,0,0,0,0,0,0,300,300
0,300,300,300,96.92135957,0,0,0,0,0,0,0,0,0,0,0,0,0,0,0,0,300,300,300
0,0,0,0,0,0,0,0,0,0,0,300,300,300,300,300,156.1774428,0,0,0,0,0,0,0
0,300,300,300,169.1901733,0,0,0,0,0,0,0,0,0,0,0,265.0853706,0,300,300,121.1621187,0,0,0
0,0,0,0,0,0,0,0,0,0,0,0,0,0,0,0,300,300,300,300,300,117.9187313,0,0
300,300,202.6355141,0,0,0,300,300,300,300,103.3319992,0,0,0,0,300,300,300,281.194087,0,0,0,0,0
0,0,0,0,0,0,0,0,0,0,0,0,0,0,0,0,0,300,300,37.41389529,0,0,0,0
0,0,0,0,0,0,0,300,100.5302983,0,0,0,0,0,0,0,0,0,0,0,0,0,0,0
0,0,0,0,0,0,0,0,0,0,0,0,0,300,300,300,300,300,300,300,126.4462317,0,300,300
0,0,0,0,0,0,0,0,0,0,300,300,300,300,55.80641332,0,0,0,0,0,0,0,0,0
0,0,0,0,0,0,0,0,0,0,0,0,300,300,85.30232433,0,0,300,300,300,300,300,300,300
0,0,0,0,0,0,0,0,0,300,300,16.31927343,0,0,0,0,0,0,0,0,0,0,0,0
0,0,0,0,0,0,0,0,300,300,300,300,300,300,300,5.557448406,0,0,0,300,300,300,300,300
0,300,300,300,300,300,160.8898769,0,300,300,300,300,300,300,300,99.75355497,0,0,0,0,0,0,0,0
0,0,0,0,0,0,0,0,0,0,0,0,0,0,0,0,0,131.5610359,0,0,0,0,0,0
0,0,0,0,0,0,0,300,239.2718205,0,0,0,0,0,0,0,300,300,300,300,300,300,43.491378,0
0,0,0,0,0,0,0,0,0,0,0,0,0,0,0,0,0,169.5226268,0,0,0,0,0,0
0,0,0,0,0,0,0,0,0,0,0,14.15183114,0,0,0,0,0,0,0,0,0,0,0,0
0,0,0,0,0,0,0,0,0,0,0,300,300,300,188.3183616,0,0,0,0,0,0,0,0,0
0,0,0,0,300,300,300,300,300,300,115.8716681,0,0,0,0,0,0,0,0,0,300,300,300,300
0,0,0,0,0,0,0,0,0,0,0,0,0,300,300,300,290.6738813,0,0,300,300,300,213.8773562,0
0,0,0,0,0,0,0,300,76.31838466,0,0,0,0,0,300,300,300,300,300,179.9631938,0,0,0,0
0,0,0,0,0,0,0,0,0,0,0,0,0,0,0,0,300,300,300,300,300,300,287.309376,0
0,300,300,300,300,300,106.8207341,0,0,0,0,0,0,0,0,0,0,0,0,0,0,144.8008806,0,0
0,0,300,300,300,300,300,300,300,205.1707154,0,0,0,0,0,0,0,0,0,0,0,0,0,0
0,0,0,0,0,0,0,0,0,0,0,139.8925782,0,0,0,0,0,0,0,0,0,0,0,300
0,0,0,0,300,300,300,300,300,300,57.84313117,0,0,0,0,0,300,300,300,300,263.2972644,0,300,300
0,0,0,0,0,0,0,0,0,0,0,0,0,0,0,0,0,0,300,300,300,300,300,300
0,0,0,0,0,0,0,0,0,0,0,0,0,0,0,0,0,0,300,300,300,300,112.8826515,0
0,0,0,161.6151348,0,0,0,0,0,0,0,0,0,0,0,0,0,0,0,300,39.61302969,0,300,248.0586188
0,0,0,0,0,0,0,0,12.32797842,0,0,0,0,0,0,0,0,300,300,103.0959472,0,0,0,0
0,0,0,0,0,0,0,0,0,0,0,0,0,300,300,300,300,300,125.7037199,0,0,0,0,0
0,0,0,0,0,0,0,0,300,300,300,300,300,300,300,134.0815457,0,0,0,0,0,0,0,0
300,300,300,300,252.1986921,0,0,0,181.2667131,0,0,0,0,0,0,0,0,0,0,0,0,204.3089322,0,0
0,0,0,0,0,101.5395996,0,0,0,0,0,0,0,0,0,0,0,300,300,300,300,300,300,300
0,0,0,0,0,0,300,300,300,300,300,187.8240326,0,0,0,0,300,300,300,300,300,300,300,150.1097593
0,0,0,0,0,0,0,166.1228513,0,0,0,0,0,0,0,0,0,0,0,0,0,0,0,0
0,0,0,0,300,300,183.2129777,0,0,0,0,0,0,0,0,0,0,0,0,0,0,0,0,0
0,0,0,0,0,0,0,0,0,0,0,0,300,300,115.5763135,0,0,0,0,0,0,0,0,0
0,0,0,0,0,0,300,300,108.2443808,0,0,0,0,0,0,0,0,0,300,300,300,300,97.71448448,0
0,0,0,0,0,0,0,0,0,0,0,0,0,0,300,300,300,293.6073374,0,0,0,0,0,0
0,300,300,300,152.2348428,0,0,0,0,0,0,0,0,300,300,300,300,300,40.78776286,0,0,0,0,0
0,0,0,0,300,300,300,300,300,260.3512822,0,0,0,0,0,0,0,0,0,0,0,0,0,0
0,0,0,0,0,0,0,0,0,0,0,0,0,0,300,300,300,300,300,300,300,152.390337,0,0
0,0,0,0,0,0,300,300,300,8.00775516,0,0,300,300,300,300,70.19225582,0,0,300,300,300,300,300
0,300,300,300,300,227.494709,0,0,0,0,0,0,300,300,300,300,300,300,300,284.9047982,0,0,0,0
0,300,300,300,142.3347839,0,0,0,0,0,0,0,0,0,0,0,0,0,0,300,300,262.1109007,0,0
0,0,0,0,0,0,0,0,0,0,300,300,257.8709711,0,0,300,300,300,115.5988072,0,0,0,0,0
0,0,0,0,0,0,0,0,0,0,0,0,0,0,0,300,300,14.80802397,0,0,0,0,0,0
0,300,300,25.70387787,0,95.03369004,0,0,19.0399774,0,0,0,0,0,0,0,0,0,300,300,300,300,300,224.4796921
0,0,0,0,0,0,0,0,84.11273505,0,0,0,0,0,0,0,0,0,0,0,0,0,0,0
0,0,0,0,0,0,0,0,0,0,0,0,0,0,300,300,191.7403142,0,0,0,0,0,0,0
0,0,0,0,300,300,284.1168679,0,0,0,0,0,0,300,300,300,300,300,55.00859375,0,0,0,0,0
300,300,300,300,300,236.8823871,0,0,0,0,0,0,0,0,0,0,0,0,0,0,0,300,300,300
0,0,0,0,0,0,0,0,0,0,0,0,0,0,300,300,300,300,239.6815568,0,0,0,0,0
300,300,300,300,300,300,193.4478548,0,300,300,300,300,300,300,247.36848,0,0,0,0,0,0,0,0,300
300,300,300,300,300,300,139.5936584,0,0,0,300,300,300,300,300,123.6208099,0,0,0,0,0,0,0,0
0,0,0,0,192.2300796,0,0,0,0,0,0,0,0,0,0,0,178.5573318,0,0,0,0,300,102.657809,0
0,0,300,300,300,300,300,300,109.9677382,0,0,0,0,0,0,0,0,0,0,0,0,300,300,300
0,0,0,0,0,0,0,0,0,300,300,300,300,300,300,300,213.1766435,0,0,0,0,0,0,0
0,0,0,0,0,0,0,0,0,0,0,0,0,0,0,0,0,300,300,300,300,300,299.0280029,0
0,0,0,0,0,0,0,0,0,0,0,0,0,0,0,300,300,300,300,300,300,60.21810981,0,0
0,0,0,0,0,0,0,0,0,0,0,0,0,0,0,0,300,300,300,300,300,300,38.9971689,0
0,0,0,0,233.8701783,0,0,0,0,0,0,0,0,0,0,0,0,0,0,0,0,300,300,300
0,300,300,300,22.03480685,0,0,0,0,0,300,300,300,300,300,300,300,216.1264941,0,0,300,152.7315803,0,300
0,0,0,0,0,0,0,0,0,0,0,0,0,0,0,0,300,300,300,300,300,147.8258391,0,0
0,0,0,0,0,0,300,300,300,266.088163,0,0,0,0,0,0,43.22512307,0,0,0,0,0,0,0
0,0,0,0,300,300,300,300,300,300,54.51066195,0,0,0,0,0,0,0,0,0,0,0,0,0
0,0,0,0,0,0,0,0,0,0,0,300,300,80.04926161,0,0,0,0,0,0,0,0,0,0
0,0,0,0,0,0,0,0,0,300,300,300,300,300,300,300,104.3643016,0,0,0,0,0,0,0
0,300,300,300,300,300,300,300,244.3171783,0,0,0,0,0,0,0,0,0,300,300,300,300,300,300
0,0,0,0,0,0,0,0,0,0,0,0,300,30.23123213,0,0,300,300,286.1170155,0,0,0,0,0
0,300,300,300,272.6691237,0,0,0,0,0,0,0,0,0,0,0,0,0,0,0,0,0,0,300
0,0,0,0,0,0,0,300,300,300,300,300,300,296.0457127,0,0,0,0,0,0,0,0,0,0
0,0,0,0,0,0,0,0,0,300,300,300,152.7770319,0,0,0,0,0,0,0,0,0,300,300
0,0,0,0,0,0,0,0,0,0,0,0,0,300,300,300,300,300,53.38164204,0,0,0,0,0
0,0,0,0,300,300,300,83.77236851,0,0,0,0,300,59.14336092,0,0,0,0,0,0,0,0,0,0
0,0,0,300,164.4114113,0,0,0,0,0,0,0,0,0,300,16.21746524,0,0,0,0,0,0,0,0
0,0,0,0,300,300,300,300,300,300,300,151.2925566,0,0,0,0,0,0,0,0,0,0,0,0
0,0,0,0,0,300,300,300,128.9859279,0,0,0,0,0,0,0,0,0,0,0,0,0,0,0
0,0,0,0,0,0,0,0,0,0,0,0,0,0,0,0,300,128.6323634,0,0,0,0,0,0
0,0,0,0,0,0,0,0,0,0,0,0,0,0,300,300,300,300,256.960273,0,0,0,0,0
0,0,0,0,0,0,0,0,0,0,0,0,0,0,0,300,300,300,300,300,278.3992689,0,0,0
0,0,0,0,0,0,0,0,0,0,0,0,0,0,0,0,0,300,300,300,226.4981291,0,0,0
0,0,0,0,0,0,0,0,0,0,0,0,0,0,0,0,0,0,103.2527873,0,0,0,0,0
0,0,0,0,0,0,0,0,0,0,0,300,300,105.9817386,0,0,300,300,300,300,300,300,300,43.12114909
0,0,0,0,0,0,300,300,300,268.6004551,0,0,0,0,4.185929126,0,0,0,0,0,0,0,0,0
0,0,187.3765035,0,0,0,0,0,0,0,0,0,0,0,0,300,300,300,283.0534679,0,0,0,0,0
0,0,0,0,0,0,0,0,0,0,0,0,0,0,0,0,300,300,93.85785048,0,0,0,0,0
0,0,0,0,0,300,300,289.4312329,0,0,0,0,0,300,134.5914134,0,0,0,0,0,300,300,300,300
0,0,0,0,0,0,0,0,0,0,0,0,0,300,300,300,14.56396,0,0,0,0,0,0,0
0,167.0919862,0,0,0,0,0,0,0,0,0,0,0,0,300,300,300,300,51.98138501,0,0,0,0,0
0,300,300,300,300,114.478448,0,0,0,0,0,300,300,300,300,98.72613044,0,0,0,0,0,0,0,0
0,0,300,300,300,300,300,300,212.0632241,0,0,0,0,0,0,0,300,300,300,94.90835262,0,0,0,0
0,0,300,300,300,232.4302082,0,0,0,0,0,0,0,0,0,0,0,0,0,0,300,300,142.7386193,0
0,0,0,0,0,0,0,0,0,0,0,0,0,0,0,0,0,0,205.1287723,0,0,0,0,0
0,0,0,0,0,0,0,0,0,0,0,300,300,169.7959324,0,0,0,0,0,0,0,0,0,300
0,0,0,0,0,300,300,300,300,67.69745221,0,300,300,300,300,300,300,241.445739,0,0,0,0,0,300
0,0,76.48640246,0,0,0,0,0,300,300,226.099724,0,0,0,0,0,0,0,0,0,0,0,0,300
0,0,0,0,0,292.0078835,0,0,0,0,0,0,0,0,0,0,0,0,0,300,127.0867353,0,0,0
0,0,0,0,0,0,0,0,0,0,0,0,0,300,300,94.75758321,0,0,0,0,0,0,0,0
0,0,0,0,0,0,0,0,0,0,0,93.08915167,0,0,0,0,300,147.0322608,0,0,0,0,0,0
0,0,0,0,0,0,0,0,0,0,300,300,300,300,300,300,25.53702323,0,0,0,0,300,300,300
0,0,0,0,0,0,0,0,0,0,0,0,0,0,0,0,0,265.7698544,0,0,0,0,0,0
0,0,0,0,0,0,300,300,300,300,286.4807665,0,0,0,0,0,0,0,0,0,0,0,0,0
0,0,0,0,0,0,300,300,300,165.7047461,0,0,0,0,0,300,300,300,300,300,282.9107585,0,0,0
0,0,0,0,0,0,0,0,0,0,0,0,0,0,0,0,0,0,300,300,262.6136564,0,0,0
0,0,300,85.21916627,0,0,0,0,0,0,0,300,86.8212531,0,0,0,0,0,300,300,300,127.4127344,0,0
0,0,0,0,0,0,0,0,0,0,300,300,300,300,300,300,300,75.428555,0,0,0,0,0,0
0,0,0,0,0,0,0,0,0,300,300,300,300,300,300,293.7840012,0,0,0,0,0,0,0,0
0,0,0,0,0,0,0,0,0,0,0,0,0,300,300,113.6813174,0,0,300,300,300,224.0820633,0,0
0,0,0,0,0,0,0,0,300,300,300,245.1073594,0,0,0,0,0,0,0,0,0,0,0,0
0,0,0,0,0,0,0,0,0,0,0,0,0,0,0,0,0,0,215.2791484,0,0,0,0,0
0,0,0,0,0,0,0,0,0,0,300,300,300,43.46541065,0,0,0,0,0,0,0,0,0,0
0,300,115.2681724,0,138.598461,0,0,0,0,0,0,0,0,0,300,300,258.5334059,0,0,0,0,0,0,0
0,0,0,0,0,300,300,300,34.4051839,0,0,0,0,145.3486207,0,0,300,300,300,300,200.8062111,0,0,0
0,0,0,0,0,300,300,300,300,300,49.42493504,0,0,0,0,0,0,0,0,0,0,0,0,0
0,0,0,0,0,0,0,0,0,0,0,0,0,0,0,0,0,300,300,300,300,300,300,300
0,0,0,0,0,0,0,0,0,0,0,0,0,0,0,300,300,300,300,300,300,167.0010394,0,0
0,0,0,0,0,0,0,0,0,0,0,0,300,300,300,300,300,300,22.61499667,0,0,0,0,300
0,0,0,0,0,0,0,0,0,0,50.61041092,0,0,0,0,0,0,0,0,0,0,0,0,0
0,0,0,0,0,0,0,0,0,0,300,300,300,170.5138641,0,0,0,300,300,300,300,120.2778616,0,0
0,0,0,0,0,0,0,0,0,300,300,300,300,300,300,257.9687171,0,0,0,300,300,83.45197095,0,0
0,0,0,0,0,0,300,300,300,300,168.3134141,0,0,0,300,300,300,300,300,300,300,144.0753162,0,0
0,0,0,0,0,0,0,0,0,0,0,0,0,0,0,0,0,300,300,262.3688579,0,0,300,300
0,300,300,300,300,300,300,300,103.8126837,0,0,0,0,32.86701676,0,0,0,0,0,0,0,0,0,0
0,0,0,0,116.6671399,0,0,0,300,300,300,232.6781897,0,0,300,300,300,300,60.68946852,0,0,0,0,0
0,0,0,0,0,0,0,0,0,0,0,0,300,300,230.168491,0,0,16.29614828,0,0,0,0,0,0
0,0,0,0,0,0,0,0,0,0,0,300,223.1898544,0,0,0,0,0,0,0,0,300,300,300
0,0,0,0,0,0,0,0,0,0,0,218.7124877,0,0,0,0,0,0,0,0,0,0,300,294.2784982
0,0,0,0,0,0,0,0,0,300,300,300,45.97079126,0,0,0,0,0,0,0,0,300,300,300
0,0,0,0,0,0,0,300,300,191.4615144,0,0,0,0,0,0,0,0,0,0,0,0,0,0
0,0,0,0,0,0,0,0,0,0,0,0,0,0,0,300,191.989813,0,0,0,0,300,300,300
0,0,0,0,0,0,0,0,0,0,0,0,0,0,300,300,300,300,300,300,300,140.2850353,0,300
0,0,0,0,0,0,0,0,0,0,0,0,0,0,0,0,0,300,300,194.7780019,0,0,0,0
300,300,300,300,300,62.03839611,0,0,0,0,0,0,0,0,0,0,0,0,0,0,0,300,300,134.535028
0,0,0,0,0,0,0,0,0,0,0,0,300,300,176.3637274,0,0,0,0,0,0,0,0,0
0,0,0,0,0,0,300,300,300,300,80.51184695,0,0,0,0,0,0,0,0,0,0,0,0,0
0,0,0,5.610197737,0,0,0,0,0,0,0,0,0,0,0,0,300,300,300,93.75777597,0,0,0,0
0,0,0,0,0,0,0,0,0,0,0,300,300,300,300,300,300,300,111.491035,0,0,0,0,0
0,0,0,0,0,0,0,0,0,0,300,300,101.5892893,0,0,0,0,0,0,0,0,0,0,0
0,0,0,0,300,300,300,300,136.9170323,0,0,0,0,0,0,0,0,0,0,0,0,300,150.6807659,0
0,300,300,300,300,194.8358571,0,0,0,300,300,300,300,300,300,300,43.28589812,0,0,0,0,0,0,0
0,0,300,300,300,300,165.8897316,0,0,0,0,0,0,0,300,124.2530689,0,0,0,0,0,0,0,0
0,0,0,0,0,0,0,0,0,0,0,67.96559319,0,0,0,0,0,0,0,0,0,0,300,300
0,0,0,0,0,0,0,0,0,0,0,0,0,0,0,0,0,300,300,300,300,300,300,300
0,0,0,0,0,0,0,0,0,0,0,0,0,0,0,0,300,300,300,27.85342961,0,0,0,0
0,0,0,0,0,0,0,0,300,300,44.99962962,0,0,0,0,0,0,0,0,0,0,300,300,300
0,0,0,0,0,0,0,0,0,0,0,0,0,0,0,0,300,300,300,300,300,145.4138565,0,0
204.7290254,0,0,0,0,0,0,0,0,0,0,0,0,0,0,0,0,119.5052145,0,0,0,0,0,0
0,0,0,0,0,0,0,0,0,300,300,1.28165469,0,0,0,0,0,0,0,0,0,0,0,300
0,0,0,300,300,300,300,300,300,146.380245,0,0,0,0,0,0,0,0,0,0,0,0,0,0
0,0,0,0,0,0,0,0,0,217.779178,0,0,0,0,0,0,0,0,0,0,0,300,300,300
300,300,58.32268109,0,0,0,0,0,0,0,0,0,0,0,0,0,0,300,300,300,300,300,300,1.173670678
0,0,0,0,0,0,0,0,0,0,0,0,0,300,300,300,300,204.7838735,0,0,0,0,0,0
0,0,0,0,300,249.5073757,0,0,0,0,0,0,0,0,0,0,0,0,0,0,300,300,300,300
0,0,0,0,0,0,0,0,0,0,0,0,0,54.35419123,0,0,0,300,243.7548785,0,0,0,0,0
0,0,0,0,0,0,0,0,0,0,300,300,300,300,300,300,256.8268453,0,0,0,0,0,0,300
0,0,0,300,300,300,300,284.1616668,0,0,0,0,0,300,300,300,300,300,255.4080693,0,0,0,0,0
0,0,0,0,0,0,0,0,0,0,0,0,0,300,300,300,300,300,199.0299815,0,0,0,0,300
0,0,0,0,0,0,0,0,0,0,0,0,0,300,173.1103267,0,0,0,0,0,300,33.67251232,0,0
0,0,0,0,0,0,0,0,0,0,0,0,0,0,0,0,254.8322181,0,0,0,0,0,0,0
300,300,300,300,300,300,300,188.9962676,0,0,0,0,0,0,0,0,0,0,0,0,0,0,0,68.21835098
0,0,0,0,0,0,0,0,0,300,300,300,300,300,300,300,137.8518562,0,0,300,300,300,300,9.00842883
0,0,0,0,0,0,0,300,300,300,300,72.86124636,0,0,0,0,0,0,0,0,0,0,0,0
0,0,0,0,0,0,0,0,0,0,0,0,0,0,0,0,0,300,247.9411178,0,0,0,0,0
0,0,0,0,0,0,0,300,300,300,300,300,300,300,270.2368397,0,0,0,0,0,0,0,0,0
0,0,0,0,300,300,271.0121891,0,0,0,0,0,0,0,0,0,0,0,0,300,300,300,300,300
0,0,0,0,300,300,300,85.45886896,0,0,0,0,0,0,0,0,0,0,0,0,0,0,0,300
0,0,0,0,0,0,0,0,0,12.66205392,0,0,0,0,0,0,0,0,0,0,0,0,0,0
0,0,0,0,0,0,0,0,0,0,0,0,0,0,0,0,0,0,300,174.479998,0,0,0,0
0,0,0,0,300,300,300,300,152.1127185,0,0,0,0,0,0,0,0,0,0,0,0,0,0,0
0,0,0,0,0,0,0,300,300,300,300,300,38.642355,0,0,0,0,0,0,0,0,0,0,0
300,300,300,300,300,3.684308082,0,0,0,0,0,0,0,0,0,0,0,0,300,300,300,300,84.14438783,0
0,0,0,0,0,0,0,0,0,0,0,0,0,0,300,300,300,300,300,300,300,200.6925791,0,0
0,300,300,300,300,300,300,280.6472129,0,0,0,0,0,0,0,0,0,0,0,0,0,300,300,300
0,0,0,0,0,0,0,0,0,0,0,0,0,0,0,0,300,300,300,300,300,157.2120739,0,0
187.7082213,0,0,0,0,0,0,0,0,0,0,0,0,0,0,0,225.7539746,0,0,0,0,0,0,0
0,0,0,0,0,0,0,0,0,0,0,0,0,0,0,300,300,300,300,300,103.7191876,0,0,0
0,0,0,0,0,0,0,0,0,0,0,300,215.5948841,0,0,0,0,300,300,300,300,39.47323746,0,0
0,0,0,0,0,300,300,300,300,294.2952643,0,0,300,300,300,300,243.2568125,0,0,0,0,0,0,0
0,0,0,0,0,0,0,0,0,300,225.5774031,0,0,0,300,300,300,300,300,300,300,245.1724114,0,0
0,0,0,0,0,0,0,0,0,0,0,300,300,300,206.1913432,0,0,0,0,0,0,0,300,300
0,0,0,0,0,0,0,0,0,0,300,97.78335614,0,0,0,0,0,0,0,0,0,0,0,0
0,0,0,0,0,0,0,0,0,33.98748798,0,0,0,300,300,300,300,300,300,29.00456634,0,0,0,0
0,0,0,0,0,0,0,0,0,0,0,0,300,300,300,300,300,300,239.2082805,0,0,0,0,0
0,252.5558363,0,0,0,0,0,0,0,0,0,0,0,0,0,0,300,300,239.052539,0,0,0,0,0
0,0,0,0,0,300,300,300,76.05633743,0,0,0,0,0,0,0,300,300,240.8600032,0,0,0,0,0
0,0,0,0,0,0,0,0,0,0,0,0,0,0,0,0,0,0,300,300,288.4414674,0,0,0
0,300,300,189.1319497,0,0,0,0,0,0,0,300,300,300,300,300,300,199.5838983,0,0,0,0,0,0
0,0,0,0,0,0,0,0,0,0,300,300,300,48.70572723,0,0,300,300,280.7340986,0,0,0,0,0
0,0,0,0,0,0,0,0,0,0,0,0,0,300,300,300,300,300,300,87.23988478,0,0,0,0
0,0,0,0,0,0,0,0,0,0,0,0,0,0,0,0,0,0,300,300,300,148.863741,0,0
0,0,0,0,0,0,0,0,0,0,0,0,0,0,0,0,0,300,300,300,300,300,29.35473464,0
0,0,0,0,0,0,0,0,0,300,300,300,300,300,300,125.7298429,0,0,0,0,0,0,0,0
0,0,0,0,0,0,300,300,300,300,300,104.0345826,0,0,0,300,300,300,300,300,82.59777534,0,0,0
0,0,0,0,0,0,0,0,0,0,300,300,300,300,300,300,300,10.34308109,0,0,0,0,0,0
0,0,0,0,0,0,0,0,0,0,0,0,300,300,300,234.0738115,0,0,0,0,0,0,0,0
0,0,0,0,0,0,0,0,0,0,0,0,0,0,0,0,0,300,300,300,262.3244093,0,0,0
0,0,300,300,300,162.9500797,0,0,0,0,0,0,0,0,0,0,0,300,300,300,300,171.6249127,0,0
0,0,0,0,0,0,0,0,300,300,300,300,300,300,300,246.1646918,0,0,0,300,300,300,300,300
0,0,0,0,0,0,0,0,0,0,0,0,300,300,300,300,300,300,300,239.3459286,0,0,300,300
0,300,300,299.362822,0,0,0,0,0,0,0,0,0,0,0,0,0,0,0,0,0,0,300,300
0,0,285.5059052,0,0,0,0,0,0,0,0,0,0,0,0,0,0,0,0,0,300,300,300,300
300,300,300,300,115.6217332,0,0,0,0,0,0,0,0,0,0,0,0,0,0,0,300,300,237.76864,0
0,0,0,0,0,0,0,0,300,300,300,136.9393245,0,0,0,0,0,0,0,0,0,0,0,0
0,0,0,300,300,300,300,300,300,66.94958347,0,0,0,0,0,0,0,0,0,0,0,0,0,0
0,0,0,0,0,0,0,0,0,0,0,0,0,300,300,300,165.3446925,0,0,0,0,0,0,0
0,0,0,300,300,300,300,300,145.6721036,0,0,0,0,0,300,300,300,300,300,300,226.1392644,0,0,0
0,0,0,0,0,0,0,0,0,0,0,0,0,0,0,0,300,300,300,282.9499567,0,0,0,0
0,0,0,0,0,0,0,0,300,300,71.30569068,0,0,0,0,0,0,0,0,0,0,0,0,0
0,0,0,0,0,0,0,0,0,0,0,0,0,0,0,0,300,300,300,300,300,122.4936323,0,300
0,0,0,300,300,300,300,300,300,300,102.8166796,0,300,300,300,300,300,300,156.3227764,0,0,0,0,0
0,300,300,300,300,33.93561058,0,300,300,300,300,300,247.4719075,0,0,300,300,300,300,300,197.1823236,0,0,0
0,0,0,0,0,0,0,0,300,300,300,300,273.7197381,0,267.5528082,0,0,0,0,0,0,0,0,0
0,0,0,0,0,0,0,0,0,0,0,0,0,0,0,0,0,0,300,300,300,220.0247183,0,0
0,0,0,0,300,300,300,300,300,166.8855424,0,300,300,300,300,300,300,156.0303041,0,0,0,0,0,0
0,0,0,0,0,0,0,0,0,0,278.0706082,0,0,0,0,0,0,0,0,0,0,300,300,300
0,300,300,300,300,300,300,75.98682057,0,0,0,0,300,300,300,143.2330933,0,0,0,0,0,0,0,0
0,0,0,0,0,300,300,300,300,300,58.11042402,0,0,0,0,300,73.55201566,0,0,0,0,0,0,0
0,0,0,0,0,0,0,0,0,300,300,300,300,300,207.4215093,0,0,0,0,0,0,0,0,0
0,0,0,0,0,0,0,300,300,300,300,193.280432,0,0,0,0,0,0,300,300,25.52699703,0,0,0
0,0,0,0,0,0,0,0,0,0,0,300,300,300,147.5514229,0,0,0,0,0,85.40154449,0,0,300
0,0,0,0,0,0,0,300,300,300,300,300,300,12.42059192,0,0,0,0,0,0,0,0,0,0
0,0,0,0,0,0,0,0,300,300,300,300,300,300,63.71975057,0,0,0,0,0,0,0,0,300
0,0,0,0,0,0,0,0,300,102.5633616,0,0,0,0,0,0,0,0,0,0,0,0,0,26.08115556
0,0,0,0,115.4440781,0,0,0,0,0,0,0,0,0,0,0,0,0,0,0,0,0,0,0
0,0,0,0,0,0,0,0,0,300,256.1761338,0,0,0,0,0,0,0,0,300,300,300,300,300
0,0,0,300,300,300,190.7257565,0,0,0,0,300,300,216.3791013,0,0,0,0,0,0,0,0,0,0
0,0,0,0,0,0,0,0,300,154.7282985,0,0,0,0,0,0,0,0,300,300,300,300,300,300
0,0,0,0,0,0,0,0,0,0,0,0,0,300,300,300,300,300,300,53.68216728,0,0,0,0
0,0,0,0,22.97271025,0,0,0,0,0,0,0,0,0,0,0,0,0,0,0,0,0,300,165.6240862
0,0,0,0,0,0,0,0,300,300,180.8090685,0,0,0,0,0,0,0,0,300,300,300,300,300
0,0,0,0,300,300,300,287.4809548,0,0,0,0,0,0,0,0,0,300,300,300,300,300,300,300
0,0,0,0,0,0,0,0,0,284.9219698,0,0,0,0,0,0,0,0,0,0,0,0,0,300
0,0,0,0,0,0,0,0,0,300,300,300,300,300,300,229.3948028,0,0,0,0,0,0,0,0
0,0,0,300,300,300,300,111.1035234,0,0,0,0,0,300,300,300,300,300,266.8805394,0,0,0,0,0
0,0,0,0,0,0,0,0,0,0,0,0,0,0,0,0,0,0,300,300,300,238.5309512,0,0
0,0,0,0,0,0,0,0,0,0,0,0,0,0,0,0,0,0,33.13711414,0,0,0,0,0
0,300,300,262.1688358,0,0,0,0,0,0,0,0,0,0,0,0,0,0,0,0,0,0,0,37.04461911
0,0,0,0,300,300,300,300,300,187.3917361,0,0,0,0,0,0,0,300,231.1599243,0,0,0,0,0
0,0,0,0,0,0,0,300,300,300,300,237.0433556,0,0,0,0,0,0,0,0,0,0,0,0
0,0,0,0,300,300,262.5981543,0,0,0,0,0,0,300,300,300,300,300,47.86294553,0,0,0,0,0
0,0,0,0,0,0,0,0,0,0,0,0,0,0,0,0,0,0,300,300,300,300,300,300
0,0,161.8200754,0,0,0,0,0,0,0,0,0,0,0,0,0,0,0,0,0,0,300,300,300
0,0,0,0,0,0,0,0,0,0,0,0,0,0,0,0,0,0,271.6504155,0,0,300,300,300
0,0,0,0,0,0,0,0,0,0,0,40.58438274,0,0,0,0,0,300,300,300,129.6207379,0,0,0
0,0,0,0,0,0,0,0,0,0,0,0,0,0,0,300,300,300,300,300,300,300,104.3277202,0
0,0,0,0,0,0,0,0,0,0,0,0,300,153.7481443,0,0,0,0,0,0,0,0,0,300
0,0,0,0,0,0,0,0,0,0,300,300,300,300,42.33466944,0,0,300,300,300,300,300,117.8270447,0
0,0,0,0,0,0,0,0,300,300,300,300,300,300,1.167246381,0,0,0,0,0,0,0,0,0
0,0,0,0,114.5402223,0,0,0,0,0,0,0,0,0,0,0,0,300,300,300,300,298.3674032,0,0
0,0,0,0,0,0,0,0,0,0,0,0,0,300,300,300,300,300,242.5199428,0,0,0,0,0
0,0,0,0,0,0,0,0,0,0,0,0,0,0,0,0,300,300,300,300,300,2.398951247,0,0
0,0,300,300,300,300,256.7038363,0,0,0,0,0,0,0,0,0,0,0,0,0,152.2835567,0,0,0
0,270.9618024,0,0,0,0,0,0,0,0,0,0,0,0,0,0,0,0,0,0,0,300,300,300
0,0,0,0,0,0,0,0,0,0,0,0,0,0,0,0,300,116.7841658,0,0,0,0,0,0
0,0,0,0,0,0,0,0,0,0,0,0,0,0,0,0,0,0,300,300,259.628685,0,0,0
0,300,174.0376201,0,0,0,0,0,0,0,0,0,0,0,0,0,0,0,0,0,0,300,300,300
0,0,0,0,300,300,300,300,300,300,300,42.03271097,0,0,300,63.23622328,0,0,0,0,0,0,0,0
0,0,0,0,0,0,0,0,0,0,0,0,0,300,300,300,300,300,300,297.8434554,0,0,0,0
300,300,300,300,300,300,300,42.80610018,0,0,0,0,0,0,0,0,0,0,0,0,300,46.30311541,0,0
0,0,0,0,0,0,0,0,0,0,0,0,0,0,0,300,300,300,300,300,300,300,236.5690082,0
300,300,300,300,300,300,204.7226178,0,0,0,0,0,0,300,107.4479133,0,0,0,0,0,0,300,300,300
0,0,0,0,0,0,0,0,0,0,0,0,0,0,300,300,300,300,300,132.9030745,0,0,0,0
0,0,0,0,0,0,0,0,0,0,0,0,0,300,300,300,300,300,17.79012388,0,0,0,0,0
300,300,300,300,97.18956095,0,0,0,0,0,0,0,0,0,0,0,0,0,0,0,0,0,300,300
0,0,0,0,0,0,0,0,0,0,0,0,0,0,0,0,300,300,221.1813344,0,0,0,0,0
0,0,0,0,0,0,0,0,0,0,0,0,0,0,0,0,300,300,300,300,300,300,231.8962653,0
0,300,300,127.3892573,0,0,0,0,0,0,0,0,0,0,0,0,300,300,300,300,300,276.1265908,0,0
0,0,0,0,0,0,0,0,0,0,0,0,0,0,0,0,0,300,300,300,300,88.97935744,0,0
0,0,0,0,0,0,0,0,0,0,0,0,300,300,300,300,52.93015077,0,0,0,0,0,0,0
0,0,0,0,0,0,0,300,300,300,283.0310385,0,0,0,0,0,0,0,0,0,0,0,300,300
0,0,0,0,0,0,0,0,0,0,300,300,300,300,300,300,168.4096727,0,0,0,0,0,0,0
0,0,0,0,0,0,0,0,0,0,0,0,0,0,0,0,0,0,300,300,300,65.38539265,0,0
0,0,0,0,0,0,0,0,0,0,0,0,0,0,300,252.0278304,0,0,0,0,0,0,0,0
0,0,300,300,300,300,300,100.0484186,0,0,0,0,300,300,300,35.5374113,0,0,0,0,0,0,0,0
0,0,0,0,0,0,0,0,0,0,0,0,0,0,0,0,0,163.5031897,0,0,0,0,300,300
300,300,300,300,300,169.2700904,0,0,0,0,0,0,0,0,0,0,0,0,0,0,234.5828003,0,0,0
0,0,0,300,300,190.6704009,0,0,0,0,0,0,300,300,300,300,300,300,248.548615,0,0,0,0,0
0,0,0,0,0,0,0,0,0,0,0,0,0,0,300,300,300,300,300,300,300,165.1578526,0,0
0,0,0,0,0,300,300,300,245.3016417,0,0,0,0,300,300,158.0636265,0,0,0,300,300,300,300,90.90306966
0,0,0,0,0,300,300,300,297.9235019,0,0,0,0,0,0,0,0,0,0,0,0,300,300,300
0,0,0,0,0,0,0,0,0,0,0,300,300,300,300,300,300,300,37.79029594,0,0,0,300,300
0,0,0,0,0,0,0,300,300,300,300,300,2.510372272,0,0,0,0,300,300,300,300,300,201.027933,0
0,300,300,300,300,2.744666424,0,0,0,0,0,0,0,300,300,300,300,300,184.7777391,0,0,0,300,300
0,0,300,300,300,300,300,300,43.35547988,0,0,0,0,0,0,0,0,0,0,0,0,0,0,300
0,0,0,0,0,0,0,0,0,0,0,0,300,300,187.9841278,0,0,0,0,0,300,300,300,158.5869089
300,300,300,300,300,300,300,49.10844013,0,0,0,0,0,0,0,0,0,0,0,0,0,0,0,0
0,0,0,0,0,0,0,0,300,300,300,300,300,300,65.06878816,0,0,0,0,0,0,0,0,0
0,0,0,0,300,300,300,300,300,300,300,215.5969404,0,0,0,0,0,300,300,300,300,300,300,300
0,0,0,0,0,300,300,300,300,300,237.9373064,0,0,0,0,0,0,0,0,0,0,0,0,300
0,0,0,300,300,300,244.0514457,0,0,0,0,0,0,0,300,300,300,300,300,113.8200061,0,0,0,0
0,0,0,0,0,0,0,0,0,0,300,300,300,5.690696089,0,0,300,300,300,300,300,39.08626071,0,0
0,0,0,0,0,0,0,0,0,0,0,0,0,0,0,0,300,300,300,300,300,300,127.6003239,0
0,0,0,300,300,300,300,300,300,300,116.285006,0,0,0,0,0,0,0,0,0,0,0,0,0
0,0,0,300,246.2979017,0,0,0,0,0,0,0,0,0,0,0,0,300,300,300,300,300,300,73.91308268
0,0,0,0,0,0,0,0,300,300,300,300,300,300,300,65.14637178,0,0,0,0,0,0,0,0
0,0,0,0,0,0,0,0,0,0,0,0,300,300,300,49.35331642,0,300,300,300,234.9263587,0,0,0
0,0,0,0,0,0,0,300,300,300,300,277.3198656,0,0,0,0,0,0,0,0,0,0,0,0
300,300,198.4263319,0,300,300,300,163.5656117,0,0,0,0,0,0,0,0,300,300,300,300,300,300,190.8076386,0
0,0,0,300,300,300,10.11348762,0,0,0,0,0,0,0,0,0,0,0,0,0,0,0,0,0
0,0,0,0,0,0,0,0,0,0,0,0,0,0,0,300,186.3389849,0,0,0,0,0,0,0
0,0,0,0,300,300,300,300,300,28.94267022,0,0,0,300,300,300,300,300,300,84.46872315,0,0,0,0
0,0,0,0,0,0,0,0,0,0,0,0,0,0,0,0,0,0,300,300,300,298.7890429,0,0
0,0,0,0,0,0,0,0,0,0,0,0,0,300,300,212.6405259,0,0,0,0,0,0,0,0
0,0,0,0,0,0,300,300,300,300,142.891349,0,0,0,0,0,0,0,0,0,0,0,0,0
0,0,0,300,300,6.478659538,0,0,0,0,0,0,0,0,0,300,20.69912779,0,0,300,132.1490382,0,0,0
0,0,0,0,0,0,0,0,0,0,0,0,0,0,0,0,0,300,300,300,134.7677474,0,265.5895195,0
0,0,0,0,0,0,0,0,0,0,0,0,0,0,300,300,300,300,300,49.34701811,0,0,0,0
0,0,0,0,0,0,0,0,300,300,300,300,300,82.22263841,0,0,0,0,0,0,0,0,0,0
0,0,0,0,0,0,300,300,300,300,300,184.8604855,0,0,0,0,0,0,0,0,0,0,0,0
0,0,0,0,0,0,0,300,300,69.26046466,0,0,0,0,0,0,300,300,300,155.5766161,0,0,0,0
0,0,0,0,0,0,0,0,0,0,0,0,0,0,0,0,15.42739608,0,0,0,0,0,300,300
0,0,0,0,0,0,0,0,0,0,0,0,0,300,300,81.55214954,0,0,0,300,300,300,300,113.0931064
0,0,0,300,88.27927934,0,0,0,0,0,0,0,0,0,0,0,0,0,0,0,300,300,300,300
0,300,300,300,300,300,207.6926402,0,300,300,300,300,300,125.7296603,0,0,0,0,0,0,0,0,0,300
0,0,0,0,0,0,0,0,0,0,0,0,0,0,0,300,300,300,300,300,300,300,228.4135242,0
0,0,0,0,0,0,0,0,0,0,300,300,299.7603671,0,0,0,0,0,0,0,0,0,0,0
0,0,0,0,0,0,0,0,0,0,300,300,300,300,47.08336179,0,0,0,0,0,0,0,0,0
0,0,0,0,0,300,154.477848,0,0,0,0,0,300,20.96571452,0,0,0,0,0,300,300,161.7357192,0,0
0,0,0,0,0,0,171.6490714,0,0,0,0,0,0,0,0,0,0,0,0,0,0,0,0,0
0,0,0,0,0,0,0,0,0,0,0,0,0,0,0,0,0,141.4197815,0,0,0,0,0,0
0,0,0,0,0,0,0,0,0,0,300,300,300,300,300,300,243.8251185,0,0,0,0,0,0,0
300,300,300,300,300,215.7307929,0,0,0,0,0,0,0,0,0,0,0,0,0,0,0,0,0,0
0,0,0,0,0,0,300,300,300,300,300,117.2003618,0,0,300,300,300,300,300,300,300,19.86687278,0,0
0,0,0,0,0,0,0,0,0,0,0,0,0,0,0,0,0,0,300,300,300,300,300,300
0,0,0,0,0,0,0,0,0,0,0,0,0,0,0,300,259.6135077,0,0,0,0,300,66.84765185,0
0,0,0,0,0,0,0,0,0,0,0,0,300,300,300,300,300,73.34591467,0,0,0,0,0,0
0,0,0,0,0,0,0,0,0,0,0,0,300,300,96.18456228,0,300,300,300,300,300,300,257.326708,0
300,300,300,300,300,253.2997494,0,300,300,300,48.67635571,0,0,300,96.45859333,0,0,0,0,0,0,0,300,300
0,0,300,300,300,300,300,110.8901316,0,0,0,0,0,0,0,0,0,0,0,0,0,0,0,0
0,0,0,0,0,0,0,0,0,0,0,0,0,0,0,0,0,300,300,300,300,300,300,300
0,0,0,0,0,0,0,0,0,0,0,0,0,0,0,0,300,300,300,300,300,28.81245197,0,0
0,0,0,0,0,0,0,0,300,300,300,300,300,300,62.05769975,0,0,0,0,0,0,0,300,300
0,0,0,0,0,0,0,0,0,0,300,300,300,179.096223,0,0,0,0,0,0,300,300,300,53.00025193
0,0,0,0,0,0,0,0,0,0,0,0,0,300,300,300,300,300,300,45.83443363,0,0,0,0
0,0,0,0,300,300,300,83.56689419,0,0,0,0,0,0,0,0,0,0,0,0,0,0,0,0
0,300,300,300,300,300,300,300,263.3247819,0,0,0,0,0,0,0,0,0,300,288.0016375,0,0,0,0
0,0,0,0,300,300,300,300,300,120.3780131,0,0,0,0,0,300,300,300,300,133.3131516,0,300,300,300
0,0,0,0,0,0,0,0,0,0,0,0,0,0,300,300,300,300,300,268.5741904,0,0,0,0
0,0,0,0,0,0,0,0,0,0,42.62132963,0,0,0,0,0,0,0,0,0,0,0,0,300
0,0,300,235.1164377,0,0,0,0,0,0,0,0,0,0,0,233.984779,0,0,0,0,0,0,0,0
0,0,0,0,0,0,0,0,0,0,300,300,52.40589336,0,0,0,0,196.4713083,0,0,0,0,0,0
0,0,0,0,0,0,0,0,0,0,0,0,265.8973234,0,0,0,0,0,0,0,300,300,234.987804,0
0,0,0,0,0,0,0,0,0,0,0,0,0,0,0,300,300,247.7091559,0,0,0,0,0,0
0,0,0,0,0,0,0,0,300,300,300,26.67050956,0,0,300,300,300,300,300,300,300,278.7977008,0,0
0,0,0,0,0,0,0,0,300,300,300,300,300,300,300,297.0867234,0,0,0,0,0,0,0,0
0,0,300,99.67732224,0,0,0,0,0,300,300,300,286.1535839,0,0,0,0,0,0,0,0,0,211.3944452,0
0,0,0,0,0,0,0,0,300,300,300,300,300,300,272.564071,0,0,0,0,0,0,0,0,0
0,0,0,0,0,0,0,0,0,0,0,0,0,0,0,0,0,0,292.1380813,0,0,0,0,0
0,0,0,0,0,0,0,0,0,0,0,300,300,300,300,300,300,300,92.69631734,0,0,0,0,0
0,0,300,300,300,300,300,34.9711917,0,0,0,0,0,0,300,300,300,300,300,300,246.2650449,0,0,0
0,0,0,0,0,0,0,0,0,0,0,0,0,0,0,300,300,300,300,300,300,300,2.120972194,0
0,0,0,0,0,0,0,0,0,300,300,300,300,300,300,300,281.2918978,0,0,0,0,0,0,0
0,0,0,0,0,0,0,300,300,300,300,300,290.8536409,0,0,0,0,300,300,300,300,300,87.26054067,0
300,300,300,269.6955512,0,0,0,0,0,0,0,300,300,206.889269,0,0,0,300,300,300,3.431456163,0,0,0
0,0,300,300,300,300,226.3113692,0,0,0,0,0,0,0,0,0,0,0,0,134.2566192,0,0,0,0
0,0,0,0,0,0,0,0,0,0,0,0,0,0,0,0,0,0,300,300,300,300,31.9720476,0
0,0,0,0,0,0,0,0,0,0,300,300,300,300,300,300,263.610212,0,0,15.14209674,0,0,0,0
0,0,0,0,0,0,0,0,0,0,0,0,0,0,300,70.97346539,0,0,0,0,0,0,0,0
0,0,0,0,0,0,0,0,0,0,0,0,300,300,300,300,300,300,168.0821176,0,0,0,0,0
0,0,300,300,300,300,300,300,300,246.9232024,0,0,0,0,0,0,0,0,0,0,0,0,0,0
0,0,300,300,300,300,300,114.6932152,0,0,0,300,300,300,300,300,81.24949816,0,0,0,0,0,0,0
0,0,0,0,0,0,0,0,300,300,300,300,173.1996871,0,0,0,0,0,0,0,0,300,300,253.5041536
0,0,0,0,0,0,0,0,0,0,0,0,0,300,67.75135288,0,0,0,0,0,0,0,0,0
0,300,300,247.9777074,0,0,0,300,300,300,139.8845649,0,0,0,0,0,300,300,17.11451052,0,0,300,171.478769,0
0,0,0,0,0,279.5759797,0,0,0,105.845525,0,0,0,0,0,0,0,0,0,0,300,300,300,300
20.32771959,0,0,0,0,0,0,0,0,0,0,0,0,0,0,0,250.9149686,0,0,0,0,0,0,0
0,0,0,0,0,0,0,0,0,0,0,0,0,0,0,0,0,0,300,300,300,300,259.9161373,0
0,0,0,0,0,0,0,0,76.30779104,0,0,0,0,0,0,0,0,0,0,0,0,0,0,300
0,0,0,0,0,300,300,51.37644457,0,0,0,0,0,0,0,0,0,0,0,0,0,0,300,300
0,0,0,0,0,0,0,0,0,300,2.663089301,0,300,183.4700575,0,0,0,0,0,0,0,0,0,0
0,0,0,0,0,0,0,0,0,0,0,0,0,0,0,0,300,300,300,300,300,201.6838276,0,0
0,0,0,0,0,0,0,0,0,0,0,300,300,300,300,239.999939,0,0,0,300,194.3695669,0,0,0
0,0,0,0,0,0,0,0,0,0,0,0,300,300,128.1045607,0,0,0,0,0,0,0,0,0
0,0,0,0,0,0,0,0,0,300,300,300,300,300,300,32.02874898,0,0,0,0,0,0,0,0
0,0,0,0,0,0,300,300,300,300,300,185.8804152,0,0,0,0,0,0,0,0,300,300,300,195.9413019
0,0,0,0,0,0,0,0,0,0,300,300,300,300,300,300,300,296.255237,0,0,0,0,0,0
0,0,0,0,0,0,300,300,66.7482786,0,0,0,0,0,0,0,0,0,0,0,0,0,0,0
0,0,0,0,0,0,0,0,0,0,0,0,0,0,0,0,300,300,300,300,141.2600003,0,0,0
300,300,300,300,300,300,126.1928055,0,0,0,0,0,0,0,0,0,0,300,300,83.22946571,0,0,0,0
0,0,12.72065304,0,0,0,0,0,300,300,300,300,290.8557452,0,0,0,0,0,0,0,0,0,94.42657061,0
0,0,0,0,0,0,0,0,0,0,0,0,0,0,0,0,300,300,110.2652456,0,0,0,0,0
0,0,0,0,0,0,0,0,0,0,0,0,156.6293627,0,0,0,300,300,300,50.13384557,0,0,0,0
0,0,0,0,0,0,0,0,0,0,0,0,300,300,300,300,300,300,300,97.11101192,0,0,0,0
0,0,0,163.9554003,0,300,300,300,300,300,300,9.42093152,0,0,208.6765714,0,0,0,0,0,0,0,0,0
0,0,0,0,0,0,0,0,0,0,0,300,300,300,300,300,272.0552342,0,0,0,0,300,300,300
0,0,0,0,0,0,0,0,0,0,300,300,101.8020802,0,0,0,0,0,0,0,0,300,300,300
0,0,0,0,0,0,0,0,0,0,0,0,300,58.7276952,0,0,0,0,0,0,300,147.832869,0,0
0,0,0,0,0,0,0,0,0,0,0,0,0,0,0,0,0,300,300,300,300,300,89.53280805,0
0,0,0,0,0,0,0,0,0,0,0,0,0,0,0,0,0,0,232.3099394,0,0,0,0,0
0,300,300,300,300,239.7846421,0,0,0,0,0,0,0,0,0,0,0,0,0,0,0,0,0,0
177.6797103,0,0,0,0,0,0,0,0,0,0,0,300,300,300,300,300,300,232.0233269,0,0,0,0,0
0,0,0,0,0,0,0,0,0,0,0,0,0,0,0,0,300,300,300,300,217.5045635,0,0,0
0,0,0,0,300,300,300,300,300,300,65.99145952,0,0,0,0,0,0,0,0,300,300,300,94.30025782,0
0,0,0,0,0,190.1755252,0,0,0,0,0,0,0,0,0,0,0,300,300,300,300,300,300,132.7657278
300,158.6523161,0,0,0,0,0,0,0,0,0,0,0,0,300,244.8378536,0,0,0,0,0,0,0,0
0,0,0,0,0,0,0,0,0,0,0,0,0,0,0,300,43.17351424,0,0,0,0,0,0,0
0,0,0,0,0,0,0,300,300,300,300,29.28113813,0,0,0,0,0,0,300,155.3994152,0,0,0,300
0,0,300,300,300,152.2390709,0,0,0,0,0,0,300,300,300,300,300,300,300,118.6471215,0,0,0,0
0,0,0,0,0,0,136.3455332,0,0,0,0,0,0,0,0,0,0,0,0,0,0,0,0,0
0,300,300,300,300,134.837102,0,0,0,0,0,0,300,300,300,103.902263,0,0,0,0,0,0,0,0
0,0,0,0,0,0,0,0,0,0,0,0,0,0,300,300,300,300,300,154.3250667,0,0,0,0
0,300,300,300,300,300,300,82.3007189,0,0,0,0,0,0,0,39.41356662,0,0,0,0,0,0,0,0
0,0,0,0,0,0,0,300,300,129.8474661,0,0,0,0,0,0,300,300,300,300,180.7036625,0,0,0
0,0,0,0,0,0,0,0,0,0,300,300,300,300,300,300,300,138.0617716,0,0,0,0,0,0
0,0,300,300,300,300,172.0113215,0,0,0,0,0,0,0,0,0,0,0,265.1830345,0,0,0,0,0
0,0,0,0,0,0,0,0,0,0,0,300,300,276.4268395,0,0,0,0,0,0,300,300,300,300
275.5015597,0,0,0,300,300,186.9633349,0,0,0,0,0,0,0,0,0,0,0,0,0,300,300,300,300
300,300,105.7061984,0,0,0,0,0,300,300,300,300,2.557920028,0,0,300,300,300,300,300,300,166.3130261,0,0
0,0,0,0,0,0,0,0,0,0,0,0,0,0,0,0,0,0,300,300,300,14.56649177,0,0
0,0,0,0,0,0,0,0,0,0,0,0,0,300,300,300,300,300,106.5515914,0,0,0,0,0
0,0,300,300,128.0811077,0,0,0,300,300,286.5545238,0,0,0,0,0,0,0,0,0,0,0,0,0
300,300,15.68450317,0,0,0,0,0,0,0,300,300,300,300,158.9935453,0,0,0,0,0,0,0,0,0
0,0,0,0,0,0,300,300,300,300,300,161.6220187,0,300,300,300,300,300,300,300,15.30199844,0,300,300
0,0,0,0,0,0,0,0,0,0,0,0,0,0,0,0,244.8170238,0,0,0,0,0,0,0
0,0,0,0,0,0,0,0,0,0,241.5311966,0,0,0,0,0,0,0,0,0,0,0,300,300
0,0,0,0,0,0,0,0,0,0,0,0,0,300,300,300,300,300,300,300,124.4059184,0,0,0
0,0,0,0,0,0,0,0,0,0,0,0,0,0,0,300,9.975836861,0,0,0,0,0,0,0
0,0,0,0,0,0,0,0,0,0,0,0,0,300,300,300,4.077840284,0,0,0,0,0,0,0
0,0,0,0,0,0,0,0,0,0,0,0,0,0,0,0,300,300,300,300,300,300,300,229.5070401
0,0,0,0,300,245.4932281,0,0,0,0,0,0,0,0,0,0,0,0,0,0,300,300,300,300
0,0,0,0,300,205.0905985,0,0,0,0,0,0,0,0,0,0,0,0,0,0,0,0,0,300
0,0,0,0,0,0,0,184.8797932,0,289.6307295,0,0,0,0,0,0,0,0,0,0,0,0,0,0
0,0,0,0,0,0,0,0,0,0,0,0,0,300,300,300,300,300,9.549978988,0,0,0,0,0
0,0,0,0,0,0,0,0,0,0,0,0,0,0,0,300,96.03246193,0,0,0,0,0,0,0
0,0,0,0,0,0,0,0,0,0,0,300,300,300,300,136.8928991,0,0,0,0,0,0,0,0
0,0,0,0,88.02969153,0,0,0,0,0,0,0,0,300,300,224.3530442,0,0,0,0,0,0,0,0
300,300,300,300,5.609141302,0,0,0,0,0,0,0,0,300,300,300,27.31844048,0,0,0,0,0,0,0
0,0,0,0,0,0,126.4795601,0,0,0,0,0,0,0,0,0,0,0,0,0,0,0,0,0
0,0,0,0,0,0,0,0,0,0,300,300,300,266.8589304,0,0,0,0,0,0,0,0,0,0
0,0,0,0,0,0,0,0,0,0,0,0,0,0,300,300,300,300,300,33.91692596,0,0,0,0
0,0,0,0,0,0,0,0,0,0,0,300,300,300,213.7930514,0,0,0,300,300,300,300,300,300
0,0,0,0,0,0,0,0,0,0,300,300,300,300,300,163.2347392,0,0,0,0,0,0,0,0
0,300,300,300,300,171.1629289,0,0,0,0,0,0,0,0,0,0,0,0,300,300,300,97.75473199,0,0
0,0,0,0,300,300,300,34.42096759,0,300,300,300,300,300,22.45926094,0,0,0,0,0,0,0,0,0
0,0,0,0,0,300,300,300,300,300,300,35.4727908,0,0,0,0,0,0,186.5337627,0,0,0,0,0
0,0,0,0,0,300,300,216.274565,0,0,0,0,0,0,0,0,0,0,0,0,0,0,0,300
0,0,0,0,0,0,0,0,0,164.6618673,0,0,0,0,0,0,300,300,300,300,300,146.8140289,0,0
0,0,0,0,0,0,0,0,0,300,300,300,174.181776,0,0,0,0,0,0,0,0,0,0,0
300,300,300,300,300,300,132.1221223,0,0,0,0,0,0,0,0,0,0,0,0,0,0,0,0,0
0,0,0,0,0,0,0,0,0,0,0,125.8377127,0,300,300,300,300,186.5456873,0,0,0,0,0,0
0,0,0,0,0,0,0,0,0,0,0,0,0,0,0,0,300,300,300,300,90.29973235,0,0,300
0,0,0,0,0,0,0,0,0,0,0,0,0,0,0,0,300,300,300,300,300,300,286.4442135,0
0,0,0,0,0,0,0,0,0,0,0,0,0,0,0,0,0,300,300,300,165.7712596,0,0,0
0,0,0,0,0,0,0,0,0,0,0,0,0,226.9783994,0,0,300,300,300,161.9263853,0,0,0,0
0,0,0,0,300,300,300,300,300,300,255.705888,0,0,0,0,300,300,300,300,300,207.6333996,0,0,0
0,0,0,0,0,0,0,0,0,0,0,0,0,0,0,0,0,0,300,300,300,300,300,300
0,0,0,0,0,0,0,0,300,300,300,300,146.9988821,0,0,0,0,0,0,0,0,300,300,300
0,0,0,0,0,0,0,0,300,300,300,300,300,230.1092967,0,0,0,0,0,0,0,0,0,0
0,0,0,0,0,0,0,0,0,0,0,0,0,0,0,300,300,293.044452,0,0,0,0,0,0
0,0,0,0,0,68.64617523,0,0,0,300,300,300,300,26.41079196,0,0,0,0,0,0,0,0,0,0
0,0,0,0,0,261.1497471,0,0,0,0,0,0,0,0,0,0,0,0,300,300,300,300,251.3726784,0
0,300,271.43349,0,0,0,0,0,0,0,0,0,0,0,0,0,0,0,0,300,300,70.10524216,0,0
0,0,0,0,0,0,0,0,0,0,0,0,0,0,0,0,300,300,300,300,300,300,300,86.65797796
0,300,300,140.1156444,0,0,0,0,0,300,300,271.9286642,0,0,0,0,0,0,0,26.18809169,0,0,300,300
0,0,0,0,0,0,0,0,0,0,0,0,0,0,0,0,0,300,300,6.264966201,0,0,0,0
0,0,0,0,0,0,0,0,0,0,0,0,0,0,300,8.67501026,0,0,0,0,0,0,0,0
0,0,0,0,0,0,0,0,0,0,0,0,0,267.915519,0,0,0,0,0,300,172.7702757,0,0,0
300,300,300,84.28785484,0,0,0,0,0,0,0,0,300,300,300,300,300,300,300,2.299197901,0,0,300,294.1775826
0,0,0,0,0,0,0,0,0,0,0,0,0,0,300,121.5675154,0,0,0,0,0,0,0,300
0,0,0,0,300,300,300,300,238.1906904,0,0,0,0,0,0,300,181.8224487,0,0,300,186.4850344,0,0,0
0,0,0,0,0,0,0,0,0,0,0,0,300,300,300,300,107.1560625,0,0,0,300,300,300,228.2116897
0,0,0,0,0,0,0,0,0,0,0,0,0,300,300,300,300,196.1524072,0,0,0,0,0,0
0,0,0,0,0,0,0,0,0,0,0,0,0,300,300,300,300,203.8532548,0,0,0,0,0,0
0,0,0,0,0,0,0,0,0,0,0,0,0,0,0,0,300,300,300,88.96379913,0,0,0,0
0,0,0,0,0,0,0,0,0,0,0,0,0,0,0,300,226.302692,0,0,0,0,0,0,0
0,0,0,0,0,0,0,0,0,0,0,0,0,0,0,300,300,300,300,4.419091998,0,0,0,0
0,0,0,0,0,0,0,300,300,300,300,300,300,279.286659,0,0,0,0,0,0,0,0,0,0
0,0,0,0,0,0,0,0,0,0,0,0,0,0,0,0,0,300,300,300,300,300,111.8925888,0
0,0,0,0,0,0,0,0,112.6260864,0,0,0,0,0,0,0,0,0,0,0,0,0,0,0
0,0,0,0,0,0,0,300,300,134.0102045,0,0,0,0,0,0,0,0,0,0,0,0,0,0
0,300,300,300,300,300,300,95.67024063,0,0,0,300,300,300,300,300,300,39.26941671,0,0,0,0,0,0
0,0,0,0,0,0,0,0,0,0,0,0,0,300,300,226.7588073,0,0,0,0,0,0,0,0
0,0,0,300,300,153.5541682,0,0,0,0,0,0,0,0,0,0,0,0,0,0,0,0,0,0
0,0,0,0,0,0,0,0,0,0,0,0,0,0,0,300,300,300,300,300,300,191.251764,0,0
0,0,0,0,0,0,0,0,0,0,0,0,0,0,0,0,0,0,300,300,185.8997871,0,300,300
0,0,0,0,0,0,0,0,0,0,0,0,0,0,300,300,300,300,300,300,170.4701136,0,0,0
0,0,0,0,0,0,0,0,0,0,0,0,0,0,0,0,0,300,300,300,300,300,300,300
0,0,0,0,0,300,300,53.67114985,0,0,0,0,0,300,300,300,300,300,300,216.5810813,0,0,0,0
0,300,300,300,300,300,300,284.5687837,0,300,300,300,300,300,300,300,131.9501934,0,0,0,0,0,0,0
0,0,0,0,0,0,0,0,0,300,300,237.9670426,0,300,300,300,300,300,300,300,229.7936971,0,0,0
0,300,300,300,300,57.27787892,0,0,0,0,0,0,0,300,300,300,300,300,201.9641622,0,0,0,0,300
0,0,0,0,0,0,0,0,0,0,0,0,0,0,0,0,300,300,300,200.8292888,0,0,0,0
0,0,0,0,0,300,215.6610585,0,0,0,0,0,0,0,0,0,0,0,0,0,300,186.6897909,0,0
0,300,300,178.3953414,0,0,300,300,300,300,300,300,300,54.79893477,0,0,0,0,0,0,0,0,0,0
0,0,0,0,0,0,0,0,0,0,300,147.6534168,0,0,0,300,300,274.4124326,0,0,300,300,300,300
0,0,0,0,0,0,0,0,0,0,0,0,0,0,0,0,0,95.99252561,0,0,0,0,0,0
0,0,0,0,0,0,0,0,0,0,0,0,300,300,300,300,300,300,283.3659328,0,0,0,0,0
0,226.0366706,0,0,0,0,0,0,0,0,0,0,0,0,0,300,300,300,300,140.350681,0,0,0,0
0,0,0,0,0,0,0,0,0,0,300,300,300,300,300,300,300,5.255143739,0,0,0,0,0,0
0,0,0,0,0,0,0,0,0,0,0,0,0,0,0,0,300,300,300,300,300,86.42142029,0,0
0,0,0,0,0,0,0,0,0,0,0,0,0,0,0,0,0,300,300,154.4141827,0,0,0,300
0,0,0,0,0,0,0,0,0,0,0,0,0,0,300,300,300,300,152.8880747,0,0,0,0,0
0,0,300,300,300,300,300,158.0870986,0,0,0,0,0,0,0,0,300,173.6868348,0,0,0,0,0,0
0,300,300,300,300,300,53.10382264,0,0,0,0,0,0,0,0,0,0,0,0,0,0,300,300,300
0,0,0,0,0,0,0,0,0,0,0,0,0,0,0,0,0,0,300,300,300,300,91.676158,0
0,0,0,0,0,300,258.6012679,0,0,0,0,0,0,0,0,0,0,100.8844876,0,0,0,0,0,0
0,0,0,0,0,0,0,0,0,0,0,0,0,0,300,300,300,300,300,282.8135189,0,0,0,0
0,0,0,0,0,0,0,121.7252886,0,0,0,0,0,0,0,0,0,0,0,0,0,0,0,0
0,0,0,0,0,0,0,0,0,0,0,0,0,300,300,300,300,32.9199795,0,0,0,0,0,300
0,0,0,0,0,0,0,0,0,0,0,0,0,0,0,0,0,0,300,166.6631536,0,0,0,0
0,0,0,0,0,0,0,0,0,0,0,0,0,0,0,0,0,300,300,300,300,300,82.22989761,0
0,0,0,0,0,0,0,0,0,0,0,0,0,0,0,0,0,0,300,138.4258071,0,0,0,0
0,0,0,0,0,0,0,0,0,0,0,0,0,0,300,300,300,300,281.7362957,0,0,0,0,0
0,0,0,0,0,0,0,0,0,0,0,0,0,0,300,94.8869587,0,0,0,0,0,0,0,0
0,0,300,300,63.91385306,0,0,0,0,0,0,0,0,300,17.07880631,0,0,0,0,0,0,0,0,0
0,0,0,0,0,0,0,0,0,300,300,300,300,300,300,247.2484938,0,0,0,0,0,0,0,0
0,0,0,0,0,0,0,300,300,300,300,300,133.0419051,0,0,0,300,300,300,300,300,150.3982993,0,0
300,300,300,300,300,258.6568079,0,0,0,0,0,0,0,0,0,0,0,0,0,0,0,0,0,300
0,0,0,0,0,0,0,0,300,300,300,300,148.8819907,0,0,0,0,0,0,0,0,0,0,0
0,0,0,0,0,0,0,0,0,0,0,0,300,300,35.92523629,0,0,0,0,0,0,0,0,0
0,0,0,0,0,0,0,0,0,0,0,0,0,0,0,0,0,208.536955,0,0,0,0,0,0
0,300,300,300,83.22799016,0,300,300,300,207.3179801,0,0,0,0,0,0,0,0,0,0,0,0,0,0
0,0,0,300,300,250.4165439,0,0,0,300,300,300,300,254.6234026,0,0,0,0,0,0,0,0,0,300
0,0,0,0,0,300,122.9301391,0,0,0,0,0,0,0,0,0,0,300,300,300,300,300,256.7418956,0
0,0,0,300,300,300,274.534456,0,0,0,0,0,0,0,0,0,300,53.86226197,0,0,0,0,0,0
0,0,0,0,0,0,0,0,0,0,0,0,0,0,0,232.3308109,0,0,0,0,0,0,0,0
0,0,0,0,300,300,64.32735112,0,0,0,0,0,0,0,0,0,0,0,0,0,0,300,300,244.4518996
0,0,0,0,0,0,0,0,0,0,0,0,0,274.1561275,0,0,0,0,0,0,0,0,0,300
0,0,0,0,0,0,0,0,0,0,0,0,0,300,300,235.1160145,0,0,0,0,0,0,0,0
0,300,200.2320163,0,0,0,0,0,0,0,0,0,0,0,0,0,0,193.113078,0,0,0,0,0,0
0,0,0,0,300,300,51.29290966,0,0,0,0,0,0,0,0,0,0,0,0,0,0,0,0,300
0,0,0,0,0,0,0,0,300,300,300,176.021068,0,0,0,0,0,0,0,0,0,0,0,0
0,0,0,300,300,300,300,300,300,300,94.090544,0,300,74.04463171,0,0,0,0,0,0,0,0,0,0
0,0,300,300,300,300,180.2617508,0,0,0,0,0,0,0,0,0,0,0,0,0,0,0,0,300
0,0,300,300,300,23.46203466,0,300,300,300,300,300,14.8381112,0,0,0,0,0,0,300,300,300,300,300
0,0,0,0,0,0,0,0,0,0,0,0,0,300,4.987960562,0,0,0,0,0,0,0,0,0
0,0,0,0,0,0,0,0,0,0,0,0,0,0,0,0,0,300,300,300,300,300,300,300
0,300,300,300,300,227.3731652,0,0,0,0,0,0,0,0,0,0,0,300,300,300,300,300,300,275.1036072
0,0,0,300,300,300,300,300,300,60.11267522,0,0,0,0,0,0,0,0,0,0,0,0,0,0
0,0,300,300,300,258.3148502,0,0,0,0,0,0,0,0,0,0,0,0,0,0,0,0,0,0
0,0,0,0,0,0,0,0,0,300,300,300,300,300,300,59.90232909,0,300,300,300,300,300,96.5097511,0
0,0,0,0,0,0,300,300,300,248.0334005,0,0,0,0,0,300,300,300,300,300,31.71432254,0,0,0
0,0,0,0,0,0,0,0,0,0,0,0,300,300,259.4032208,0,0,0,0,300,300,29.6390361,0,0
300,300,300,300,300,86.62014128,0,0,0,0,0,0,0,0,0,0,182.6621876,0,0,0,0,0,0,0
0,0,0,0,0,0,0,300,300,300,300,300,300,91.81156474,0,0,0,0,0,0,0,0,0,0
0,0,0,0,0,0,300,300,300,64.59572175,0,0,0,0,0,300,300,274.7970371,0,0,0,0,300,300
0,0,0,0,0,0,0,0,0,0,0,0,0,0,0,0,300,300,221.6641373,0,0,0,0,0
0,0,0,300,300,300,300,300,300,300,40.43696509,0,0,0,0,0,0,0,0,0,0,0,0,0
135.008165,0,0,0,0,0,0,0,0,0,0,0,0,0,300,300,300,239.843224,0,0,300,300,300,300
0,0,0,0,0,0,0,0,0,0,0,0,0,0,0,0,0,0,300,300,291.3709285,0,0,0
0,0,0,0,0,300,300,300,300,300,300,103.5708823,0,0,0,0,0,0,0,0,0,0,0,0
0,0,0,0,300,236.7374998,0,0,0,0,300,300,300,300,300,300,62.76331716,0,0,0,0,0,0,0
0,0,0,300,300,173.7912796,0,0,0,0,81.38895569,0,0,0,300,300,300,300,190.0961626,0,0,0,0,0
0,0,0,0,0,0,0,0,0,0,0,300,241.5877792,0,0,0,0,0,0,0,300,300,300,300
0,0,0,300,300,300,300,300,75.34046181,0,0,0,0,0,226.7537891,0,0,0,0,0,0,0,0,0
0,0,0,0,0,0,0,0,0,0,0,0,0,0,0,0,0,300,300,300,300,300,300,300
0,0,0,0,0,0,0,0,0,0,0,0,0,0,0,0,0,0,300,300,300,300,250.6204799,0
0,0,0,0,0,0,300,126.3723298,0,0,0,0,0,0,0,0,0,0,0,300,300,300,300,105.035586
0,0,0,0,0,0,0,0,0,0,0,0,300,300,300,267.4042896,0,0,0,0,0,0,0,0
0,0,0,0,0,0,0,0,0,0,0,0,0,0,0,0,0,0,300,300,300,300,300,300
0,0,0,0,0,0,0,0,0,0,0,0,0,0,300,300,300,300,231.2283002,0,0,0,0,0
0,0,0,0,0,0,0,0,0,0,300,230.8279799,0,0,0,0,0,0,0,0,0,0,0,0
0,0,0,0,0,0,0,300,300,300,300,113.194241,0,0,0,0,0,0,0,0,300,244.3865641,0,0
0,0,0,0,0,0,0,300,300,300,300,300,300,300,149.1839561,0,0,0,0,0,0,0,0,0
0,300,300,300,300,300,300,300,22.51503256,0,300,300,92.34127991,0,0,0,300,300,300,300,300,300,300,65.15001687
0,0,0,0,0,0,0,0,0,0,0,0,0,0,0,0,0,0,300,300,300,300,300,142.1613896
0,0,300,300,300,78.00865927,0,0,0,0,0,0,0,0,0,0,0,0,0,0,0,0,0,0
300,300,300,300,300,207.3317202,0,0,0,0,0,300,300,300,300,300,300,128.5531017,0,0,0,0,0,0
0,0,0,0,0,0,0,0,0,0,0,0,0,0,0,0,0,0,300,185.4736523,0,0,0,237.8665283
0,0,0,279.3816439,0,0,0,0,0,0,0,0,0,0,0,0,0,0,0,0,0,0,0,300
0,0,0,0,0,0,0,0,0,0,0,0,0,300,300,300,300,145.1827685,0,0,0,0,0,0
0,0,0,0,0,0,0,0,300,300,300,222.615071,0,0,0,0,0,0,0,0,0,0,0,0
0,0,300,171.8446905,0,0,0,0,300,300,300,300,300,300,300,52.97124783,0,0,0,0,0,0,0,0
0,0,0,0,0,0,0,0,0,300,300,300,300,300,121.8780308,0,0,0,0,0,0,0,0,0
0,0,0,0,0,0,0,0,0,0,0,300,300,300,300,300,300,300,136.1742961,0,0,0,0,0
0,0,0,0,0,0,0,300,300,188.3984703,0,0,0,0,0,0,0,0,0,0,0,0,0,0
300,300,300,166.6220884,0,0,0,300,300,300,300,300,129.5818583,0,0,0,0,0,0,0,0,0,300,300
0,0,300,300,300,300,300,240.7685689,0,0,0,0,0,0,0,0,0,0,0,0,0,0,300,300
0,0,0,0,0,0,0,0,0,300,300,300,300,65.7715943,0,0,0,0,0,104.5949241,0,0,0,0
0,0,0,0,0,0,0,0,0,0,0,0,0,300,300,300,110.4716865,0,0,300,300,300,300,158.3660877
0,0,0,0,0,0,0,0,0,0,0,0,0,0,0,0,300,300,300,300,300,210.4779385,0,0
0,0,0,0,0,0,0,0,0,0,0,0,0,0,0,0,0,300,300,26.18886615,0,0,0,300
0,0,0,0,0,300,300,300,2.342801124,0,0,0,0,0,0,0,0,0,0,0,0,0,0,0
0,0,0,0,0,300,300,33.49761599,0,0,0,0,0,0,0,0,0,0,0,0,300,300,164.290441,0
0,0,0,0,0,0,0,0,300,300,300,176.2671771,0,0,300,300,300,300,137.1899078,0,0,0,0,0
0,0,0,0,0,0,0,0,0,0,21.62776232,0,0,0,0,0,0,300,300,300,300,300,300,292.3382865
0,39.91742047,0,0,0,0,0,0,0,300,300,300,300,198.1956175,0,0,0,0,0,0,0,0,0,0
0,0,0,0,0,0,0,0,0,212.0349961,0,0,0,0,0,212.8844421,0,0,300,300,300,300,19.42385415,0
0,0,0,0,0,300,300,300,73.77340966,0,0,300,300,300,48.26230843,0,0,0,0,0,0,0,0,0
0,0,0,0,0,0,300,300,208.2973317,0,0,0,300,300,300,300,300,300,300,70.19292587,0,0,0,0
0,0,0,0,0,300,300,300,300,300,287.932323,0,0,0,0,0,0,13.88474476,0,0,0,0,0,0
0,0,0,0,0,0,0,0,0,0,300,300,300,300,300,300,152.8836377,0,0,0,0,0,0,0
0,300,300,300,300,300,15.51829191,0,0,0,0,0,0,0,0,0,0,0,0,0,0,0,0,0
0,0,0,0,0,0,0,0,0,0,0,0,0,0,0,0,300,16.53935781,0,0,0,0,0,0
0,0,0,0,0,0,0,300,300,300,37.72840196,0,0,0,0,0,0,0,0,0,0,0,0,0
0,0,0,0,0,300,300,300,300,300,300,300,106.0119663,0,0,0,0,0,0,0,0,0,0,0
0,0,0,0,0,0,0,0,0,0,0,0,0,0,0,0,0,0,300,300,10.58498846,0,0,0
290.2688146,0,0,0,300,300,300,206.6858011,0,0,0,0,0,0,0,0,0,0,0,300,300,300,300,300
0,0,0,0,0,0,0,0,0,0,0,0,300,300,300,300,300,300,300,283.8248641,0,0,0,0
0,300,300,9.376072337,0,0,0,0,300,256.0308565,0,0,0,0,0,0,300,300,300,300,300,300,224.2987404,0
0,0,0,0,300,296.228608,0,0,0,0,0,0,0,0,300,300,300,121.6047308,0,0,0,300,199.5507658,0
0,0,0,0,0,0,0,0,0,0,0,0,0,0,0,263.9366912,0,0,0,0,0,0,0,0
0,0,0,0,0,0,0,0,0,0,0,0,0,0,300,300,300,300,300,300,100.8599117,0,0,0
0,174.2327078,0,0,300,300,300,300,300,256.4651023,0,0,0,0,0,0,0,0,0,0,0,0,300,272.7028027
0,257.5823192,0,0,0,0,0,0,0,0,0,0,0,0,0,0,0,0,0,0,0,300,300,300
0,0,0,0,140.411454,0,0,0,0,0,0,0,0,0,0,0,0,0,0,300,300,300,300,300
0,0,0,0,0,0,0,0,0,0,0,0,0,0,300,300,300,300,300,300,37.75686651,0,0,0
0,0,0,0,0,0,0,0,0,0,0,0,0,300,300,223.9287408,0,0,0,0,0,0,0,0
0,0,0,0,0,0,0,0,0,0,0,0,0,0,0,0,300,300,300,300,300,300,289.013465,0
0,0,0,0,0,0,0,0,0,0,0,300,300,119.266452,0,0,0,0,0,0,0,0,0,0
0,0,0,0,0,0,0,0,0,0,0,0,0,0,300,300,300,300,300,300,300,210.90656,0,300
0,0,0,0,0,300,300,300,300,300,22.24154652,0,0,0,0,0,0,0,0,300,300,300,300,300
0,0,0,0,0,0,0,0,300,300,300,300,157.838324,0,0,0,0,0,0,0,0,0,0,0
0,0,0,0,0,0,0,0,0,0,0,0,0,300,300,300,300,300,300,300,48.69541737,0,0,0
0,0,0,0,0,0,0,0,0,0,0,0,0,81.78683605,0,0,0,0,0,0,0,0,0,0
0,0,0,0,0,113.5078018,0,0,0,0,300,300,300,300,300,300,300,274.9640922,0,0,0,0,0,0
0,0,0,0,0,0,0,0,0,0,0,0,0,300,300,300,300,300,300,300,184.8267345,0,300,285.326062
0,0,0,0,300,300,300,56.10633103,0,0,0,0,0,0,0,0,0,0,0,0,0,0,300,300
0,0,0,0,0,300,300,300,300,300,172.8639668,0,0,0,0,300,300,295.0173279,0,0,0,0,0,0
0,0,0,0,0,0,0,0,0,0,0,0,300,300,300,300,300,300,300,175.5294546,0,0,0,300
0,0,0,0,0,0,0,0,0,0,0,0,0,0,300,300,300,300,111.2054671,0,0,0,0,0
0,0,0,0,0,0,0,0,0,0,0,0,0,0,0,0,300,300,34.49725462,0,0,0,0,0
0,0,0,0,0,0,0,0,0,0,300,300,300,15.42416896,0,0,0,0,0,0,0,0,0,0
300,281.6385256,0,0,0,0,0,0,0,0,0,0,0,0,0,0,0,0,300,300,300,300,300,300
0,0,0,300,300,279.2362319,0,0,0,0,0,0,0,0,0,41.09421107,0,0,0,0,0,0,300,300
0,0,0,0,0,0,0,0,0,0,0,0,0,0,0,0,0,0,300,300,300,300,300,300
0,0,0,0,0,0,0,0,0,300,122.0368468,0,0,0,0,0,0,0,0,300,300,300,300,300
0,0,0,300,300,300,100.1294483,0,0,0,0,0,300,300,300,143.1999309,0,0,0,0,0,300,300,300
0,0,0,0,0,0,0,0,300,300,300,300,300,300,244.787866,0,0,0,0,0,0,0,0,0
0,0,0,0,0,0,0,300,300,300,300,300,300,294.8812823,0,300,300,300,300,300,300,288.7360215,0,0
0,0,0,0,0,0,0,0,0,0,0,0,0,0,0,0,0,300,296.4844261,0,0,0,0,0
0,0,0,0,0,0,0,300,300,300,300,300,300,300,269.9563274,0,0,0,0,0,0,0,0,0
0,0,0,0,0,0,0,0,0,0,0,0,0,300,300,14.00612806,0,0,0,0,0,0,0,0
0,0,0,0,0,0,0,300,300,300,300,20.5556925,0,0,0,0,0,0,0,0,0,0,300,300
0,0,0,0,0,0,0,0,0,0,0,0,0,0,0,0,0,0,300,300,300,300,273.6492888,0
0,0,0,0,0,0,0,0,0,0,300,300,300,300,123.7578212,0,0,0,0,0,0,0,0,0
0,0,0,0,0,300,300,300,300,300,300,300,212.0272874,0,0,0,0,0,0,0,0,0,0,0
0,300,300,300,300,300,300,300,159.5548769,0,0,0,300,300,300,300,300,300,75.95557888,0,0,0,0,0
0,0,0,0,0,0,0,0,0,0,0,0,0,0,300,300,300,300,168.9952786,0,0,0,0,0
300,190.8653763,0,0,0,0,0,0,0,0,0,0,0,0,0,300,300,300,300,300,300,260.6195849,0,0
0,0,0,0,0,0,0,300,300,300,300,157.7671958,0,0,0,0,0,0,0,0,300,66.17734133,0,0
0,0,0,300,283.2963033,0,0,0,0,0,0,0,0,0,0,0,0,0,300,300,300,208.1093351,0,0
0,0,0,0,0,0,0,0,0,0,0,0,0,0,300,300,300,300,85.50519748,0,0,0,0,0
0,0,0,0,0,0,0,0,0,0,0,0,0,0,0,300,300,300,300,300,300,42.56144986,0,0
0,0,0,0,0,0,0,300,300,300,246.3487892,0,300,300,300,300,126.9667688,0,0,0,0,0,0,300
0,0,0,0,0,0,0,0,0,0,0,300,300,300,300,300,300,207.4628631,0,0,300,300,223.1993901,0
300,300,300,300,300,300,259.5856064,0,0,0,0,0,0,0,0,0,0,0,0,0,0,0,0,300
0,0,0,0,0,0,0,0,0,0,0,0,0,0,0,0,0,0,300,300,255.1364262,0,0,0
0,0,0,0,0,0,0,0,0,0,0,0,0,0,300,300,300,300,300,203.3168488,0,0,0,0
0,0,0,0,0,0,0,0,0,0,0,0,300,300,300,300,300,154.7795916,0,0,0,0,0,0
0,0,0,300,300,300,275.9889718,0,0,0,0,0,300,300,300,300,300,300,300,101.4659881,0,0,0,0
0,0,0,0,0,0,300,241.4709164,0,0,0,0,0,0,0,0,0,0,0,0,0,0,0,0
0,0,0,0,0,0,300,300,300,300,97.89852605,0,0,0,0,0,0,0,0,0,0,0,300,300
0,0,0,0,0,0,0,0,0,0,300,171.6248843,0,280.8956694,0,0,0,0,0,0,0,0,0,0
0,0,0,0,0,300,300,100.0101764,0,0,0,0,0,0,0,0,0,0,0,0,0,0,0,0
0,0,0,0,0,0,0,0,0,0,0,0,0,0,0,300,300,300,35.5155688,0,300,300,300,300
0,0,0,0,0,0,0,0,0,0,0,0,300,300,300,300,300,300,243.6467651,0,0,0,0,0
0,0,300,300,300,1.253523956,0,0,0,0,0,0,0,0,0,0,0,0,0,0,0,0,0,0
0,0,0,0,0,0,0,0,0,300,300,300,300,300,6.129165572,0,300,300,210.6711519,0,0,0,0,300
0,0,0,0,0,0,0,0,0,0,300,300,300,300,300,300,300,168.0961667,0,0,0,0,0,0
0,0,0,0,0,0,0,0,0,0,0,0,0,0,0,300,300,268.078849,0,0,300,300,300,300
0,0,0,0,0,0,0,0,0,0,0,0,0,0,0,0,0,0,300,300,300,300,300,277.4619837
0,0,0,0,0,0,0,0,0,0,0,0,0,0,0,0,0,0,300,300,300,300,300,189.6219467
300,300,300,300,145.1281701,0,0,122.3703504,0,0,0,0,300,300,300,205.4164548,0,0,0,0,0,0,0,0
0,0,0,0,0,0,0,0,0,0,0,0,0,0,0,0,300,300,300,300,300,300,300,279.0468305
0,0,300,300,300,300,300,300,300,237.7653722,0,0,0,300,108.4406318,0,0,0,0,0,0,0,0,0
0,0,0,0,0,0,0,0,0,0,0,0,0,0,0,0,300,300,300,152.9284834,0,0,0,0
0,0,0,0,0,0,0,0,0,0,0,0,0,0,0,0,0,0,300,300,300,300,300,69.47254535
0,0,0,0,300,300,300,300,216.6746118,0,0,0,0,0,0,0,0,0,0,0,0,0,0,0
0,0,0,0,0,0,0,0,0,0,0,0,0,300,300,36.53597332,0,0,0,0,0,0,0,0
0,0,0,0,0,0,0,0,0,0,0,0,0,300,300,160.7273407,0,0,0,0,0,0,0,243.0820519
0,0,0,0,0,0,0,0,0,0,0,0,0,0,0,0,0,300,300,18.77661516,0,0,0,0
0,0,0,0,0,0,300,300,300,300,300,300,240.5068216,0,0,0,0,0,0,0,0,0,0,0
0,0,0,0,0,0,0,0,0,0,96.0933034,0,0,0,0,0,0,0,0,0,0,0,0,0
0,0,0,0,0,0,0,0,0,0,0,0,300,300,244.3435367,0,0,0,0,0,300,300,300,300
0,0,0,0,0,0,0,0,0,0,0,0,0,0,0,246.9458395,0,0,0,0,0,0,0,0
0,0,0,0,0,300,300,300,119.4793249,0,0,0,0,0,0,0,0,0,0,0,0,0,0,300
0,0,0,0,0,0,0,0,0,0,0,0,0,0,0,300,300,167.181482,0,0,0,0,0,0
0,0,0,0,0,0,0,0,0,0,0,0,300,300,300,193.5385089,0,0,0,0,0,0,0,300
0,0,0,0,0,0,0,0,300,300,300,300,199.7173325,0,0,0,0,0,0,0,0,0,0,0
0,0,0,0,0,0,0,0,0,0,0,0,0,0,0,0,300,300,300,300,300,300,300,279.1422687
0,0,300,87.20560987,0,0,0,0,0,0,0,0,0,0,0,0,0,0,300,300,300,300,300,279.6765954
0,0,0,0,0,0,0,0,0,300,68.95241335,0,0,0,0,0,0,0,0,0,0,0,0,0
0,0,0,0,0,0,0,0,0,0,0,0,0,0,0,300,300,300,300,2.337710322,0,0,0,300
0,0,0,0,0,0,0,0,0,300,300,300,188.3008545,0,0,0,0,0,0,300,300,300,300,271.4697589
0,0,0,0,0,0,0,0,0,0,0,0,0,0,300,300,128.7855768,0,0,0,0,0,0,300
0,0,0,0,0,0,0,0,0,0,0,0,0,0,300,227.4167056,0,0,0,0,300,300,300,300
0,0,0,0,0,0,0,0,0,0,0,300,300,291.4356287,0,0,0,0,0,0,0,0,0,0
0,0,0,0,0,0,0,0,0,0,0,0,0,0,0,0,0,0,300,300,300,300,300,141.2066413
0,0,300,12.30789889,0,0,0,0,0,0,0,0,0,0,0,0,0,0,300,300,300,192.8596535,0,0
300,300,256.5620129,0,0,0,0,0,0,0,0,300,300,300,106.4396831,0,0,0,0,0,0,0,0,0
0,0,0,0,0,0,0,0,0,0,0,0,0,0,300,183.9775882,0,0,0,0,0,0,0,0
0,0,0,0,0,0,0,0,0,0,0,300,300,300,300,231.9136256,0,0,0,0,300,300,300,300
0,0,0,0,0,0,0,0,300,300,300,300,300,300,300,82.40714971,0,0,0,0,300,300,300,300
0,0,0,0,300,300,300,2.432175021,0,0,0,0,0,0,0,300,300,300,300,300,300,41.69911311,0,0
0,0,0,0,0,0,0,0,0,0,0,0,0,300,300,300,300,300,276.1986286,0,0,0,0,0
0,0,0,0,0,0,0,300,300,300,300,300,279.0070052,0,0,0,0,0,0,0,0,0,0,0
0,0,300,300,300,300,110.5776564,0,0,0,0,0,0,300,300,300,300,300,300,300,286.1464795,0,0,0
0,0,0,0,0,0,0,0,0,0,0,0,202.6612433,0,0,0,0,0,0,0,0,0,0,0
0,0,0,0,0,0,0,0,0,0,0,300,300,300,59.68993001,0,0,0,0,0,0,0,0,0
0,0,0,300,300,300,300,233.1958191,0,0,0,0,0,0,0,0,0,0,0,0,0,0,0,0
300,300,300,218.3012398,0,0,0,0,0,0,0,0,0,0,0,0,0,0,0,0,0,0,0,300
0,0,0,0,0,0,0,0,0,0,0,0,0,0,0,0,300,300,300,264.6688763,0,0,300,300
0,0,0,0,0,0,0,0,0,0,0,0,0,0,0,0,0,0,300,300,300,300,300,232.8097876
0,0,0,0,0,0,0,0,0,0,0,0,0,0,0,0,0,300,300,300,300,300,170.1946913,0
0,0,0,0,0,0,0,0,0,0,0,0,0,0,0,300,300,160.906833,0,0,0,0,300,300
0,0,300,300,300,300,300,287.4893227,0,0,0,0,51.91596549,0,0,0,0,0,0,0,0,113.1205613,0,300
0,0,0,0,0,0,0,0,0,0,0,0,0,0,0,0,129.6521514,0,0,0,0,0,0,0
0,0,0,0,0,0,0,0,300,300,300,68.9948281,0,0,0,0,0,0,0,0,0,0,0,0
0,0,0,0,0,0,0,0,0,0,0,300,125.1804268,0,0,0,300,300,300,300,300,300,300,243.3224452
0,0,0,0,0,0,0,0,0,0,0,0,0,300,44.58226225,0,0,0,0,0,0,0,0,0
0,0,0,0,0,0,0,300,300,300,300,232.3763887,0,0,0,300,194.9747286,0,0,0,0,0,0,0
0,0,0,0,0,0,0,0,0,0,0,0,0,0,0,0,300,253.7395773,0,0,0,0,0,0
0,0,300,300,300,300,300,186.7218457,0,0,0,0,0,0,300,300,300,300,300,300,205.5572897,0,0,0
0,0,0,0,0,0,0,0,0,0,0,0,0,0,300,300,300,300,300,300,300,242.6279201,0,0
0,0,0,0,0,0,300,300,300,71.12947754,0,0,0,0,0,300,291.7139163,0,300,300,300,300,300,300
0,300,300,300,300,207.8505651,0,0,0,0,0,0,0,300,300,300,300,300,127.492287,0,0,0,0,0
0,0,0,300,300,300,300,300,300,263.66449,0,0,0,0,0,0,0,0,0,0,0,0,0,0
0,0,0,0,0,0,196.3910011,0,0,0,0,0,0,0,0,0,300,300,300,300,214.8497145,0,0,0
0,0,0,0,0,0,0,0,0,0,262.2092724,0,0,0,0,0,0,0,0,0,0,0,0,0
0,300,300,300,300,182.1738672,0,0,0,0,0,0,0,0,0,0,0,0,0,0,0,150.9848227,0,0
0,0,0,0,0,0,0,0,0,0,0,0,0,0,300,300,29.7753056,0,0,0,0,0,0,0
0,0,0,0,0,0,0,0,0,0,0,300,300,21.01658821,0,0,0,0,0,0,0,0,0,0
0,0,0,0,0,0,0,0,0,0,0,0,0,0,300,300,300,300,300,57.85787043,0,0,0,0
0,0,0,0,0,0,0,0,0,0,0,0,0,0,0,300,300,300,300,300,300,300,139.3119677,0
0,0,0,0,0,0,0,0,0,0,0,0,0,300,300,300,300,219.7246014,0,0,0,0,0,0
0,0,0,0,0,0,0,0,0,0,0,0,0,0,0,0,0,0,199.6890807,0,0,300,300,131.6797467
0,0,0,0,0,0,0,0,0,0,0,0,300,300,300,300,104.5917063,0,0,0,0,0,0,0
0,0,0,0,0,0,0,0,0,0,0,0,300,300,300,181.9239721,0,0,0,0,0,300,300,300
0,0,0,0,0,0,0,0,0,0,0,0,0,0,0,0,0,300,300,300,212.0180473,0,0,0
203.6875728,0,0,0,0,0,0,0,0,0,0,0,300,300,300,300,114.0580481,0,0,0,0,0,0,0
0,0,0,0,0,0,0,0,300,300,300,300,300,300,65.60900893,0,0,0,0,0,0,0,0,0
0,0,0,0,0,0,0,0,0,0,0,0,0,0,0,0,300,300,300,289.6149395,0,0,0,0
0,300,300,300,300,218.215052,0,0,0,0,0,300,300,300,300,300,101.0605564,0,0,0,0,0,0,0
0,0,0,0,0,0,0,0,0,0,0,0,0,0,0,300,300,24.48435981,0,0,300,300,300,170.5335536
0,0,0,0,0,0,0,0,19.10454627,0,0,0,0,0,0,96.76322034,0,0,300,300,300,300,300,72.88763324
0,0,0,0,300,300,300,300,300,300,300,97.21370636,0,0,0,0,195.4160919,0,0,0,0,0,0,0
0,0,0,0,0,0,0,0,0,0,0,0,0,0,0,0,0,0,300,300,300,300,300,300
0,0,0,0,0,0,0,0,0,0,0,0,0,0,0,0,300,300,300,300,300,209.1726945,0,0
0,0,0,0,0,0,0,0,0,0,0,0,0,0,0,0,0,0,300,300,300,300,300,300
0,0,0,0,0,0,0,0,0,0,0,0,0,0,0,0,0,0,172.2377032,0,300,210.8177078,0,0
0,0,0,0,0,0,0,0,0,300,300,300,300,103.1913612,0,0,0,0,0,0,0,0,0,0
0,0,0,0,0,300,300,300,53.26230662,0,0,0,0,0,0,0,0,0,0,0,0,0,0,300
0,0,0,0,0,0,0,0,0,0,0,300,115.7122,0,300,300,300,300,300,300,230.9610607,0,0,0
0,0,0,23.0112401,0,0,0,0,0,0,0,300,300,75.83181459,0,300,300,300,300,300,159.4845616,0,0,0
0,0,0,0,0,0,0,0,0,0,0,0,300,300,300,300,300,14.25216044,0,0,0,0,0,0
0,0,300,270.8006718,0,0,0,0,0,0,0,0,0,0,0,0,0,0,0,0,0,135.7031762,0,0
0,0,0,0,0,0,0,0,0,0,0,0,300,300,300,300,300,300,13.33909148,0,0,0,0,0
0,0,300,300,188.2259352,0,0,0,0,0,0,0,0,0,0,0,0,0,0,0,0,0,0,0
0,0,0,0,0,0,300,300,64.04319882,0,0,0,0,0,0,0,0,0,0,0,0,0,0,0
0,0,0,0,0,0,0,0,0,0,0,0,0,0,300,300,300,300,300,182.1424302,0,0,0,0
0,0,300,300,300,300,300,300,147.0987487,0,0,0,0,0,0,0,0,0,0,0,0,0,0,0
0,0,0,0,0,0,0,0,0,0,0,0,300,300,300,300,300,300,256.8289851,0,0,0,0,0
0,0,0,0,0,0,0,0,300,300,300,300,37.908042,0,0,0,0,0,0,0,0,300,191.5186893,0
0,0,0,0,0,0,0,0,0,0,0,0,0,0,0,0,0,0,300,300,300,41.55789985,0,0
300,300,300,69.46694846,0,0,0,0,0,0,0,0,0,300,300,93.52198012,0,0,0,0,0,0,0,0
0,0,0,0,0,0,0,0,0,0,0,0,0,211.4034079,0,0,0,0,0,0,0,0,0,300
0,0,0,0,0,0,0,0,0,0,0,0,0,0,0,0,0,300,300,201.927258,0,300,300,300
0,0,300,300,300,300,5.799195565,0,0,0,0,0,0,0,0,0,0,0,0,0,0,300,300,300
0,0,0,0,0,0,300,300,266.8181807,0,0,0,0,0,0,0,0,0,300,300,300,300,300,300
0,0,0,0,300,300,300,47.60793733,0,0,0,0,0,0,0,0,0,0,0,0,0,300,300,300
0,0,0,0,0,0,0,0,0,0,0,0,0,0,0,0,300,300,300,300,35.08729939,0,0,0
0,0,249.2625899,0,0,0,0,0,0,0,0,0,0,0,0,0,0,0,0,300,300,264.9085361,0,0
0,0,0,0,0,0,0,0,0,0,300,111.6194431,0,0,0,0,0,0,0,0,0,0,0,0
0,0,0,0,0,0,279.2273907,0,0,0,0,0,0,0,0,0,0,0,0,145.1984653,0,0,0,0
0,0,0,0,0,0,0,0,0,300,300,294.7086342,0,0,0,300,300,300,300,300,28.63212316,0,0,0
0,0,0,0,0,0,0,0,0,0,0,300,300,300,232.5040408,0,0,0,0,0,0,194.8526559,0,0
0,0,0,0,0,0,0,0,0,0,0,0,0,0,0,0,300,300,300,249.2656964,0,0,0,0
0,0,0,0,0,0,0,0,0,0,0,0,0,300,300,300,300,300,144.1579399,0,0,0,0,0
0,0,0,0,0,0,0,0,0,0,0,0,0,0,0,300,300,300,300,300,300,78.40148817,0,0
0,300,300,300,217.8945109,0,0,0,300,300,300,68.4796422,0,0,0,0,0,0,0,0,0,0,0,300
0,0,0,0,0,0,0,0,0,0,0,0,0,0,0,300,37.30317003,0,0,0,0,0,300,300
0,0,0,0,0,0,0,0,0,0,0,0,0,300,300,300,300,300,300,2.82010843,0,0,0,0
300,49.08367665,0,0,0,0,0,0,0,0,0,0,0,300,300,300,189.4070712,0,0,0,0,300,300,42.32206159
0,0,0,0,0,300,300,300,300,300,300,58.09675492,0,0,300,300,300,186.3840874,0,0,0,300,300,300
0,0,0,0,0,0,0,0,0,0,300,300,300,300,300,300,65.01994785,0,0,0,300,300,300,300
0,0,0,0,0,0,0,0,0,0,0,0,0,0,300,300,300,227.8258605,0,0,0,0,0,0
0,0,300,300,300,300,300,300,300,102.8902472,0,0,0,0,0,0,0,300,300,300,300,183.8274471,0,0
0,0,0,0,0,0,300,300,205.9509096,0,0,0,0,0,300,300,300,300,300,300,300,189.3751819,0,0
0,0,0,0,300,261.0061208,0,0,0,0,0,0,0,0,300,300,300,300,300,300,300,25.70098847,0,300
0,0,0,0,0,0,0,300,300,86.02723216,0,138.1510067,0,0,0,0,0,0,0,0,0,0,0,0
0,0,0,0,0,0,0,0,0,0,300,300,196.1519986,0,0,0,0,0,0,300,207.1998595,0,0,0
0,0,0,0,0,0,300,300,227.0045785,0,0,0,0,0,0,0,0,0,0,0,0,0,0,0
0,300,300,300,300,300,300,300,53.27855794,0,0,0,0,0,0,0,0,0,0,0,0,0,0,0
0,0,0,0,0,0,0,0,0,0,1.219690685,0,0,0,0,0,0,0,0,0,300,300,300,300
0,0,0,0,0,0,0,0,0,0,0,0,66.58582773,0,0,0,0,0,0,0,0,0,0,0
0,0,0,0,0,0,0,0,0,0,0,0,0,0,300,300,300,232.6751478,0,0,0,0,0,0
0,0,0,0,0,0,0,0,0,0,0,0,0,0,0,0,300,300,300,300,300,300,300,268.1118955
300,300,300,300,300,300,294.6447149,0,0,0,0,300,300,300,300,300,85.83445606,0,0,0,300,190.4701308,0,0
0,0,0,0,0,0,0,0,300,300,300,300,300,300,300,133.2222699,0,0,0,0,0,0,0,0
0,300,300,300,300,300,112.7065863,0,0,0,0,0,0,0,0,0,0,0,300,300,300,300,154.2841723,0
0,0,0,0,0,0,0,0,0,300,300,300,300,300,300,280.6196977,0,0,0,0,0,0,0,0
0,0,0,0,0,0,0,0,0,0,0,0,0,300,300,300,300,300,300,71.99715331,0,0,0,0
0,0,0,0,0,0,0,0,0,0,0,0,0,0,0,0,0,0,120.1176161,0,0,0,0,0
0,0,0,0,0,0,0,0,0,0,0,0,0,0,0,0,0,300,282.3978368,0,0,0,0,0
0,0,0,300,300,300,115.0170185,0,0,0,0,0,0,0,0,0,0,0,0,0,300,9.825158505,0,0
0,0,0,0,0,0,0,0,0,0,0,300,216.9798693,0,0,0,0,0,0,0,300,36.57581174,0,0
0,300,300,275.6550257,0,0,0,0,0,0,0,0,0,0,0,0,0,300,300,300,300,82.36318444,0,201.3388631
0,0,0,0,0,0,0,0,0,0,0,0,0,300,300,69.03535588,0,0,0,0,0,0,0,0
0,0,0,0,0,0,0,0,0,0,0,0,0,0,0,0,300,300,300,300,300,300,21.87052279,0
0,0,0,0,0,0,0,0,0,0,0,0,0,0,0,0,300,300,300,300,300,300,300,187.806753
0,0,300,300,53.15226884,0,0,0,300,99.96128606,0,0,0,0,0,0,0,0,0,0,0,0,0,0
0,0,0,0,0,0,0,0,0,0,0,0,0,0,0,0,0,0,300,300,87.03559688,0,0,0
0,0,0,300,300,300,139.1521841,0,0,0,300,220.6690585,0,0,0,0,0,0,300,300,177.0099339,0,0,0
0,0,0,0,0,0,0,0,0,0,0,0,0,0,0,0,0,0,300,300,300,300,254.4055333,0
0,300,118.0900075,0,0,0,0,300,300,300,300,300,300,88.28922589,0,0,0,0,0,300,300,300,300,300
