0,0,0,0,0,0,0,0,0,300,121.582178,0,0,0,0,0,0,0,0,0,0,0,0,0
0,0,0,0,0,0,0,0,0,0,0,0,0,0,300,300,300,108.6491526,0,0,300,176.421962,0,0
0,0,0,0,0,0,0,0,0,300,300,216.5941667,0,0,0,300,300,176.2339832,0,0,0,0,0,0
300,300,37.78079551,0,0,0,300,300,300,169.1646737,0,0,0,0,0,0,0,0,0,0,0,0,0,0
0,0,0,0,0,0,0,0,0,0,0,0,0,0,0,0,0,0,0,300,233.4007093,0,0,0
0,0,0,0,0,0,0,0,0,0,0,300,29.63502613,0,0,0,0,0,0,0,0,300,300,69.29321422
0,0,0,0,0,0,0,300,274.1800108,0,0,0,0,0,0,0,0,0,300,108.9719407,0,0,0,0
0,0,0,0,0,0,0,0,0,0,0,0,0,0,0,0,0,0,0,227.2780306,0,0,0,0
0,0,0,0,0,0,0,0,0,0,0,0,0,0,0,0,0,0,0,300,300,56.14647137,0,0
0,300,300,300,162.9298295,0,0,0,300,300,300,74.80627383,0,0,0,0,0,0,0,0,0,0,0,0
0,0,0,0,0,0,0,0,0,0,0,0,0,300,300,154.0857331,0,0,0,152.0415052,0,0,0,0
0,0,0,0,0,0,0,0,0,300,193.6784825,0,0,0,0,0,0,0,0,0,0,0,0,0
0,300,300,144.7451521,0,0,0,0,0,0,0,300,279.5135329,0,0,300,180.8176063,0,0,0,0,0,0,0
0,0,0,0,0,0,0,0,0,0,0,300,300,300,191.4439861,0,300,300,300,127.8287438,0,0,0,0
0,300,84.67644772,0,0,0,0,0,0,0,0,0,0,0,0,0,0,0,0,0,0,0,0,300
0,0,0,0,0,0,300,300,300,12.9018791,0,0,0,0,0,0,0,0,0,0,0,0,0,0
0,0,0,0,0,0,0,0,0,300,92.13798803,0,0,0,0,0,0,0,0,300,300,43.19037689,0,0
0,0,0,0,43.93023191,0,0,0,0,0,0,0,0,0,300,300,112.192618,0,0,0,0,0,0,0
0,0,0,0,0,0,0,0,0,0,0,0,0,300,300,300,13.17489431,0,0,0,0,0,0,0
0,0,0,0,0,0,0,0,0,0,0,0,0,0,0,0,300,300,30.31163359,0,0,0,300,215.2462646
0,0,0,0,0,0,0,0,0,0,0,0,234.1497035,0,0,0,0,0,0,0,0,0,0,0
0,0,0,0,0,0,0,0,0,0,0,0,0,0,0,143.605691,0,0,0,0,0,0,0,0
0,0,0,0,0,0,0,0,0,0,0,0,0,0,0,300,300,262.5000352,0,0,0,0,0,0
0,0,0,0,0,0,0,0,0,0,0,0,0,0,0,0,0,0,300,250.9536285,0,0,0,0
0,0,0,0,0,0,0,0,0,0,0,0,0,46.90290257,0,0,0,0,0,210.518267,0,0,0,0
0,0,0,0,0,0,0,0,0,0,0,0,300,300,300,132.4106619,0,0,0,0,0,0,0,0
0,0,0,0,0,0,0,0,0,7.032535605,0,0,300,300,300,138.8683985,0,0,0,0,0,0,0,0
0,0,0,0,300,300,143.6913513,0,0,300,18.48670178,0,0,0,300,259.6017021,0,0,0,0,0,0,0,0
0,0,0,0,0,0,0,0,0,300,300,300,66.99779775,0,0,0,0,300,300,8.926313303,0,0,0,0
237.4122763,0,0,0,0,0,0,0,0,300,279.8682223,0,0,0,0,0,0,0,0,0,0,0,0,0
0,0,0,300,300,53.79064763,0,0,0,0,0,300,257.50085,0,0,0,0,0,0,0,0,0,0,300
0,0,300,156.944998,0,0,0,0,0,0,0,0,0,0,0,0,0,0,0,0,0,0,0,0
0,146.6056577,0,0,0,0,0,0,0,0,0,0,0,0,0,0,0,0,0,277.4325973,0,0,0,0
0,0,300,300,20.51382239,0,0,300,300,300,170.2490481,0,0,0,300,300,126.786622,0,0,0,0,0,0,0
0,0,0,0,0,0,0,0,0,0,0,0,0,0,0,0,0,0,0,300,300,300,32.13668157,0
0,0,0,0,0,0,0,0,0,0,0,0,0,0,300,298.6887886,0,0,0,0,0,0,0,0
0,0,0,0,0,300,300,300,83.89911536,0,0,0,0,0,0,0,300,300,242.5780914,0,0,0,0,0
0,0,0,0,0,0,0,0,0,300,300,121.0326793,0,0,0,0,0,0,196.9048553,0,0,0,0,0
0,0,196.4930871,0,0,0,0,0,300,300,300,5.815919695,0,0,0,0,0,0,0,0,0,300,300,300
0,0,0,0,0,0,300,300,300,93.24046483,0,0,0,0,0,0,0,0,0,300,300,246.0207443,0,0
0,0,0,0,0,0,0,0,192.9674794,0,0,0,0,0,0,0,0,0,0,0,0,0,0,300
0,0,0,0,0,0,0,0,0,0,0,0,0,0,0,0,300,300,300,89.90431266,0,0,0,0
0,0,0,0,0,0,0,0,0,0,0,0,0,164.7011428,0,0,0,0,0,0,0,0,0,0
127.3335972,0,0,0,0,0,0,0,0,0,0,0,0,0,0,0,300,300,300,103.2042748,0,0,0,0
0,0,0,0,0,0,201.9512323,0,0,0,8.550538134,0,0,300,300,123.6363731,0,0,0,0,0,0,0,0
0,0,0,0,0,0,0,0,0,0,90.00651918,0,0,0,0,0,0,0,0,0,0,0,0,0
0,0,0,0,0,0,0,0,300,8.446439608,0,0,0,0,0,0,297.2714566,0,0,0,0,0,0,0
0,0,0,0,0,0,0,0,0,0,300,13.44955239,0,0,0,0,0,0,0,0,0,0,0,0
300,142.1106446,0,0,0,0,300,300,83.11181279,0,0,300,300,300,106.8479999,0,0,0,0,0,0,0,0,0
0,0,0,0,0,0,0,0,0,0,0,0,0,0,300,54.14386953,0,0,0,0,0,0,0,300
0,0,0,0,0,0,0,300,300,202.2169181,0,0,0,0,0,0,0,0,0,0,0,0,300,287.9538605
0,0,0,0,0,0,0,0,0,0,0,0,0,0,0,0,0,0,0,300,300,300,43.24252846,0
0,0,0,0,0,0,0,300,106.4723046,0,300,300,300,113.3916467,0,0,0,0,0,0,0,0,0,0
0,0,0,0,0,0,0,0,0,0,0,300,300,289.149568,0,0,0,0,0,0,0,0,0,0
0,0,0,0,0,0,0,0,0,0,0,0,0,0,0,0,0,0,0,300,300,300,276.418299,0
0,0,0,0,0,0,0,0,0,0,0,0,0,0,0,0,0,0,0,300,59.41205111,0,0,0
0,0,0,0,300,188.7768288,0,0,0,0,0,0,0,0,0,0,0,0,0,0,0,0,300,300
0,0,0,0,300,300,128.0003106,0,0,0,0,0,0,0,0,0,0,0,285.4464268,0,0,0,0,0
0,0,0,0,0,0,0,0,0,0,0,0,0,118.9304038,0,0,0,0,0,0,0,0,0,0
0,0,0,0,0,0,0,0,0,300,300,153.6568071,0,63.79354548,0,0,0,0,0,0,0,0,0,0
0,0,0,0,0,0,0,0,0,0,0,0,0,0,0,0,300,233.3691459,0,0,0,0,0,0
0,0,0,0,0,0,300,300,10.04317574,0,0,0,0,0,0,0,0,0,0,0,0,0,0,0
0,0,0,0,0,0,0,0,0,0,0,0,0,0,0,0,0,300,300,300,290.2417045,0,0,0
0,0,0,195.6127141,0,0,0,0,0,0,0,74.75107416,0,0,0,0,0,283.584543,0,0,0,0,300,14.96236271
0,0,0,0,0,0,0,0,0,0,0,300,300,300,139.7165361,0,0,0,0,0,0,0,0,0
0,0,300,8.574961872,0,0,0,300,300,98.21586014,0,0,0,0,0,0,0,0,0,0,0,0,0,0
0,300,300,300,216.2346732,0,300,261.7492717,0,0,0,0,0,0,300,247.3804415,0,300,262.9081356,0,0,0,0,0
0,0,0,0,0,0,0,0,0,0,0,0,0,0,0,0,0,300,300,258.2849098,0,0,300,300
238.804413,0,0,0,0,0,0,0,0,300,300,44.92655444,0,0,0,0,0,0,0,0,0,0,0,0
0,0,0,0,0,0,0,0,0,0,0,55.77746638,0,0,0,0,0,0,0,0,300,300,21.90557259,0
0,0,0,0,0,0,0,0,3.205893725,0,0,0,0,0,0,0,0,0,0,0,300,300,300,134.4598443
0,0,0,0,0,0,0,0,0,0,0,0,0,0,0,300,282.657226,0,0,0,0,0,0,0
0,0,0,0,0,0,0,0,0,300,300,300,216.0881109,0,0,0,0,0,0,0,300,300,300,9.853150362
0,0,0,0,0,0,0,0,215.8041797,0,0,0,0,0,0,0,0,15.72548475,0,0,0,0,0,0
0,0,0,0,0,0,0,0,0,0,0,0,0,300,300,300,29.05478459,0,300,31.25985078,0,0,0,0
0,0,0,0,0,0,0,0,0,0,0,0,0,0,0,0,0,0,300,178.737674,0,0,0,0
0,0,0,0,0,0,0,0,0,0,0,0,0,0,0,0,0,300,300,300,235.3276718,0,0,0
0,0,0,0,0,0,0,0,0,0,0,0,300,233.2745128,0,0,0,0,0,0,0,0,0,0
0,0,0,0,0,0,0,0,0,0,0,0,0,0,0,0,0,0,300,284.3026624,0,0,0,0
0,0,0,0,0,0,0,0,0,0,0,0,0,0,52.23903606,0,0,0,0,0,0,0,0,300
0,0,0,0,0,0,0,0,0,0,0,0,0,0,300,300,300,187.5192448,0,300,300,153.6328898,0,0
0,0,0,0,0,0,0,0,0,300,200.7049233,0,0,0,0,0,0,0,0,0,0,0,0,0
0,0,0,0,0,0,0,0,15.54865006,0,0,0,0,0,0,0,0,0,0,0,0,0,0,0
0,0,0,0,0,0,135.9193332,0,0,0,0,300,300,300,67.8879378,0,0,0,0,0,0,0,0,0
0,0,0,0,0,300,300,300,39.8766301,0,0,0,0,300,300,300,17.91347503,0,0,0,0,0,0,0
0,0,0,0,57.86265119,0,0,0,0,0,0,0,0,0,0,0,300,49.67101319,0,0,0,0,0,0
0,0,0,0,0,0,0,0,0,0,0,0,300,300,300,289.651532,0,300,300,281.0203395,0,0,0,0
0,0,0,0,0,0,0,0,0,0,0,0,0,0,0,0,0,0,300,300,300,275.018511,0,0
0,0,0,0,0,0,0,0,0,0,0,0,0,0,0,0,300,300,190.7373335,0,0,0,0,0
0,0,0,0,0,0,0,0,0,0,279.8980063,0,0,0,0,0,0,0,0,0,0,0,0,0
0,0,0,0,0,300,300,300,152.6740886,0,0,0,0,0,0,0,0,0,0,0,0,0,300,300
0,0,0,0,0,0,136.3928611,0,0,0,0,0,0,0,0,0,0,0,0,0,0,0,155.2432223,0
0,0,0,0,0,0,0,300,96.97197879,0,0,0,300,300,89.35940583,0,0,0,0,0,0,0,0,0
0,0,0,0,0,0,0,0,0,0,300,300,102.4846279,0,0,0,0,0,0,0,0,0,0,0
0,0,0,0,0,300,300,283.2320211,0,0,300,300,120.1012797,0,300,300,300,269.9461521,0,0,0,0,0,0
0,0,300,300,42.34993786,0,0,0,0,0,0,0,0,0,0,0,0,0,0,0,0,0,300,63.08398854
0,0,8.478876221,0,0,0,0,0,300,300,300,268.4104932,0,0,0,0,0,0,0,0,0,0,0,0
0,0,0,0,0,0,0,0,0,0,0,0,0,300,130.8450825,0,0,0,0,0,0,193.793616,0,0
0,0,0,0,0,0,0,0,0,0,0,0,0,0,0,0,300,300,237.2280677,0,0,0,0,0
0,0,0,0,23.51234714,0,0,0,2.481408013,0,0,0,0,0,0,0,0,0,0,0,300,42.20324665,0,0
0,0,0,0,0,0,0,0,0,0,0,0,0,300,300,300,204.9531289,0,0,0,0,0,0,0
0,0,0,0,0,0,0,0,0,300,149.2888001,0,0,0,0,300,300,27.1059939,0,0,0,0,0,0
0,0,0,0,0,0,0,0,0,0,0,0,0,300,8.14196411,0,0,0,0,0,0,0,0,0
0,0,0,0,0,0,0,0,300,300,251.2376439,0,0,0,0,0,0,0,0,0,0,0,0,0
0,0,0,0,300,130.0990879,0,0,0,0,0,0,0,0,0,0,300,300,236.3675571,0,0,0,0,0
0,0,0,0,300,300,143.32166,0,0,300,30.97106157,0,0,0,0,0,0,0,0,0,0,300,300,300
0,0,0,0,0,0,0,0,0,0,0,300,13.54568712,0,0,0,0,0,0,0,0,300,300,300
0,0,0,0,0,0,0,0,0,0,300,300,300,284.7608447,0,0,0,0,300,300,56.62591216,0,0,0
0,0,0,0,0,0,0,0,0,0,0,0,264.3290736,0,0,0,0,0,0,0,300,300,300,94.32403125
0,0,0,0,0,0,0,0,62.73422534,0,0,0,0,0,0,0,0,0,0,0,0,0,0,0
0,0,0,0,0,0,0,0,0,0,0,300,245.5350266,0,0,0,0,0,0,0,0,0,0,0
262.1178292,0,0,0,0,0,0,0,0,0,0,0,0,0,0,0,0,0,0,0,0,300,300,18.66826126
0,0,0,0,0,0,0,0,0,0,0,0,0,0,0,0,0,0,300,288.0838595,0,0,0,0
0,0,0,0,0,0,0,0,0,0,0,0,0,0,0,0,300,300,42.83019751,0,0,0,0,0
0,0,0,0,0,0,0,0,0,0,0,0,0,65.4348161,0,0,0,0,0,0,0,0,0,0
0,0,0,300,300,163.6213891,0,0,0,0,0,0,300,300,300,20.88686214,0,0,0,0,0,0,0,0
0,0,0,0,0,0,0,0,0,0,0,0,0,0,0,0,0,0,0,101.332307,0,0,0,0
0,0,300,273.3818445,0,0,0,0,0,0,0,0,0,0,0,0,300,300,300,29.15276396,0,0,0,0
0,0,0,0,0,0,0,0,0,0,0,0,0,0,0,0,0,0,300,210.177229,0,0,0,0
0,0,300,300,300,168.0805004,0,0,0,0,0,0,278.3126656,0,0,0,0,0,0,0,0,0,0,0
0,0,0,0,0,0,0,0,0,0,0,300,300,300,222.3084354,0,300,98.4074116,0,0,0,0,0,0
0,0,0,0,0,0,0,0,0,0,0,0,0,0,0,0,0,300,276.3966768,0,0,0,0,0
0,0,0,0,0,0,0,251.8877545,0,0,0,0,0,0,0,0,0,0,0,300,300,255.8034299,0,151.5053167
0,0,300,287.1761381,0,0,0,0,0,0,0,0,300,300,300,131.6100852,0,0,0,0,0,0,0,0
0,0,300,300,300,224.391875,0,0,0,0,0,0,0,0,0,0,0,0,0,0,0,0,0,0
0,0,0,0,0,0,0,0,0,0,0,0,300,146.5935978,0,300,206.9702233,0,0,0,0,0,0,0
0,0,0,300,300,73.7477711,0,0,0,0,0,0,0,300,300,143.0985245,0,0,0,0,0,0,0,0
0,0,0,0,0,0,0,0,0,147.4288795,0,0,0,0,0,0,0,0,0,0,300,300,213.6009979,0
0,0,62.77945673,0,0,0,0,0,0,242.6382933,0,0,0,0,0,0,0,0,0,0,0,0,0,0
0,0,0,0,0,0,0,0,0,0,300,49.39805674,0,0,0,0,0,0,0,300,300,300,38.30817451,0
0,0,300,229.789346,0,0,0,0,0,0,0,0,0,0,0,0,0,0,0,300,6.631457517,0,0,0
0,0,0,0,300,157.641674,0,0,0,0,0,0,300,300,165.1777734,0,0,0,0,0,126.55366,0,0,0
0,0,0,300,300,29.21023454,0,0,0,0,0,0,0,0,300,300,300,231.8821929,0,0,0,0,0,0
0,0,0,0,0,0,0,0,0,0,0,0,0,0,0,300,300,177.7319409,0,0,0,0,300,38.35437137
0,300,300,33.67903024,0,0,0,0,0,0,0,0,0,0,300,300,300,260.5628624,0,0,300,300,300,141.0053453
0,0,0,0,0,0,0,0,0,0,0,0,0,0,0,300,300,300,177.1955368,0,0,0,300,300
0,0,0,0,0,0,0,0,0,300,300,300,42.87751356,0,0,300,300,300,299.2597274,0,0,0,0,0
0,0,0,0,0,0,0,0,0,0,0,300,300,300,190.0959786,0,0,0,0,0,0,0,0,0
0,0,0,0,0,0,0,0,0,0,300,300,300,59.46737664,0,0,0,0,0,0,0,300,300,300
0,0,0,0,0,300,227.9907478,0,0,0,0,0,0,0,0,0,0,0,300,300,239.749389,0,0,0
0,0,0,0,0,0,0,0,0,0,0,0,0,0,0,0,0,0,0,300,300,173.2063301,0,0
0,0,0,0,0,0,0,0,0,0,0,0,0,0,0,0,0,0,0,300,300,117.3397838,0,0
0,0,0,0,300,300,300,61.64410766,0,0,0,0,0,0,0,0,0,0,0,0,0,198.2007352,0,0
0,0,0,0,0,0,0,0,0,0,0,0,0,0,0,0,0,0,0,300,94.76473247,0,0,0
0,0,0,0,0,0,0,0,0,0,0,0,0,0,0,0,0,0,300,300,300,43.45432481,0,0
300,57.66842232,0,0,0,0,0,0,0,0,0,0,0,0,300,300,300,211.2768921,0,0,0,0,0,0
0,0,0,0,0,0,0,0,0,0,0,0,0,0,0,0,247.3306804,0,0,0,0,0,0,0
0,0,0,0,0,0,300,300,279.0574127,0,0,0,0,0,0,0,0,0,0,0,0,0,0,0
0,0,0,0,0,0,300,232.718242,0,0,0,0,300,300,296.7809258,0,0,0,0,0,0,0,300,300
0,0,0,106.8855487,0,0,0,0,0,0,0,0,0,0,0,0,0,0,0,0,0,0,0,300
0,0,0,0,0,300,47.65499935,0,0,0,0,0,0,0,0,0,0,0,0,0,0,0,0,0
0,0,0,0,0,0,0,0,0,300,300,139.5652604,0,0,0,176.9860448,0,0,0,0,0,0,0,0
0,0,0,0,0,0,0,300,300,227.3265494,0,0,0,0,0,0,0,0,0,0,0,0,0,0
0,0,0,0,0,0,300,300,17.58467784,0,0,0,0,0,0,0,0,0,0,0,300,300,170.7915349,0
0,0,0,0,0,0,0,0,0,0,0,0,0,0,0,0,0,0,300,136.3510877,0,0,300,300
0,0,0,0,0,0,0,0,0,0,0,0,0,297.2878562,0,0,0,0,0,0,0,0,0,0
0,0,0,300,224.3228238,0,110.3271046,0,0,0,0,0,0,0,0,0,0,0,0,300,300,23.09332789,0,0
0,0,0,0,0,0,0,0,0,0,0,0,0,0,0,0,0,0,0,300,300,300,248.1490161,0
0,0,0,0,0,0,0,0,0,0,49.57515522,0,0,0,0,0,0,0,0,0,0,0,0,0
0,0,0,0,0,0,0,0,0,0,0,300,300,300,247.7368344,0,0,0,0,0,0,0,0,0
0,0,0,0,0,0,0,0,0,0,0,0,300,300,300,147.5017968,0,0,300,300,300,214.2823797,0,0
0,0,0,0,0,0,0,0,0,0,0,0,0,0,0,0,0,0,0,300,203.9760665,0,0,0
0,0,0,300,300,69.79169374,0,0,0,0,0,0,0,0,0,0,0,0,232.0944817,0,0,0,0,0
0,0,0,0,0,0,0,0,0,300,300,300,93.82744479,0,0,0,0,0,0,0,0,0,0,0
147.9915549,0,0,0,0,0,0,0,0,0,0,0,0,0,0,300,300,300,62.49938747,0,0,0,0,0
0,0,0,0,0,0,0,0,0,0,0,0,0,0,0,300,300,201.1702253,0,0,0,0,0,0
300,300,261.6480617,0,0,0,0,0,0,0,0,0,300,300,300,17.37429167,0,0,0,0,300,300,300,156.3210079
0,0,0,0,0,0,300,300,300,194.4640737,0,0,0,0,0,0,0,0,0,0,0,0,0,0
0,0,0,0,0,0,0,0,300,300,295.7884906,0,0,0,0,170.8079976,0,0,0,0,0,0,0,0
0,0,0,0,0,0,300,300,105.6070397,0,0,0,0,0,0,0,0,0,0,0,0,0,300,300
0,0,0,0,0,0,0,0,0,200.8162961,0,0,0,0,0,0,300,180.729461,0,0,0,0,0,0
0,0,0,0,0,0,0,0,0,0,0,300,300,6.830337521,0,0,0,0,0,0,0,0,0,0
0,0,0,0,0,0,166.3203647,0,0,0,0,0,0,300,300,300,161.4379119,0,0,0,0,0,0,0
0,0,0,0,0,300,204.376348,0,0,0,0,0,0,300,300,300,142.8013408,0,0,0,0,0,0,0
0,0,0,0,0,0,0,0,0,0,0,0,0,0,0,0,85.22302022,0,0,0,0,0,0,0
0,0,0,0,22.78094328,0,0,0,0,0,0,0,0,0,0,0,0,0,0,0,0,0,300,300
0,0,0,0,0,0,0,0,0,0,0,300,300,219.1272531,0,0,0,0,0,0,0,0,300,300
0,0,0,0,0,0,0,0,300,300,300,255.4440592,0,0,0,0,0,0,0,0,0,0,87.11395063,0
0,0,0,0,0,0,0,0,0,0,0,0,0,0,0,0,0,8.865829405,0,0,0,0,0,0
0,0,0,0,0,0,0,0,0,0,0,0,0,0,0,0,0,0,0,300,300,300,85.19147457,0
0,0,0,0,0,0,0,0,300,300,300,192.2625135,0,0,0,300,73.57092737,0,0,0,0,0,0,283.5709188
0,0,0,0,0,0,0,0,0,0,0,22.36656774,0,0,0,0,0,0,0,0,140.2463381,0,0,0
0,0,0,0,0,0,0,0,0,0,0,0,0,0,300,300,300,299.7216698,0,0,0,0,0,0
300,300,300,14.23082045,0,0,0,0,0,0,0,0,0,0,0,0,0,0,0,0,68.54634831,0,0,0
0,0,300,278.6870337,0,0,0,0,0,0,0,300,300,255.914122,0,0,0,0,0,0,0,0,300,300
0,0,0,0,0,0,0,0,0,0,0,0,0,0,0,300,68.14748501,0,0,0,0,0,0,0
0,0,0,0,0,0,0,0,0,0,0,0,0,0,0,0,0,0,300,151.4788706,0,0,122.3751625,0
0,300,281.4269577,0,0,0,0,0,0,0,0,0,0,0,0,0,0,0,0,0,0,0,259.5501911,0
0,0,0,0,300,259.7452898,0,0,0,0,0,0,0,0,0,0,0,0,300,300,300,264.5336365,0,0
0,0,0,0,0,0,0,0,300,300,300,101.350247,0,0,0,300,300,300,78.20803852,0,0,0,0,0
0,300,300,244.1897426,0,0,0,0,0,0,0,0,0,0,0,0,0,0,0,0,0,0,300,93.38865299
0,0,0,0,0,0,0,0,0,0,300,38.94714832,0,0,0,0,0,0,0,0,0,0,0,0
0,300,33.59775675,0,0,0,0,0,0,0,0,0,0,0,0,0,0,300,89.08906997,0,257.7013928,0,0,0
0,0,0,0,0,0,0,0,0,0,0,0,0,0,0,0,0,0,0,300,300,15.02658127,0,0
0,0,300,300,300,165.8268655,0,0,0,0,0,0,300,5.516561638,0,0,0,0,0,0,0,0,0,300
0,0,0,0,0,0,0,0,0,0,0,0,0,0,0,0,300,300,300,97.88803328,0,0,12.8516263,0
0,0,0,0,0,0,0,0,300,300,300,278.0511268,0,0,0,0,0,230.2804386,0,0,0,0,0,0
0,0,0,0,0,0,0,0,0,0,0,0,0,0,300,12.66059603,0,0,0,0,0,0,0,0
0,0,0,0,0,0,0,0,0,0,0,0,0,0,0,0,0,0,0,300,294.2507917,0,0,153.6228594
0,0,0,0,300,154.1114776,0,0,0,0,0,0,0,0,0,0,0,0,0,0,0,300,300,300
0,0,0,300,300,300,89.21857608,0,0,0,0,0,0,0,0,0,0,0,0,0,0,0,300,300
0,0,0,0,0,0,0,0,300,300,274.8153981,0,0,0,0,281.4354937,0,0,0,0,0,0,0,0
0,0,0,0,0,0,0,0,0,0,0,0,0,62.15979869,0,0,0,0,0,0,0,0,0,0
0,0,0,0,0,0,0,0,0,0,0,0,0,0,0,0,0,0,0,206.6903066,0,0,0,0
0,0,0,0,0,0,0,0,0,0,264.2693016,0,0,0,0,0,0,0,0,0,0,0,0,0
0,0,0,0,0,0,0,0,300,69.51528867,0,0,0,0,0,0,0,0,0,0,0,0,0,0
0,0,0,0,0,0,0,0,0,0,0,0,0,0,0,156.6245834,0,0,0,0,0,0,0,0
0,0,0,0,0,0,0,0,0,0,300,300,103.4418119,0,0,0,0,0,300,300,79.20504224,0,0,0
0,0,0,300,300,75.16069942,0,0,300,250.1773025,0,0,0,0,0,0,0,0,0,0,0,0,0,0
0,0,0,0,0,0,0,0,0,247.9349011,0,0,0,0,0,0,0,0,0,0,0,0,0,0
0,0,0,0,0,0,0,0,0,0,0,0,0,0,0,0,0,0,284.3616545,0,300,300,300,200.3735308
0,0,0,0,0,0,0,0,0,0,0,300,300,102.1780354,0,0,0,0,0,0,0,0,0,0
0,0,0,0,0,0,0,0,0,0,0,300,300,95.66053275,0,300,300,56.20127549,0,0,0,0,0,0
0,0,0,0,300,3.082780551,0,0,300,300,300,285.3340008,0,0,0,0,0,0,0,0,0,0,0,0
0,0,300,225.6203266,0,0,0,0,0,0,0,0,0,0,0,0,0,0,0,0,0,300,55.42057947,0
0,0,0,0,0,0,0,0,0,0,300,263.1639001,0,0,0,0,0,0,0,0,0,0,0,0
0,0,0,0,0,0,0,0,300,300,300,235.0928195,0,0,0,0,0,0,0,0,0,0,0,0
0,0,0,0,0,0,0,0,0,0,145.6443149,0,0,0,0,0,0,0,0,0,0,0,0,0
0,0,0,0,0,0,0,0,0,0,0,0,0,0,0,0,0,300,300,300,10.53456983,0,0,0
0,104.5831926,0,0,0,0,0,0,0,0,0,0,0,277.651632,0,0,0,0,0,0,0,0,0,0
0,300,111.7581249,0,0,0,0,0,0,0,0,0,0,0,0,0,0,0,0,300,300,45.46387064,0,0
0,0,0,0,300,82.67228856,0,0,0,0,0,0,0,0,300,6.366082802,0,0,0,0,0,0,0,0
0,0,0,0,0,0,300,300,300,169.2054041,0,0,0,0,0,0,0,0,0,0,0,0,0,0
0,0,0,0,0,0,0,0,0,0,300,173.6426539,0,0,0,0,0,0,0,0,0,0,0,0
0,0,0,300,273.0173242,0,0,0,0,0,300,300,217.7216185,0,0,0,0,0,0,0,0,0,0,0
0,0,0,0,0,0,0,0,0,0,0,0,0,0,0,0,0,210.9378534,0,0,0,0,0,0
0,0,0,0,0,0,300,291.6661375,0,0,0,0,0,300,300,300,290.0166358,0,0,0,0,0,0,0
0,0,0,0,0,0,0,0,0,0,0,0,300,300,300,193.7234128,0,0,0,0,0,0,300,250.5035712
89.09548175,0,0,0,0,0,0,0,0,0,0,0,0,0,300,300,76.85978594,0,300,300,300,0.98083441,0,0
0,0,0,0,0,0,0,0,0,0,0,0,0,0,0,300,300,300,174.956819,0,0,0,0,0
0,0,0,0,0,0,0,0,0,0,0,0,0,0,0,0,0,0,0,300,287.8436715,0,0,0
0,0,300,300,300,91.18651154,0,0,0,0,0,0,0,0,0,0,0,0,0,0,0,85.75241512,0,0
0,0,0,0,0,0,0,0,0,0,0,0,0,300,300,140.7040818,0,0,0,0,0,0,0,0
0,0,0,300,300,300,190.6812316,0,0,0,0,0,0,0,0,0,0,0,0,0,0,300,300,142.6844331
0,0,0,0,0,0,0,0,0,0,0,0,0,0,0,0,0,0,0,300,84.21666554,0,0,0
0,0,0,0,0,0,0,0,0,0,0,0,0,0,0,0,0,300,300,211.059043,0,0,0,0
0,0,0,83.19852026,0,0,0,300,281.9950863,0,0,0,0,0,0,0,0,0,0,178.8223108,0,0,0,0
0,0,0,0,0,0,0,0,0,0,0,0,0,0,300,85.40945105,0,0,0,0,0,0,0,0
0,0,0,0,0,0,300,196.6801565,0,0,0,0,0,0,0,0,0,0,0,0,0,0,0,300
0,0,0,0,0,0,0,0,300,300,300,129.0587582,0,0,0,0,0,0,0,0,0,300,132.0561361,0
0,0,0,0,0,0,0,0,0,0,0,0,300,300,218.1602824,0,0,0,0,0,0,0,0,0
0,0,0,0,0,0,0,0,0,300,300,300,285.1538659,0,0,0,0,0,0,0,0,0,0,0
0,0,0,0,0,0,0,0,0,0,0,0,300,300,300,250.5753838,0,0,0,0,0,0,0,0
0,300,300,300,253.471912,0,0,0,0,0,0,0,0,0,0,0,0,0,0,0,0,0,0,0
0,0,0,0,0,0,0,0,0,300,300,253.4903894,0,0,0,0,0,0,0,300,206.3990384,0,0,0
0,0,0,0,0,0,0,0,0,158.9859627,0,0,0,0,0,0,0,0,0,0,0,0,0,41.07893171
0,0,0,0,0,0,0,0,0,0,0,279.7122435,0,0,0,0,0,0,0,0,0,0,0,0
0,0,252.0828267,0,0,0,0,0,0,0,0,0,0,0,300,300,34.29880834,0,0,0,0,0,0,0
0,0,0,0,0,0,0,0,0,0,0,0,0,0,0,0,0,0,107.3345891,0,0,300,208.9388911,0
0,0,0,0,0,0,0,0,0,0,0,0,0,300,300,145.7359402,0,0,0,0,0,0,0,0
0,300,250.1339944,0,0,0,0,0,0,0,0,291.0036189,0,0,0,0,0,0,0,300,300,300,182.0125405,0
0,0,0,0,0,0,0,0,0,300,176.8571104,0,0,0,0,0,0,0,0,0,300,236.8563207,0,300
0,0,300,264.8001919,0,0,0,0,0,0,0,0,0,0,0,0,0,300,300,227.8020916,0,0,0,0
0,0,0,0,270.5801104,0,0,0,0,0,300,300,300,91.71404284,0,0,0,0,0,0,0,0,0,0
0,0,0,0,0,0,0,300,97.85911198,0,0,0,0,0,0,0,0,0,0,0,0,0,300,300
0,0,0,0,0,0,0,0,0,0,0,0,0,0,0,0,0,300,14.74954814,0,0,0,37.57537924,0
0,0,0,0,0,0,0,0,0,0,300,300,272.9377643,0,0,0,0,0,0,0,0,0,0,0
0,0,0,0,0,0,0,0,0,300,300,300,158.6393985,0,0,0,0,0,300,300,300,209.805866,0,0
0,0,0,0,0,0,0,0,0,0,0,0,0,0,0,300,300,66.62514476,0,0,0,0,0,0
0,0,0,0,0,0,0,0,0,0,0,0,300,300,99.94038941,0,0,0,0,300,300,104.8692641,0,0
0,0,0,0,0,0,0,0,0,297.8477351,0,0,0,0,300,223.3981212,0,0,0,0,0,300,300,294.0470359
0,300,300,300,32.68692573,0,300,300,300,272.7391708,0,0,0,0,0,0,0,0,0,0,0,0,0,0
0,0,0,0,0,227.8891888,0,0,0,0,0,0,0,0,246.8172935,0,0,300,300,300,104.6439288,0,0,0
0,0,0,0,0,0,0,0,0,0,0,0,0,0,0,0,0,0,0,104.2234592,0,0,300,300
0,0,0,0,0,0,0,0,0,0,0,0,0,0,0,0,300,97.39545493,0,0,0,0,0,0
0,0,0,0,0,0,0,0,0,0,0,300,148.4954908,0,0,0,0,0,0,0,0,300,300,300
0,0,0,0,0,0,0,0,0,0,0,0,0,0,0,0,0,300,300,300,234.2939238,0,0,0
0,0,0,0,0,0,0,0,0,0,0,0,0,0,0,0,0,0,0,192.1650405,0,0,0,0
0,0,0,0,0,300,300,300,253.1906849,0,0,0,0,0,0,0,0,0,0,0,0,0,158.2729922,0
300,288.8839599,0,0,0,0,0,0,0,0,0,0,0,0,0,0,0,0,0,300,105.7409142,0,0,0
0,0,0,0,0,0,0,0,0,300,300,229.943739,0,0,0,0,0,0,0,0,0,0,0,0
0,0,0,0,0,0,0,0,0,0,300,300,300,192.918527,0,0,0,0,0,0,0,0,0,0
0,0,0,300,75.70180754,0,0,0,0,0,0,0,300,300,300,1.076942126,0,0,0,0,0,0,0,0
0,0,0,0,0,0,0,0,0,0,0,0,0,0,0,0,0,0,0,58.0357918,0,0,0,300
0,0,0,0,0,0,0,0,0,0,0,0,0,0,0,0,0,300,300,300,72.27129829,0,0,0
0,0,0,0,0,0,0,0,0,0,0,0,129.0687059,0,0,0,0,0,0,0,0,0,0,0
0,0,0,0,0,0,0,0,0,0,0,0,0,0,0,0,78.48473869,0,0,0,0,0,0,0
0,0,0,0,0,0,0,0,0,0,0,0,0,0,0,0,300,300,75.32340352,0,0,0,0,0
0,0,0,0,0,0,0,0,0,0,300,300,300,213.8407176,0,0,0,0,0,300,300,100.2424246,0,0
0,0,0,0,0,0,0,0,0,0,300,95.97028798,0,0,0,0,55.04056196,0,0,0,0,0,300,186.762121
0,300,30.73069059,0,0,0,0,0,0,0,0,0,0,0,0,0,0,0,0,0,0.147677141,0,0,0
0,0,0,0,0,0,0,300,300,300,64.41530731,0,0,0,0,0,0,0,0,0,0,0,0,0
0,0,0,0,0,0,0,0,0,0,0,0,89.35519759,0,0,0,0,0,0,0,0,0,0,0
0,0,0,0,0,0,300,300,174.3551494,0,0,0,0,0,0,0,0,0,0,0,0,300,300,106.9137399
0,0,0,0,0,0,0,0,0,300,300,112.6212719,0,0,300,52.91802319,0,0,0,0,0,0,0,0
0,0,0,0,0,0,14.22159226,0,0,0,0,0,0,0,0,0,0,0,0,0,300,300,300,36.11349256
0,0,0,0,0,0,0,0,0,0,0,0,0,0,0,0,300,300,300,156.4546363,0,0,0,0
0,0,0,0,0,0,0,0,0,0,0,0,0,0,0,0,0,106.9315782,0,300,300,277.8357979,0,0
0,0,0,0,0,0,0,0,0,0,0,0,0,300,300,82.83189367,0,0,0,0,0,0,0,0
0,0,0,0,0,0,0,300,119.0987679,0,0,0,0,0,0,0,0,0,0,0,0,0,0,0
0,0,0,0,0,0,0,0,0,0,0,0,0,0,0,0,0,0,248.8702518,0,0,0,0,0
0,0,0,0,0,0,300,18.25788838,0,0,0,0,0,0,0,0,0,0,0,0,0,0,300,79.54497302
0,300,26.78316421,0,0,0,0,0,0,0,0,0,0,0,0,0,0,0,0,0,300,300,300,229.5834019
0,300,86.22342059,0,0,0,0,0,0,0,0,0,0,300,300,115.168482,0,0,0,0,0,0,0,300
0,0,0,0,0,0,0,0,0,0,0,0,0,129.7654962,0,0,0,0,0,0,0,0,0,300
0,0,0,0,0,0,0,0,0,0,0,0,0,0,0,300,300,225.2467721,0,0,0,0,0,0
0,0,0,0,0,0,0,0,0,0,0,0,0,0,0,0,0,0,300,300,240.9357125,0,0,0
0,0,0,0,0,0,300,222.9688942,0,0,92.87064321,0,0,0,0,0,0,0,0,0,0,0,0,0
0,300,78.16179992,0,300,24.60238465,0,0,0,0,0,0,300,300,66.01745712,0,0,0,0,0,0,0,0,0
0,0,45.36696787,0,0,0,0,0,0,0,0,0,0,0,0,0,0,0,0,0,0,0,0,200.7478565
0,0,0,0,0,0,0,0,0,0,0,0,0,0,0,300,185.8698457,0,0,300,120.3548897,0,0,0
0,0,0,300,300,189.0349385,0,0,0,0,0,0,0,0,0,0,0,0,0,0,0,0,0,0
0,0,0,0,0,0,0,0,0,0,0,0,300,300,300,49.79311883,0,0,0,0,0,0,0,0
0,0,0,0,0,0,0,0,0,0,0,300,300,158.4927679,0,0,0,204.4280802,0,0,0,0,0,0
0,0,0,0,0,0,0,0,0,0,0,0,0,0,0,0,300,300,300,94.39203463,0,0,0,0
0,0,300,300,300,143.9084587,0,0,156.9315462,0,0,0,0,0,0,0,0,0,0,0,0,0,0,0
0,0,0,0,0,0,0,0,0,0,0,0,0,0,0,0,0,300,300,300,127.8324793,0,0,0
0,0,0,0,0,300,210.3577875,0,0,0,0,0,0,0,0,0,0,0,0,0,0,0,0,0
0,0,0,0,0,0,0,0,0,0,0,0,0,0,0,300,300,291.1023088,0,0,0,0,0,0
0,0,0,0,0,0,0,0,0,0,0,0,0,0,0,291.086657,0,0,0,0,0,0,0,0
0,0,0,83.26103915,0,0,0,0,0,0,0,0,0,0,0,0,0,0,0,0,0,0,0,300
0,0,0,0,0,0,0,0,0,0,0,300,72.08712905,0,0,0,0,0,0,0,0,0,300,300
0,0,0,0,0,0,0,0,0,0,0,0,0,0,0,0,0,0,0,300,192.3287432,0,0,0
0,0,0,0,0,0,168.7474636,0,0,0,0,300,1.271365599,0,0,0,0,0,0,0,0,0,0,0
0,0,0,0,0,0,0,0,254.2684168,0,0,0,0,0,0,0,0,0,0,0,0,0,0,0
0,0,300,300,300,208.9011906,0,0,0,0,0,0,0,0,0,300,200.3332715,0,0,0,0,0,0,0
0,0,0,0,0,0,0,0,0,0,0,0,0,0,300,300,284.2589193,0,0,0,0,0,0,0
0,0,0,0,0,0,0,0,0,0,0,0,0,300,7.209463188,0,0,0,0,0,0,0,0,300
0,300,39.21403542,0,0,0,0,0,0,0,0,0,300,300,300,91.55736062,0,0,0,0,0,0,0,0
0,0,0,0,0,0,0,0,0,300,300,254.674042,0,0,0,0,0,0,0,0,0,0,0,0
0,0,0,0,0,0,0,0,0,0,0,0,300,59.93642492,0,0,0,0,0,0,0,0,0,0
0,0,0,0,0,300,232.6391989,0,0,0,0,0,0,0,0,0,300,300,300,265.5574336,0,0,0,0
0,0,0,0,300,112.5989383,0,0,0,0,300,300,300,208.7736057,0,0,0,0,0,0,0,0,0,0
300,108.0703176,0,0,0,0,0,0,0,0,0,0,0,0,0,0,0,178.1086173,0,0,0,0,0,0
0,0,0,0,0,0,0,0,0,0,0,0,0,0,0,0,0,0,0,300,300,300,283.0861357,0
0,0,0,0,0,0,0,0,0,0,0,0,0,0,0,0,0,300,300,184.5572523,0,0,0,0
0,0,0,0,0,216.0967687,0,0,0,0,0,0,0,0,0,0,0,0,0,0,300,300,300,143.0579161
0,0,0,0,0,0,0,0,0,0,0,0,0,0,0,0,0,300,300,300,150.7739773,0,0,0
0,0,0,0,0,0,0,0,0,212.3114199,0,0,0,0,0,0,0,0,300,211.509819,0,0,0,0
0,0,0,0,0,0,0,0,0,0,0,0,0,0,0,0,0,300,296.8615012,0,0,0,300,300
0,0,0,0,0,0,0,0,0,0,300,300,289.5628002,0,0,0,0,300,47.33632498,0,0,0,0,0
0,0,0,0,300,300,300,27.78290893,0,0,0,0,0,0,0,0,0,0,0,0,0,0,0,0
0,0,0,0,0,0,0,0,0,0,0,0,117.0547386,0,0,0,0,0,0,0,0,0,0,0
0,0,0,83.96092504,0,0,0,0,0,0,0,0,0,0,0,0,0,0,0,0,0,0,0,300
0,0,0,0,0,0,0,300,300,300,179.3466314,0,0,0,0,0,0,300,253.9380003,0,0,0,0,0
0,0,0,0,0,0,0,0,0,0,0,0,0,300,300,300,294.0630514,0,0,0,0,0,0,0
0,0,0,300,300,174.4710545,0,0,0,0,0,0,0,0,0,0,0,0,0,300,35.66959046,0,0,0
0,0,0,0,0,0,0,0,0,0,0,0,0,0,0,0,0,0,186.4724988,0,0,0,0,300
0,0,0,0,0,0,300,293.4930196,0,0,0,0,0,0,0,0,0,0,300,300,300,281.1963187,0,0
0,0,0,0,0,0,0,0,0,0,0,0,0,0,0,133.076365,0,0,0,0,0,0,0,0
0,207.5843783,0,0,0,0,0,0,0,300,300,300,25.19258773,0,0,0,0,0,0,0,0,0,300,300
0,300,300,300,161.8838214,0,0,0,0,0,0,0,0,0,0,0,0,0,0,0,0,0,196.4809219,0
0,0,0,0,0,0,0,0,0,0,0,0,0,0,0,0,300,249.7192615,0,0,0,0,0,0
0,132.0187995,0,0,0,0,0,0,0,0,0,0,0,0,0,0,0,0,300,300,300,238.9127085,0,0
0,0,0,0,0,0,0,0,0,0,0,0,0,0,0,0,300,30.82574814,0,300,300,300,267.0471015,0
0,0,0,0,0,300,300,188.0116382,0,0,0,0,0,0,0,0,0,0,0,300,300,156.3394894,0,0
0,0,0,0,0,0,0,0,0,0,0,0,0,0,0,300,300,300,169.1189274,0,0,0,0,0
0,0,300,300,215.9923967,0,0,0,0,0,0,0,0,0,300,300,300,271.4074702,0,0,0,0,0,0
0,0,0,0,300,300,300,113.8605398,0,300,300,300,225.8964911,0,0,0,0,0,0,164.1034139,0,0,0,0
0,0,0,0,0,300,300,300,199.3803655,0,0,0,0,0,0,300,300,222.8686604,0,0,0,0,0,0
0,0,0,0,0,0,0,0,0,0,0,0,0,0,0,300,132.9957895,0,0,0,0,0,0,0
0,0,0,0,0,28.73023217,0,0,0,0,0,0,0,0,0,0,0,0,0,0,0,0,300,300
0,0,0,0,0,0,0,0,0,0,0,0,0,0,0,0,0,0,0,300,300,75.38210007,0,0
0,0,300,300,117.1977317,0,0,0,300,300,148.8501627,0,0,0,0,0,0,0,0,0,0,0,0,0
0,34.56557717,0,0,0,0,0,0,0,0,0,0,0,0,300,234.6983315,0,0,0,0,0,0,0,0
0,0,0,0,0,0,0,0,0,0,0,0,0,0,300,33.32188682,0,0,0,0,0,0,0,0
0,0,0,0,300,300,300,297.4104958,0,0,0,0,0,0,300,300,261.195708,0,0,0,0,0,0,0
0,0,0,0,0,0,0,0,0,0,0,0,0,0,0,0,0,300,199.7531284,0,0,0,0,0
0,0,0,300,112.3598308,0,0,0,0,0,0,0,0,0,300,300,20.63085502,0,0,0,0,0,0,0
0,0,0,0,0,0,0,0,0,0,11.12059326,0,0,0,0,0,0,0,0,0,0,0,0,0
0,0,0,0,0,0,0,0,300,300,300,122.8513966,0,0,0,0,0,0,0,0,0,0,0,0
0,0,0,0,0,0,0,0,0,0,0,0,0,0,0,0,0,0,0,300,300,172.6150397,0,0
0,0,0,0,0,300,300,300,12.17383444,0,300,300,97.26623484,0,0,0,0,0,0,0,0,0,0,0
0,0,0,0,0,0,0,0,0,0,300,105.4643864,0,0,0,0,0,0,0,0,0,0,0,0
0,0,300,9.455937654,0,0,0,0,0,0,0,0,0,0,0,0,128.4472497,0,0,0,0,0,0,0
0,0,0,0,0,0,83.86349795,0,300,300,39.0440744,0,0,0,0,0,0,0,0,0,0,0,0,300
0,0,0,0,144.8959497,0,0,0,0,0,0,0,0,0,0,0,0,0,0,184.8492072,0,0,0,0
0,0,0,0,0,0,0,0,0,0,300,300,300,163.4022398,0,0,0,300,100.629263,0,0,0,0,0
0,0,0,0,0,0,0,0,0,0,300,10.63371471,0,0,0,0,0,0,0,0,0,0,0,0
0,300,300,300,127.0156442,0,0,0,0,0,0,0,0,0,300,300,80.30499465,0,0,0,0,0,0,0
0,0,0,300,300,233.6228296,0,0,300,300,12.95540602,0,0,0,0,300,177.2823589,0,0,99.59272393,0,0,0,0
0,0,0,0,0,0,0,0,0,0,0,0,0,0,0,0,0,0,34.14043754,0,0,0,0,0
0,0,0,0,0,157.2246268,0,0,300,247.4406951,0,0,0,0,0,0,0,0,0,0,0,0,0,258.9350936
0,0,0,0,0,0,0,0,0,0,0,0,0,0,0,0,300,300,248.0571088,0,0,0,300,300
0,0,0,0,0,0,0,0,0,60.5714538,0,0,0,0,0,0,0,0,0,0,0,0,0,0
0,0,0,0,0,0,0,0,300,168.7936037,0,0,0,0,0,0,0,0,0,0,300,300,68.17536043,0
0,0,0,0,0,0,0,0,0,0,0,0,0,185.4887301,0,0,0,0,0,0,300,300,300,69.65282832
0,0,0,0,0,0,0,0,0,0,0,0,0,0,0,0,0,0,300,87.76905976,0,300,256.7951838,0
0,0,0,0,0,0,0,0,0,0,0,0,0,0,0,0,300,300,300,296.2119134,0,0,300,300
0,0,300,300,300,141.1257995,0,0,121.0508711,0,0,0,0,0,0,0,0,0,0,0,0,0,0,0
0,0,0,0,0,0,0,0,300,300,116.0131836,0,0,0,0,0,0,0,0,0,0,0,0,0
0,0,0,0,300,211.6950119,0,0,0,0,0,0,238.4481648,0,0,0,0,300,300,168.5834408,0,0,0,300
300,300,300,226.397608,0,0,0,0,0,0,0,0,0,0,0,0,0,300,300,11.59422037,0,0,0,0
0,0,0,0,0,0,0,0,0,0,0,0,0,0,274.0190408,0,0,0,0,0,0,0,0,0
0,0,0,0,0,0,300,300,300,278.8605877,0,0,0,0,0,0,0,0,0,0,0,0,0,0
300,99.68400983,0,0,0,0,0,0,0,0,0,0,0,0,0,0,0,0,0,0,0,300,300,161.481262
0,0,300,300,220.6319546,0,0,0,0,0,0,0,0,0,0,0,0,0,0,0,7.744718562,0,0,0
0,0,0,0,287.8425531,0,0,0,0,0,0,0,0,0,0,300,300,300,293.5666848,0,0,0,0,0
280.054616,0,0,0,0,0,0,0,0,0,300,300,300,160.3201227,0,0,0,0,0,0,0,0,0,0
0,0,0,0,0,0,0,0,0,0,0,0,0,0,0,0,300,300,151.8214326,0,0,0,0,0
0,0,0,175.0801472,0,0,0,0,0,0,0,0,0,0,0,0,0,300,300,234.2330679,0,0,0,0
0,0,0,0,0,278.7756704,0,0,300,300,300,203.7588201,0,0,0,0,0,0,0,0,0,0,300,167.6932701
0,0,0,0,0,0,0,300,300,59.73275339,0,0,0,0,0,0,0,0,0,0,0,300,300,300
0,0,0,38.23074423,0,0,0,0,0,0,0,0,0,300,300,9.208726914,0,0,0,0,300,300,300,223.4501208
0,0,0,0,0,0,0,0,0,0,0,0,0,0,0,0,0,0,45.51816824,0,0,0,0,0
0,0,0,0,0,0,0,0,0,187.9025288,0,0,0,0,0,0,0,0,0,0,0,0,0,0
0,0,0,0,0,0,0,0,0,0,0,0,0,0,0,300,236.9255045,0,0,0,0,0,0,300
0,0,0,0,0,300,4.928491626,0,0,0,0,0,0,300,10.88150822,0,268.8505875,0,0,0,0,0,0,0
0,0,0,0,0,0,0,0,0,0,0,0,0,0,0,146.6506151,0,0,0,0,0,0,0,0
0,0,0,0,0,0,0,300,300,300,191.7236697,0,0,0,0,300,121.5945259,0,0,0,0,0,0,0
0,0,0,0,0,0,0,0,0,0,0,0,0,300,300,10.18015034,0,117.132031,0,0,0,0,0,300
0,300,300,300,31.84365554,0,0,0,0,0,0,0,0,0,0,0,0,0,300,300,151.2796551,0,0,300
0,0,0,0,0,0,300,300,293.6757571,0,0,0,0,0,0,0,0,0,0,0,0,0,0,0
0,0,0,0,0,0,0,0,0,0,0,0,0,0,0,300,300,300,255.231938,0,0,0,0,0
0,0,0,0,0,0,0,0,0,0,0,0,0,0,0,0.244163076,0,0,0,0,0,0,0,300
0,0,0,0,0,0,0,0,0,0,0,0,0,0,0,0,0,300,300,300,29.25822842,0,0,0
0,0,0,0,0,0,0,0,0,0,0,0,0,0,0,0,0,0,300,300,248.8332884,0,0,0
0,0,0,0,57.58587173,0,0,0,0,0,0,0,0,0,0,0,0,0,0,300,262.9833162,0,0,0
0,0,300,300,300,50.33148141,0,300,162.146914,0,0,0,0,0,0,0,0,0,300,82.04371854,0,0,0,0
0,0,0,0,0,0,0,0,0,0,298.0384661,0,58.95454027,0,0,300,300,142.9322678,0,0,0,0,0,0
300,300,300,61.18631984,0,0,0,0,0,0,0,0,0,0,0,0,0,0,0,0,0,0,300,300
0,0,0,0,0,0,0,0,0,300,209.7159078,0,0,0,300,300,300,201.1789762,0,0,0,300,300,300
0,0,0,0,0,0,0,0,0,0,0,300,300,300,98.63443928,0,0,0,0,0,0,0,0,300
0,0,0,0,0,0,0,0,0,300,300,196.4101886,0,0,0,0,0,0,0,0,300,179.5322557,0,0
0,0,0,0,0,0,0,0,0,0,159.7753546,0,0,0,0,0,0,0,0,0,0,0,0,0
0,0,0,0,0,0,0,0,0,0,0,0,0,0,0,0,0,0,0,281.7959371,0,0,0,0
0,0,0,0,0,0,0,0,0,0,0,0,212.5293832,0,0,137.5670397,0,0,0,0,0,0,100.9846255,0
0,0,0,160.6626011,0,0,0,0,0,0,0,254.955441,0,0,0,0,0,0,0,0,44.70660828,0,0,0
0,0,0,0,0,0,0,0,0,0,0,300,183.4292489,0,300,133.1644314,0,0,0,0,0,0,0,0
0,0,0,0,0,0,0,0,0,0,0,300,300,300,258.7229888,0,0,0,0,0,0,0,0,0
0,0,300,157.3934886,0,0,0,0,0,0,0,0,0,0,0,0,0,0,0,300,300,300,197.2359972,0
0,0,0,0,300,202.5102687,0,0,0,0,300,8.797625323,0,0,0,0,0,0,245.9962959,0,0,0,0,0
0,0,0,0,0,0,0,0,0,0,0,0,0,0,0,0,0,0,300,191.599428,0,0,0,0
0,0,0,0,0,0,0,0,0,0,0,0,0,300,162.2574589,0,0,0,0,0,0,0,0,300
0,0,0,0,0,0,0,0,0,0,0,0,0,0,0,0,0,0,0,300,300,17.37709313,0,0
0,0,0,0,0,0,0,0,0,0,0,58.88806698,0,0,0,0,0,0,0,0,300,300,300,137.9951513
0,0,0,0,0,0,0,0,0,0,258.3114201,0,0,0,0,300,300,300,9.547191803,0,0,0,0,0
0,0,0,0,0,0,0,0,0,0,0,300,300,300,259.6185263,0,0,0,300,300,300,158.2090398,0,0
0,0,0,0,0,300,300,300,162.71473,0,0,0,0,0,0,0,0,0,0,0,0,0,0,0
0,0,0,0,0,0,0,0,0,0,0,0,300,300,300,24.96654181,0,0,0,0,0,0,0,0
0,0,0,0,0,0,270.4739614,0,0,0,0,0,0,0,0,0,0,0,300,300,237.7228371,0,0,0
0,0,0,0,0,0,0,0,0,0,0,0,0,300,59.00728447,0,0,0,300,62.1701954,0,0,0,0
0,0,0,0,0,0,0,0,0,0,0,0,0,0,0,0,0,0,300,235.7502688,0,0,0,0
0,0,0,0,0,0,0,0,0,0,0,0,0,0,300,300,288.0604718,0,0,0,0,0,0,0
0,0,0,0,0,0,0,0,0,0,0,0,0,300,300,70.6396582,0,0,0,0,0,0,0,0
300,300,75.61149948,0,300,300,300,146.7299429,0,0,0,0,0,0,0,0,0,0,0,0,0,0,0,0
0,0,0,0,0,0,0,0,0,0,0,0,0,0,300,300,300,6.30582415,0,0,0,0,0,0
0,0,0,0,0,0,0,0,0,0,0,300,300,34.95139474,0,300,154.5168054,0,0,0,0,0,0,0
0,0,0,0,0,0,0,0,0,0,0,0,0,0,0,0,0,0,300,179.5126235,0,0,0,0
0,0,0,300,300,300,131.0606592,0,0,0,0,0,0,0,0,0,300,300,300,109.1241884,0,0,0,0
0,0,0,0,0,0,0,0,300,4.929871076,0,0,0,0,0,0,300,277.0521209,0,0,0,300,300,300
0,0,0,0,0,0,0,0,0,0,0,0,0,0,0,0,0,0,0,300,300,300,176.3113767,0
0,0,0,0,0,0,0,0,0,0,0,0,0,300,300,300,71.73137191,0,300,300,300,135.9126586,0,0
0,224.0942862,0,0,0,0,0,0,0,0,0,0,0,0,0,0,0,0,0,300,300,296.0366436,0,0
0,0,300,300,125.0847525,0,0,0,0,0,0,0,0,0,0,0,0,0,0,300,300,300,210.3109843,0
0,0,0,0,0,0,0,300,300,300,262.4235121,0,0,300,218.5329682,0,0,0,0,0,0,0,0,0
0,0,0,0,0,0,0,0,0,0,0,0,0,0,300,90.20325421,0,300,101.478562,0,0,0,0,0
0,0,300,300,140.9103846,0,0,0,0,0,0,0,0,0,0,0,300,295.7597577,0,0,0,0,0,0
0,0,0,0,0,0,0,0,0,135.3261646,0,0,300,300,156.2189127,0,0,0,0,0,0,0,0,0
300,300,300,221.6958131,0,0,0,0,0,0,0,0,0,0,0,300,300,57.96441139,0,0,0,0,0,300
0,0,0,0,0,0,0,0,0,0,0,0,0,0,0,0,0,0,300,300,300,20.97949969,0,0
0,0,0,0,0,0,0,300,300,117.722584,0,0,0,0,300,83.05262747,0,0,0,0,0,0,0,300
0,300,300,300,96.19332212,0,0,0,0,0,0,300,300,200.2792372,0,0,0,0,300,198.5607205,0,0,0,0
0,300,5.766184497,0,0,0,0,0,0,0,0,0,0,0,0,0,0,0,300,300,300,30.17820768,0,0
0,300,300,300,272.2977516,0,0,0,0,0,0,0,0,0,0,0,0,0,0,0,0,0,0,0
0,0,0,0,0,0,0,0,0,0,0,300,99.81444904,0,0,0,0,0,0,0,0,0,0,0
0,0,0,0,0,0,0,0,0,300,116.9807324,0,0,0,300,300,300,45.6356011,0,0,0,0,0,0
0,0,0,0,0,0,0,0,0,0,0,0,0,0,0,0,300,40.30966639,0,0,0,0,0,0
0,0,0,0,0,0,0,0,0,0,0,0,0,0,0,0,0,300,300,179.037416,0,0,0,0
0,0,0,0,0,0,0,0,0,0,0,0,75.4650137,0,0,0,0,0,0,0,0,0,0,0
0,0,0,289.0430104,0,0,0,0,0,0,0,0,0,0,0,0,0,0,0,0,300,191.5652298,0,0
0,0,0,0,0,0,0,0,0,0,0,300,68.5259499,0,300,300,25.02301547,0,0,0,0,0,0,0
0,0,0,0,0,0,0,0,0,0,0,0,0,300,300,154.9842762,0,0,0,0,0,0,0,0
0,0,0,0,0,0,0,300,300,300,57.68447803,0,0,0,0,0,300,300,300,267.6343554,0,0,0,0
0,0,0,0,0,0,0,0,0,0,0,0,0,0,0,0,300,38.63049588,0,0,0,0,0,0
0,0,0,0,0,0,0,0,0,0,0,0,0,0,0,0,0,0,300,300,197.6454003,0,0,0
280.711008,0,0,0,0,0,0,0,0,0,300,300,108.4452048,0,0,0,0,0,0,0,0,0,0,0
0,0,0,0,0,0,0,0,0,0,0,0,277.5752592,0,0,0,0,0,0,0,0,0,212.3081874,0
0,0,0,0,0,0,0,0,0,0,0,0,0,300,300,190.9904735,0,0,0,0,0,0,0,0
0,0,0,0,0,0,121.0050185,0,0,0,0,0,0,0,0,0,0,0,0,69.20049639,0,0,50.31569659,0
0,0,0,0,0,0,0,300,288.7447139,0,0,0,0,0,0,0,0,0,0,0,0,0,0,0
0,0,0,0,0,0,0,0,0,0,0,300,83.64363825,0,0,0,0,0,0,0,0,0,0,0
0,0,0,0,0,0,0,0,300,300,300,231.6003879,0,0,0,0,0,0,0,300,300,300,266.7975985,0
0,0,0,0,0,0,0,0,0,0,0,0,0,0,0,0,0,0,0,132.5429878,0,0,0,0
0,300,300,300,161.3901735,0,0,0,0,0,0,0,0,0,0,0,0,0,0,300,300,300,227.3314087,0
0,0,0,0,0,0,0,0,0,0,0,0,0,0,0,0,0,0,300,300,82.33903344,0,0,0
0,0,0,0,0,0,0,0,0,0,0,300,300,300,289.6335849,0,0,0,0,0,0,0,0,0
0,0,0,0,0,0,0,0,0,0,0,0,0,0,300,45.83715414,0,0,0,0,0,0,0,0
0,0,0,0,0,0,0,0,0,0,0,300,300,147.6347968,0,0,0,0,0,0,0,300,300,300
0,0,0,0,300,300,300,192.9779619,0,0,0,0,0,0,0,0,0,0,300,300,300,71.02195939,0,0
0,0,0,0,0,0,0,0,0,0,0,0,0,300,300,300,176.061039,0,0,0,0,0,0,0
0,0,0,0,0,0,0,0,0,0,0,0,0,0,0,300,300,300,37.17744706,0,0,0,0,0
0,0,0,0,0,0,0,0,0,0,0,0,0,0,0,0,0,0,0,178.6673557,0,0,0,0
0,0,0,0,0,0,0,0,0,0,0,0,0,0,0,300,300,300,239.1570541,0,0,0,0,0
0,0,0,0,0,0,0,0,0,0,0,0,0,0,0,0,0,0,300,300,186.4250729,0,0,0
0,0,0,0,0,0,0,0,0,0,0,0,0,0,0,300,37.17467167,0,0,0,0,0,0,0
0,0,0,0,0,0,0,0,0,0,0,0,0,0,0,0,0,0,0,300,167.1016729,0,0,0
0,0,0,0,0,0,0,0,0,0,0,0,0,0,0,0,300,300,300,238.3049239,0,0,0,0
0,0,0,0,0,0,0,0,0,0,0,0,0,0,0,0,300,133.0794891,0,0,0,0,37.61553389,0
0,300,300,300,5.730301579,0,0,0,0,0,0,0,0,0,0,0,0,0,300,300,300,88.71256859,0,0
300,179.4104106,0,300,135.2639371,0,0,0,0,0,0,0,0,0,0,0,0,0,0,300,300,300,191.8831728,0
0,0,0,71.18257336,0,0,0,0,0,0,0,0,0,0,0,0,0,0,0,0,300,300,239.6721056,0
0,0,0,300,164.0023349,0,0,0,0,0,0,0,0,0,0,0,0,3.357945179,0,0,0,0,0,0
0,0,0,0,0,0,0,0,0,0,300,300,300,255.6160407,0,0,0,0,0,0,0,0,0,0
0,0,0,0,0,0,300,300,77.09482754,0,0,0,0,0,0,0,0,0,0,0,0,0,0,0
300,300,40.63047438,0,0,0,0,0,0,0,0,0,0,0,0,0,0,0,0,300,300,3.570853479,0,0
0,0,0,0,0,0,0,0,132.2604592,0,0,0,0,0,0,0,0,0,0,0,0,0,0,0
0,0,0,0,0,0,300,300,136.9540287,0,0,0,0,0,0,0,0,0,0,0,0,0,0,0
0,0,0,0,0,0,0,0,0,0,0,0,0,0,0,0,0,0,300,300,300,207.869049,0,0
78.3886306,0,0,0,0,0,0,0,47.8761325,0,0,0,0,0,0,0,0,0,0,0,0,0,0,211.3932908
0,0,0,0,0,0,0,0,0,0,300,300,93.18385689,0,0,0,0,0,0,0,0,0,0,300
0,0,0,0,0,0,0,0,0,0,0,0,0,0,0,0,0,300,123.3558832,0,0,0,0,0
0,0,0,0,0,0,0,0,0,274.8458957,0,0,0,0,0,0,0,0,0,0,0,0,300,300
0,0,0,0,0,0,0,0,0,0,0,0,0,0,0,0,0,300,300,128.2676144,0,0,0,0
0,297.3927228,0,0,0,300,300,85.32131807,0,0,0,0,0,0,0,0,0,0,0,0,0,0,0,107.8981454
0,0,0,300,300,186.7265265,0,300,300,221.820789,0,0,0,0,0,0,0,0,0,0,0,0,0,0
0,0,0,0,0,0,0,0,0,0,0,0,0,0,0,0,0,300,300,145.5925218,0,0,0,0
0,0,0,0,0,0,0,0,0,0,300,300,183.3183852,0,0,0,0,0,0,0,0,0,0,0
0,0,0,0,0,0,0,0,0,0,0,0,0,0,0,0,0,15.34831706,0,0,0,0,0,0
0,0,0,0,0,0,0,0,0,0,0,0,0,0,0,300,205.6065433,0,0,0,0,0,0,0
0,0,0,0,0,0,0,0,0,150.0645343,0,0,0,0,0,0,0,0,0,300,300,120.4189682,0,0
0,0,0,0,0,0,0,0,0,0,0,89.09592582,0,0,0,0,0,0,0,0,0,0,0,0
0,0,0,0,0,0,0,0,0,0,0,0,0,0,0,0,0,0,300,182.9712437,0,0,0,0
0,0,0,0,0,0,0,0,247.0388878,0,0,0,0,0,0,0,0,0,0,0,0,0,0,0
0,0,0,0,0,0,0,0,0,0,0,300,300,300,185.5961233,0,0,0,0,0,0,0,0,300
0,0,0,0,0,0,0,0,0,0,0,300,300,300,271.9607658,0,0,0,0,0,0,0,0,0
0,0,0,0,0,0,0,0,0,0,0,0,0,0,0,0,0,0,0,300,300,300,36.25809498,0
0,0,0,0,0,0,0,0,0,0,0,300,158.3890413,0,0,0,0,0,0,0,0,0,0,1.500959442
0,0,0,61.89161347,0,0,0,0,0,0,0,0,0,0,0,300,135.4054621,0,0,0,0,0,0,0
0,0,0,0,300,300,81.72897858,0,0,0,0,0,0,0,0,0,0,0,0,0,0,0,0,0
0,0,0,0,300,300,44.61262445,0,0,0,300,280.2490595,0,0,0,0,0,0,0,0,0,0,0,0
0,0,0,0,0,167.2247556,0,0,0,0,0,0,0,0,0,0,0,0,0,0,0,0,0,0
0,0,0,0,0,0,0,0,300,36.0268891,0,0,0,0,0,0,0,0,0,0,0,0,0,0
0,0,0,0,0,0,0,0,0,0,0,0,0,0,0,0,0,0,300,144.4500909,0,300,300,139.7278174
0,0,0,0,0,0,0,0,0,0,0,0,0,300,300,215.9680074,0,0,0,0,0,0,0,0
300,205.1986522,0,0,0,0,0,0,0,0,0,0,0,0,0,0,0,0,300,235.298064,0,0,300,300
0,0,0,0,0,0,0,0,0,0,0,0,0,0,0,0,0,0,300,300,297.2917694,0,0,0
0,0,300,300,132.2454595,0,0,0,0,0,0,0,0,0,0,300,297.2438196,0,0,0,0,0,0,0
0,0,0,0,0,0,0,300,300,8.097620207,0,0,0,0,0,300,300,300,135.801537,0,127.3552168,0,0,0
0,0,0,0,0,0,0,0,0,0,291.8002688,0,0,0,0,0,0,0,0,0,0,0,0,0
300,206.1489257,0,0,0,0,0,0,0,0,0,0,0,0,0,0,0,0,0,0,0,0,300,300
0,0,0,0,0,0,0,0,0,0,0,0,0,0,0,262.7210425,0,0,0,0,0,0,0,0
0,216.2853542,0,0,0,0,0,0,0,0,0,0,0,0,300,21.29030235,0,0,0,278.7478544,0,300,300,300
300,300,300,282.1588473,0,0,0,0,0,0,0,0,300,300,188.2014501,0,0,0,0,0,0,0,0,0
0,0,0,0,0,0,0,0,0,0,300,273.105475,0,0,0,0,0,0,0,0,0,0,190.5011067,0
0,0,0,0,0,0,0,0,0,0,0,0,0,0,0,300,10.42012603,0,0,0,0,0,0,0
0,0,0,0,0,0,0,0,0,0,0,0,0,0,300,300,300,97.04253348,0,0,0,0,0,0
0,300,300,300,285.2545505,0,0,0,0,0,125.6051297,0,0,0,0,0,0,0,0,0,0,0,0,0
0,0,0,0,0,300,300,300,195.9297318,0,0,0,0,0,0,300,300,7.884765531,0,0,0,0,0,0
0,0,0,0,0,0,0,0,0,0,0,0,0,0,0,0,0,0,0,300,300,300,96.65501779,0
0,0,0,0,0,0,0,0,0,0,0,0,0,0,0,0,0,300,300,19.44327639,0,0,0,0
0,0,0,0,0,0,0,0,0,0,0,0,0,85.49965247,0,0,0,0,0,0,0,0,0,0
0,126.6777082,0,0,0,0,0,0,0,0,0,0,276.3475103,0,0,0,0,0,0,0,0,0,0,0
0,0,0,0,300,300,145.9295116,0,0,0,0,0,0,0,0,0,300,4.669782341,0,0,0,0,0,0
0,0,0,0,0,0,0,0,0,180.7633331,0,0,0,0,0,0,0,0,0,0,0,0,109.0421011,0
0,0,0,0,0,0,0,0,0,0,300,271.9086646,0,0,0,0,0,0,0,0,0,0,0,0
0,0,0,0,0,0,0,0,0,0,0,0,300,300,147.8808561,0,0,0,0,0,0,0,0,0
0,0,0,0,0,0,0,0,0,0,0,0,0,0,0,0,0,0,300,300,204.7967898,0,0,0
0,0,0,300,300,300,213.912057,0,0,0,0,0,0,0,0,0,0,0,0,0,0,0,0,0
0,0,0,0,0,300,235.271291,0,0,0,0,0,0,0,0,0,0,0,0,0,0,0,0,0
0,0,0,300,300,69.20330477,0,0,0,0,0,300,300,300,12.04470791,0,45.59277973,0,0,0,0,0,0,0
0,0,0,31.62876034,0,0,0,0,0,0,0,0,0,0,0,0,0,0,0,0,0,0,107.101657,0
0,0,0,0,0,0,0,0,0,0,0,300,300,222.8012905,0,0,0,0,0,0,0,0,0,300
0,0,0,0,0,0,300,146.5621301,0,0,0,0,0,0,0,0,0,0,0,0,0,0,0,0
0,0,0,0,0,0,0,0,0,0,0,0,300,300,300,190.1315899,0,0,0,0,0,0,0,0
0,0,102.0643553,0,0,300,300,27.7077294,0,0,0,0,0,0,0,0,0,0,0,0,0,0,0,0
0,0,0,0,0,0,0,300,300,300,207.6778506,0,0,0,0,0,300,300,300,267.790657,0,0,0,0
0,0,3.695244666,0,0,0,0,0,0,0,0,0,0,0,0,0,203.9108056,0,0,0,0,0,0,0
0,0,0,0,0,0,0,0,0,0,0,0,0,300,300,205.6779704,0,0,0,0,0,0,0,0
0,0,0,0,0,0,0,273.9845712,0,0,0,0,0,0,0,0,0,0,0,0,0,0,0,0
0,0,0,0,0,0,0,0,0,0,0,0,0,0,0,0,0,0,0,300,300,286.1630048,0,0
19.19780589,0,0,0,0,0,0,0,300,300,39.49099342,0,0,0,0,0,0,0,0,0,300,300,300,123.4395692
0,0,0,0,0,0,0,300,300,52.6991539,0,0,0,0,0,0,0,0,0,0,0,0,0,0
0,300,224.8072553,0,0,0,0,0,0,0,0,0,0,0,0,0,0,0,0,300,96.06211234,0,0,0
0,0,0,0,0,0,0,0,0,0,0,0,0,0,0,0,0,300,194.6688377,0,0,0,0,0
0,0,0,0,0,0,69.77607649,0,0,0,0,0,0,0,0,0,0,0,0,0,300,75.30268487,0,0
0,0,0,0,0,0,300,300,179.7392573,0,0,0,0,0,0,0,0,0,0,0,0,0,0,0
0,0,0,0,0,0,0,0,0,0,300,300,184.3341595,0,0,0,0,0,0,0,0,0,275.6614758,0
0,0,0,300,300,267.3648111,0,0,0,0,0,0,0,0,56.01680269,0,0,0,0,0,300,300,300,46.60468407
0,0,0,0,0,0,289.2806534,0,0,0,0,0,0,0,0,0,0,0,300,300,33.99796636,0,0,0
0,0,0,0,0,0,0,0,300,300,300,232.6729143,0,0,300,300,186.2048291,0,0,0,0,0,0,0
0,0,0,0,0,0,0,0,0,0,0,0,0,0,300,300,28.85588595,0,0,0,0,0,0,0
0,0,0,0,0,0,0,0,0,0,0,0,0,0,0,0,0,0,0,300,184.7248293,0,0,0
0,0,0,0,0,0,0,0,0,0,0,0,0,0,0,0,0,300,63.10090436,0,0,0,0,300
0,0,0,0,0,300,109.5534172,0,0,0,0,0,0,0,0,37.56785397,0,0,0,0,0,0,0,0
0,0,0,0,0,0,0,0,0,0,0,0,0,0,0,0,0,0,157.8124211,0,52.69808455,0,0,0
0,0,0,0,0,0,0,0,0,0,0,0,0,0,280.4994316,0,0,0,0,0,0,300,300,300
0,0,0,0,0,0,0,0,0,0,0,0,0,0,0,0,0,0,0,300,82.86714669,0,0,0
300,300,300,188.5836519,0,0,0,0,0,0,0,300,300,100.4528795,0,0,0,0,0,300,300,130.1720293,0,0
0,0,0,0,0,0,0,294.7654439,0,0,0,0,0,0,0,0,0,0,0,0,0,0,0,0
0,0,0,0,0,0,0,0,0,0,0,0,0,0,0,0,0,300,300,300,242.8215684,0,0,0
0,0,0,0,300,300,163.0762327,0,0,0,0,0,73.58884401,0,0,194.2665383,0,0,0,0,0,0,0,0
0,0,0,0,0,0,0,0,0,0,300,125.3935836,0,0,0,0,0,0,0,0,0,0,0,300
0,0,0,0,0,0,0,0,300,225.9254781,0,0,0,0,0,0,0,0,0,0,0,0,0,0
300,300,300,262.6004011,0,0,0,0,0,0,0,0,0,0,0,0,0,0,0,300,186.6165357,0,0,300
0,0,0,0,0,0,0,0,0,0,0,300,300,300,133.9538211,0,0,0,0,0,0,0,0,0
0,0,0,0,0,0,0,0,0,300,272.9757976,0,0,0,0,0,0,0,0,0,0,24.6280393,0,300
0,0,0,0,0,0,0,0,0,300,300,300,18.31633403,0,0,0,0,0,0,0,0,0,0,300
0,0,0,0,0,0,131.470995,0,0,0,0,0,0,0,0,0,0,0,0,0,0,0,0,0
300,300,300,101.8464608,0,0,0,0,0,0,0,0,0,0,0,0,0,0,300,300,14.41281479,0,0,0
0,0,0,0,0,0,0,0,0,0,0,0,0,0,0,0,0,0,0,300,300,29.14611421,0,0
0,0,0,0,0,0,0,0,0,0,0,0,0,0,300,300,300,295.915132,0,0,0,0,0,300
0,0,0,0,0,0,0,0,0,0,0,0,0,0,300,300,300,238.4943626,0,0,0,0,0,300
0,0,0,0,0,0,0,0,0,0,300,286.7412008,0,0,0,0,0,0,0,0,0,0,0,0
0,0,0,0,0,0,0,0,0,0,0,0,0,0,0,0,0,300,300,300,121.8263184,0,0,0
0,0,0,0,0,0,292.705344,0,0,0,0,0,0,0,0,0,0,0,0,0,0,0,0,0
0,0,0,0,0,0,0,0,0,130.7185448,0,0,300,300,170.1391769,0,0,0,0,0,0,0,0,0
0,47.01528037,0,0,0,0,0,0,0,0,0,0,0,0,0,0,135.8985084,0,0,0,0,0,0,0
0,0,0,0,0,0,0,0,0,300,300,300,109.1943685,0,0,0,0,0,0,0,0,300,300,123.527397
0,0,0,0,0,0,300,300,300,250.5511903,0,0,0,300,300,156.7098778,0,0,0,0,0,0,0,0
0,0,0,0,0,0,0,0,0,0,0,0,0,0,0,0,0,0,0,234.3192176,0,0,0,0
0,0,0,0,0,0,0,300,300,300,22.22503778,0,0,0,0,0,264.1748766,0,0,0,0,0,0,0
0,0,0,0,0,300,47.61112587,0,0,300,300,52.70954499,0,300,194.1395911,0,0,0,0,0,175.5075045,0,0,0
0,0,0,0,0,0,0,0,0,0,0,300,300,300,178.5955694,0,0,0,0,0,0,157.5598015,0,0
0,0,300,300,23.36952632,0,0,0,0,0,0,0,0,0,0,0,300,61.76126587,0,0,0,0,0,0
0,0,0,0,0,0,0,0,0,0,0,0,0,0,0,0,271.6357375,0,0,0,0,0,0,0
0,0,0,0,0,0,0,0,0,0,0,0,0,0,0,0,0,36.23045097,0,0,0,0,0,0
0,0,0,0,0,0,0,0,0,0,0,0,0,0,300,300,300,249.3272258,0,0,0,0,0,0
0,0,0,0,300,300,268.9071826,0,300,300,136.3522898,0,0,0,0,0,0,0,0,0,300,3.790308842,0,0
0,0,0,0,0,0,300,300,300,129.2146534,0,0,0,0,0,0,0,0,0,0,0,0,0,300
0,0,0,0,0,0,0,0,0,0,0,0,0,0,0,0,0,0,0,300,222.574288,0,0,0
0,0,300,300,300,292.8619005,0,0,0,0,0,0,0,0,0,0,0,0,0,0,0,0,300,300
0,0,0,300,300,52.29644612,0,0,0,0,0,0,0,0,0,0,0,0,0,300,300,223.1299556,0,0
0,0,0,300,199.2352247,0,0,0,0,0,0,0,0,300,300,189.8787681,0,0,0,0,0,0,0,0
0,0,0,0,0,0,0,0,0,300,300,300,254.6267423,0,300,300,39.52663161,0,0,0,0,0,0,0
0,0,0,0,300,175.1132174,0,0,0,0,0,0,0,0,0,0,0,300,300,300,51.41185381,0,0,0
0,0,0,0,0,0,0,0,67.46000527,0,0,0,0,0,0,0,0,0,0,0,0,300,300,65.90637691
0,0,0,0,0,0,0,0,300,300,55.3266889,0,0,0,0,0,0,0,0,0,0,0,0,0
0,0,0,0,0,0,0,0,0,0,0,0,0,0,300,11.63194013,0,0,0,300,51.71207952,0,0,0
0,0,0,0,0,300,300,115.2075193,0,0,0,0,0,0,0,0,0,0,300,300,300,242.4403696,0,0
0,0,0,0,0,0,0,0,0,0,0,300,300,300,260.8981013,0,0,0,0,0,0,0,0,0
0,0,0,0,0,0,0,0,0,0,300,249.8693629,0,0,0,0,0,0,0,0,0,0,300,167.9915218
0,0,0,0,0,0,0,300,300,182.482631,0,0,300,300,300,226.7655792,0,0,0,0,0,0,0,0
0,0,0,0,0,0,0,0,0,235.0224374,0,0,0,0,0,0,0,0,0,0,0,0,0,0
0,0,0,300,91.44971417,0,0,0,0,0,0,0,0,0,0,0,0,0,0,0,300,269.9002629,0,0
0,0,0,0,0,0,0,0,0,0,0,300,164.1013527,0,300,300,300,5.777842399,0,0,0,0,0,0
0,0,0,0,0,0,0,0,0,0,0,300,300,300,150.4189715,0,0,0,0,0,0,0,0,0
0,0,0,0,0,0,0,0,0,0,0,300,240.0796664,0,0,0,0,0,0,0,0,0,188.709819,0
0,0,0,0,0,300,300,300,105.9204507,0,0,0,300,300,300,260.7981152,0,300,300,173.2203603,0,0,0,0
0,0,0,0,0,0,0,0,0,0,0,0,0,0,0,0,0,0,300,300,300,188.8113684,0,0
0,0,0,0,0,0,0,0,174.9893278,0,0,0,0,0,0,0,0,0,0,0,0,0,0,300
0,0,0,0,0,0,0,0,0,0,0,0,0,300,233.6936708,0,0,0,0,0,0,0,0,300
0,0,0,0,0,0,0,300,300,300,37.35397813,0,0,0,0,0,0,0,300,157.5801856,0,300,300,137.7198673
0,0,0,0,0,0,0,300,300,118.0223548,0,0,0,0,0,0,0,0,0,0,0,0,0,300
0,300,300,232.9976969,0,0,0,0,0,0,0,0,0,0,0,250.4405882,0,0,0,0,0,0,0,0
0,0,104.684052,0,0,0,0,108.6585323,0,0,0,0,300,300,300,124.4875485,0,0,0,0,0,0,0,0
0,0,0,0,0,0,0,0,0,0,0,0,0,300,300,239.5475754,0,0,0,0,0,0,0,0
0,0,0,0,0,0,0,0,0,71.0867521,0,0,0,300,300,300,21.86135474,0,0,0,0,300,300,77.67055203
0,0,0,0,300,300,300,284.674177,0,0,0,0,0,0,0,0,0,0,0,0,0,0,300,300
0,0,0,0,0,0,0,0,0,0,0,0,0,0,0,0,0,0,0,300,300,135.0703837,0,0
0,0,0,0,0,0,0,0,300,300,300,124.5433631,0,0,0,0,0,0,0,0,0,300,300,86.18949291
0,0,0,0,0,0,0,0,0,0,0,0,0,0,0,300,300,300,184.3521225,0,0,0,0,0
0,0,0,0,285.1680538,0,0,0,0,0,0,0,0,0,0,0,0,300,99.91096905,0,0,0,0,0
0,0,0,0,0,0,0,0,221.4367267,0,0,0,0,0,0,0,0,0,0,0,0,0,0,0
0,0,0,0,0,0,0,0,0,0,0,0,0,0,300,300,300,168.1030663,0,0,0,0,0,0
0,0,0,0,0,0,0,0,0,0,0,0,0,300,47.19534014,0,292.3604409,0,0,0,0,0,0,0
0,0,0,0,0,0,0,0,0,0,0,0,0,0,0,0,300,124.026791,0,0,0,0,0,0
0,0,0,300,300,300,147.7081544,0,0,0,300,300,229.7223142,0,0,300,33.33774677,0,0,0,0,0,0,0
0,0,0,0,0,0,0,0,0,0,0,0,0,165.4764947,0,0,0,0,0,0,0,300,300,273.6166246
0,0,0,248.7162157,0,0,0,300,259.1772684,0,0,0,0,0,0,0,0,0,0,0,0,0,0,0
0,0,0,0,0,0,0,0,0,241.9535904,0,0,0,0,0,0,0,0,0,0,0,0,0,0
0,0,0,0,0,0,0,77.42967093,0,0,0,0,0,0,0,0,0,0,0,0,0,0,300,300
0,0,0,0,0,0,0,0,0,0,0,0,300,219.5467437,0,0,0,0,0,0,0,300,300,194.3085776
0,0,0,0,0,0,0,0,0,300,300,300,294.1579693,0,0,0,0,0,0,300,300,300,215.7874427,0
0,0,300,300,300,75.02383659,0,0,0,0,0,0,0,0,0,0,0,168.7582872,0,0,249.6064153,0,0,0
0,0,0,0,300,300,51.15401965,0,0,0,0,0,0,0,0,0,0,0,0,0,0,0,0,0
0,0,0,0,0,0,300,300,161.3296039,0,0,0,0,0,300,140.1298817,0,300,300,138.0373514,0,0,0,0
0,0,0,0,0,170.1750115,0,0,0,0,0,0,0,0,0,0,300,10.49179763,0,0,0,0,0,0
0,0,0,0,0,0,300,300,33.43626501,0,0,0,0,0,0,0,0,0,0,0,0,0,0,0
0,0,0,0,0,0,0,0,0,0,0,0,300,300,300,75.02660794,0,0,0,0,0,0,0,0
0,0,0,0,300,111.2725366,0,0,0,0,300,26.64425486,0,0,0,0,0,0,0,0,0,0,0,300
0,0,0,0,0,0,0,0,0,0,0,0,0,300,96.43060811,0,0,0,0,0,0,0,0,0
0,0,0,0,0,0,0,0,0,0,0,0,0,0,0,0,0,0,203.2248404,0,0,0,0,0
0,300,300,300,25.00506707,0,0,0,0,0,0,0,0,0,287.6013504,0,0,0,0,0,0,0,0,296.3814277
0,300,300,300,226.5994499,0,0,0,0,0,0,0,0,0,0,0,0,0,300,300,300,20.86127305,0,0
0,0,0,0,0,300,158.6562399,0,0,0,0,0,300,300,300,257.9875263,0,0,0,0,0,0,0,0
0,0,0,0,0,0,0,0,300,300,201.1204225,0,0,300,300,300,298.9218121,0,0,0,0,0,0,0
0,0,0,0,0,0,0,0,0,300,142.1318017,0,0,0,0,0,0,0,0,0,0,0,0,0
0,0,0,0,0,0,0,0,0,0,0,0,300,298.9411024,0,0,0,0,0,0,0,0,0,0
0,0,0,0,0,0,0,0,0,0,0,0,0,300,300,32.64901841,0,0,0,0,0,0,0,0
0,0,0,0,0,0,0,0,0,0,0,0,0,0,0,0,0,55.38884388,0,0,0,0,0,0
0,0,0,0,0,0,300,300,34.8798362,0,0,189.4337381,0,0,0,0,0,0,0,300,300,300,249.2884579,0
0,0,0,0,0,266.4792891,0,0,0,0,0,0,0,0,0,300,161.5541444,0,0,0,0,300,300,300
0,0,54.20196581,0,0,0,0,0,0,0,0,0,0,0,0,300,300,150.5106748,0,0,0,0,0,0
300,300,300,229.1353758,0,0,0,0,0,0,0,0,25.92110213,0,0,0,0,0,0,0,0,0,0,0
0,0,0,0,0,0,0,0,0,0,0,300,300,54.3507902,0,0,0,0,0,0,0,0,0,0
0,0,0,0,0,0,300,216.9797309,0,0,0,0,0,0,0,0,0,0,0,0,0,0,0,300
0,0,0,0,0,0,0,0,0,0,0,300,300,300,203.4298919,0,0,0,0,0,0,0,0,0
0,0,0,0,0,0,0,0,0,0,0,0,0,0,0,300,300,26.03057699,0,0,0,0,0,0
0,0,300,300,51.96143362,0,0,0,0,0,0,0,0,300,300,300,243.5183044,0,0,0,0,0,0,0
0,300,300,196.3997071,0,0,0,0,0,0,0,0,0,0,0,0,0,0,0,0,0,208.0985131,0,0
0,0,0,0,0,0,0,0,0,0,296.3444058,0,0,0,0,0,0,0,0,0,0,0,0,0
0,0,0,0,0,0,0,0,0,0,300,300,234.8650768,0,0,300,300,300,79.67551224,0,0,0,0,0
0,0,0,0.423024884,0,0,0,0,0,0,0,0,0,0,0,0,0,0,0,0,0,0,0,0
0,0,0,0,0,0,0,0,0,0,300,40.26746091,0,0,0,0,0,0,0,0,0,0,0,0
0,0,0,0,0,0,0,0,214.6017952,0,0,0,0,0,0,0,0,0,0,0,0,0,0,0
0,0,0,0,0,0,0,0,0,0,0,0,0,0,0,0,0,300,300,11.48162119,0,0,0,0
0,0,0,0,0,0,0,0,0,0,0,0,0,0,0,0,0,0,202.9120155,0,0,0,0,0
0,0,0,0,0,0,0,0,0,0,0,0,300,300,300,140.081475,0,0,0,0,0,0,0,0
0,0,0,0,0,0,0,0,0,300,288.4093676,0,0,0,0,0,0,0,0,0,0,0,0,0
0,0,0,0,0,0,0,0,0,0,0,0,0,0,0,0,0,0,300,300,15.7760956,0,0,0
0,0,0,0,0,0,0,0,0,0,0,0,0,0,0,0,300,300,300,10.63893111,0,0,0,0
0,0,0,0,0,0,0,0,0,0,300,24.00408828,0,0,0,0,0,0,0,0,0,0,0,300
0,0,0,0,0,0,0,0,300,300,300,19.59815506,0,0,0,0,0,0,0,0,0,0,0,0
0,0,0,0,0,0,0,0,0,0,0,0,0,0,0,300,300,300,126.7324457,0,0,0,0,0
0,0,0,0,0,0,0,0,0,0,0,0,0,0,0,0,0,300,116.4073922,0,0,0,0,0
0,0,0,0,0,0,0,0,0,0,0,0,0,0,0,0,300,300,126.6050962,0,0,0,0,0
0,0,0,0,300,300,300,287.5902373,0,0,0,0,0,0,0,0,0,0,0,0,0,0,300,300
0,0,0,0,0,0,0,0,0,0,300,300,263.241784,0,0,0,0,0,0,0,0,0,0,0
0,0,0,0,0,300,250.7234171,0,0,300,300,300,271.0471948,0,0,0,0,0,0,0,0,0,0,0
0,0,0,0,0,0,0,300,300,300,280.0526508,0,300,52.89020145,0,0,0,0,0,0,0,0,0,0
0,0,0,0,0,0,0,300,267.7109359,0,0,0,0,0,0,300,93.36104738,0,0,0,0,0,0,0
0,0,0,0,0,0,0,0,0,0,0,0,0,60.77088184,0,86.20615783,0,0,0,0,0,0,0,0
0,0,0,0,0,0,0,0,0,0,0,0,0,0,0,0,0,0,300,300,87.38642987,0,0,0
0,0,0,0,0,0,0,0,0,0,0,0,0,0,0,0,0,300,127.4705474,0,0,0,0,0
0,0,0,0,0,0,0,0,0,0,0,0,0,0,0,0,0,300,300,171.3893286,0,0,0,0
0,0,0,0,0,0,300,300,300,78.18551408,0,0,0,0,0,0,0,0,0,0,266.0813592,0,0,0
0,0,0,0,0,300,300,153.5121437,0,0,0,0,0,0,0,0,0,0,0,300,300,62.08665694,0,0
0,0,0,0,0,0,0,0,0,0,0,0,0,0,0,0,0,0,260.4334107,0,0,0,0,0
0,0,0,0,0,0,0,0,0,0,0,0,0,0,0,0,0,0,300,300,244.5570238,0,0,0
0,0,0,0,0,0,0,300,300,53.14618951,0,0,0,0,0,300,300,228.7859577,0,0,0,0,0,0
0,0,0,0,0,0,0,0,0,300,300,300,35.63472705,0,0,0,0,0,0,0,0,0,0,0
0,0,0,0,0,0,100.8781335,0,0,0,0,0,0,0,0,0,0,0,0,0,0,0,0,300
0,0,0,0,0,0,0,0,0,0,0,0,0,0,0,0,0,0,0,107.9599462,0,0,0,0
0,0,0,0,0,0,0,0,0,0,0,0,0,205.3475683,0,0,0,0,0,0,0,0,0,0
0,300,300,300,159.306168,0,0,0,0,0,0,300,57.5477009,0,0,0,0,0,0,0,0,0,0,0
0,0,0,0,0,0,0,0,0,0,0,0,0,0,0,0,0,0,0,300,300,300,245.8186985,0
0,0,0,0,0,0,0,0,0,0,0,0,0,300,300,300,57.02059668,0,0,0,0,0,0,0
0,0,0,0,0,0,0,0,0,0,0,0,0,300,300,10.28659129,0,0,0,0,0,0,0,0
0,0,0,0,0,0,0,0,0,0,0,0,0,0,0,0,0,300,278.6212045,0,0,0,0,0
0,0,0,0,0,0,0,0,0,0,0,0,300,300,40.37394914,0,0,0,0,0,0,0,0,0
0,0,300,300,300,206.2621255,0,0,0,0,0,0,0,0,0,0,300,300,8.184883262,0,0,0,0,0
0,0,0,0,0,0,0,0,300,129.3144767,0,0,0,300,162.3760547,0,0,0,0,0,0,0,0,0
0,0,300,300,300,151.3837608,0,0,0,0,0,0,0,0,0,0,0,0,0,300,300,200.5230602,0,0
0,0,0,0,0,300,300,300,155.5068493,0,0,0,0,0,0,0,99.39570619,0,0,0,0,0,0,0
0,0,300,85.88465414,0,0,0,0,0,0,0,0,0,0,0,9.475262489,0,0,0,0,0,0,0,0
0,0,0,0,0,0,0,0,0,0,0,0,0,0,0,0,0,0,182.9273877,0,0,0,0,0
0,0,0,0,0,0,0,300,300,300,43.4242202,0,0,0,0,0,0,0,0,0,0,0,0,0
0,0,0,0,0,0,0,0,0,0,300,300,300,154.4078389,0,0,0,0,0,0,1.685218815,0,0,0
0,0,300,300,80.22228579,0,0,0,0,0,0,0,0,300,300,300,186.4704735,0,0,300,300,300,0.406995928,0
0,0,0,0,0,0,0,0,0,0,0,0,0,0,0,300,300,300,18.29899901,0,0,0,0,0
0,300,300,267.6290686,0,0,0,0,0,0,0,0,0,0,0,0,0,0,0,0,300,300,300,169.0875205
0,0,0,0,0,0,0,0,0,0,0,0,0,0,217.1836237,0,0,0,0,0,0,0,0,0
0,0,0,0,0,0,0,113.2562118,0,0,0,0,0,0,0,0,0,0,300,300,260.9780434,0,0,0
0,300,300,300,252.1567017,0,0,0,0,0,0,0,0,0,0,0,0,0,0,300,300,300,77.96090748,0
0,300,300,300,39.96821479,0,0,0,0,0,0,0,0,300,300,300,50.25506115,0,0,0,0,0,0,0
0,0,0,0,0,0,0,0,0,0,0,0,0,0,0,0,0,0,0,300,300,300,90.91821173,0
0,0,0,0,0,300,178.6014221,0,188.5794895,0,0,94.80341002,0,0,0,0,0,0,0,0,0,0,0,0
0,0,0,0,0,0,0,0,0,0,0,0,0,0,0,0,300,184.4773434,0,0,0,0,0,0
0,0,0,0,0,0,0,0,0,0,0,0,300,300,300,145.4566199,0,0,0,0,0,0,0,0
0,0,0,0,0,0,0,0,138.4139358,0,0,0,0,0,0,0,300,300,300,35.61539809,0,0,0,0
0,0,0,0,0,0,0,0,0,0,0,0,300,300,147.5755017,0,0,0,0,0,0,300,164.0022906,0
154.7499068,0,0,0,0,0,0,0,0,0,300,300,15.90533569,0,0,0,0,0,0,0,0,0,0,0
0,0,0,0,0,0,0,0,0,0,0,0,0,0,0,0,0,0,300,300,300,140.8091772,0,0
0,0,0,0,0,0,0,0,0,0,0,0,0,0,0,0,0,0,0,107.8612462,0,300,300,123.0247944
0,0,0,0,0,300,300,255.8180847,0,0,0,0,0,0,0,0,0,0,0,0,0,0,0,0
0,0,0,0,300,300,300,12.38267187,0,0,0,0,0,0,0,0,0,0,300,300,300,51.11143719,0,0
0,0,0,0,0,0,300,79.23999926,0,0,0,0,0,0,0,0,0,0,0,0,0,0,0,0
0,0,0,0,0,0,0,0,0,0,0,0,0,0,0,0,0,0,167.9568784,0,0,0,0,0
0,0,0,0,0,0,0,0,0,0,0,0,0,0,0,0,0,201.6052869,0,0,0,0,0,0
0,0,0,0,0,0,0,300,234.9350551,0,300,262.6530283,0,0,0,0,0,0,0,0,0,300,300,300
0,0,300,300,300,244.2765317,0,0,0,0,0,0,0,0,0,0,0,0,0,0,0,0,16.87476397,0
0,0,0,0,0,0,0,0,0,0,0,0,300,136.3496633,0,0,0,0,0,0,0,0,0,0
0,0,300,14.64796761,0,0,0,0,0,0,0,0,0,0,0,0,0,0,0,0,0,300,300,300
0,0,0,0,0,0,0,0,0,0,0,0,300,300,172.0704043,0,0,0,0,0,0,0,0,0
0,0,0,0,0,0,0,0,0,0,0,300,300,75.61631851,0,0,300,300,159.0883476,0,0,0,0,0
0,0,0,300,300,300,30.69571745,0,0,0,0,0,0,0,0,0,0,0,0,0,0,0,300,2.223957883
0,0,0,0,0,0,0,0,0,0,0,0,0,0,300,300,143.1138068,0,0,0,0,0,0,0
0,300,300,175.6674507,0,0,0,0,0,0,0,0,300,224.7208322,0,0,0,0,300,300,300,211.0358653,0,0
0,0,0,0,0,0,0,0,0,0,300,300,300,85.43431462,0,0,0,0,0,0,0,0,0,0
0,0,0,0,0,0,0,0,0,0,0,0,0,0,0,0,0,126.4983086,0,0,0,0,300,300
0,0,0,0,0,0,0,0,0,0,0,0,291.6403497,0,0,0,0,0,0,300,300,300,227.521885,0
0,0,0,0,0,0,0,0,0,300,168.0007378,0,0,0,0,0,0,0,119.3069927,0,0,0,0,0
0,0,0,0,0,0,0,188.9684239,0,0,0,0,0,300,300,219.4793413,0,0,0,0,0,0,0,0
0,0,0,0,0,0,0,0,0,0,0,0,0,0,0,0,300,300,300,15.3838902,0,0,0,0
0,0,0,0,0,0,0,0,0,0,0,0,0,0,0,0,300,300,211.0590291,0,0,0,0,0
0,0,0,0,0,0,0,0,0,300,300,78.76249502,0,0,0,0,0,0,300,300,300,256.4934519,0,0
0,0,0,0,0,0,0,0,0,0,300,300,122.3788492,0,0,0,0,0,0,0,0,0,300,73.70390367
0,0,0,0,0,0,0,0,0,0,0,0,0,0,0,0,0,0,0,99.54822149,0,0,0,0
0,0,0,0,0,0,0,0,0,0,0,0,0,45.67579654,0,0,300,300,224.8301333,0,0,0,0,0
300,300,230.0865001,0,0,0,0,0,0,0,0,0,300,116.7754247,0,0,0,0,0,0,0,0,0,259.1229931
0,0,0,0,0,0,0,0,0,0,0,0,0,0,0,0,0,0,0,300,300,300,287.5933987,0
0,0,0,0,0,0,0,0,0,0,0,0,0,300,300,203.5502132,0,0,0,0,0,0,0,0
0,0,0,0,0,0,0,0,0,0,0,0,0,0,300,258.9971077,0,0,0,0,0,0,0,0
0,0,0,0,0,0,0,0,0,0,0,0,0,0,0,0,0,0,52.41145266,0,0,0,0,0
0,0,0,0,0,0,0,0,0,0,0,0,0,0,0,0,0,134.8071023,0,0,300,300,300,114.1023649
300,57.70977168,0,0,0,0,0,0,0,0,0,300,300,44.49975299,0,0,0,0,0,0,0,0,0,0
0,0,0,0,0,0,0,0,0,0,0,0,0,300,276.0178349,0,0,0,0,0,0,300,300,300
0,0,0,0,0,0,0,300,223.8363007,0,0,0,0,0,0,0,0,0,290.709584,0,0,0,0,0
0,0,0,0,300,300,300,210.2286983,0,300,213.2029869,0,0,0,0,0,0,0,0,0,0,0,0,0
0,0,0,0,0,0,0,0,0,0,0,0,300,120.029658,0,0,0,0,0,0,0,0,0,0
0,0,0,0,0,0,0,0,0,0,0,0,0,0,300,300,300,6.324915399,0,0,0,232.850695,0,0
0,0,0,0,0,0,0,0,0,0,0,300,300,258.8092317,0,0,0,0,0,300,289.9456971,0,0,0
0,0,0,0,300,23.48137346,0,0,0,0,0,0,0,0,0,0,0,0,0,0,0,0,0,0
0,0,0,0,0,0,0,300,22.74472211,0,0,0,0,0,0,136.4271616,0,0,0,0,0,0,0,0
0,0,0,0,0,0,0,0,0,0,300,300,16.64105651,0,0,0,0,0,112.9882698,0,0,0,0.747817839,0
0,0,0,0,0,0,0,0,0,0,0,0,0,300,175.1209514,0,300,269.8615295,0,0,0,0,0,0
0,0,0,0,0,0,0,0,0,0,0,0,0,0,0,0,0,0,0,300,300,300,271.3900674,0
0,0,0,0,0,0,0,0,0,0,0,0,300,300,38.63793565,0,0,0,0,0,0,0,0,0
0,300,300,298.7136552,0,0,0,48.92090847,0,0,0,0,0,0,0,0,0,0,0,0,0,0,300,300
0,0,0,0,0,0,0,0,0,0,0,0,0,0,0,0,0,300,300,300,83.50004901,0,0,0
0,0,0,0,0,0,0,0,0,0,0,300,74.36909907,0,0,300,300,158.3710489,0,0,0,0,0,0
0,0,0,0,0,0,0,0,0,0,0,0,0,0,0,0,218.6048232,0,0,0,0,0,0,0
0,0,0,0,0,0,0,0,0,0,292.9078325,0,16.69540024,0,0,0,0,0,0,0,0,0,0,0
0,0,0,0,0,0,45.59484405,0,0,0,0,0,0,0,0,0,0,0,0,55.91520805,0,0,0,300
0,0,0,0,0,0,0,0,0,0,0,0,0,0,300,300,3.508848596,0,0,300,300,250.2162932,0,0
0,0,0,0,0,0,0,0,0,0,0,0,0,0,0,0,0,0,0,300,300,300,100.8831574,0
0,0,0,0,0,0,0,0,0,0,0,0,0,0,0,0,0,0,0,300,135.3586552,0,0,0
0,0,0,0,0,0,0,0,0,0,0,0,0,0,0,0,0,186.6865292,0,300,300,217.6380021,0,0
0,0,0,0,0,0,0,217.6006921,0,0,0,0,0,0,0,300,300,32.97720272,0,300,300,89.56037389,0,300
0,0,0,0,0,0,0,0,300,214.4226894,0,0,0,0,0,0,300,264.3946967,0,0,0,0,0,0
0,0,0,0,0,0,0,0,0,0,0,0,0,0,300,300,31.74632511,0,0,0,0,0,0,0
0,0,0,0,0,300,300,300,98.50354406,0,0,0,0,0,0,0,0,0,0,0,300,245.9660418,0,0
0,0,0,0,0,0,0,0,0,0,0,0,0,300,300,42.25834112,0,0,279.7273559,0,0,0,0,0
0,0,0,0,300,300,300,34.44636519,0,0,0,0,0,0,0,0,0,0,0,0,172.6174455,0,0,0
0,0,0,0,0,0,300,300,232.6811917,0,0,0,0,300,300,257.8873829,0,0,0,0,0,0,0,0
0,0,0,0,0,0,0,0,0,0,300,300,300,245.8485121,0,0,0,0,0,0,0,0,0,0
0,0,0,0,0,0,0,0,0,0,0,0,0,300,300,53.77991926,0,0,0,0,0,0,300,300
0,0,0,0,0,0,0,0,0,0,0,0,106.9613172,0,0,0,0,0,0,0,0,0,0,0
0,300,300,300,46.55344811,0,0,300,300,156.0415702,0,0,0,0,0,0,0,0,0,0,123.9893464,0,0,0
0,0,0,0,0,0,212.1844098,0,0,0,0,0,0,0,0,0,0,0,0,0,0,0,0,0
0,0,0,0,0,300,207.2099569,0,0,0,0,0,0,0,0,0,0,0,0,85.06375549,0,0,0,0
0,0,0,0,0,0,0,0,0,0,0,0,300,300,300,34.6830146,0,0,42.81480127,0,0,0,300,300
0,0,0,0,0,0,0,0,0,0,0,0,0,300,300,300,21.57187483,0,0,0,0,0,0,0
0,0,0,0,0,0,0,0,0,0,0,0,0,215.3019502,0,0,0,0,0,0,0,0,0,300
0,0,0,0,0,0,0,0,0,0,0,300,300,292.0496028,0,0,0,0,0,0,0,0,0,0
0,0,0,0,0,299.7190574,0,0,0,0,0,0,0,0,0,0,0,0,0,0,0,0,300,300
0,0,0,300,300,42.57778485,0,0,0,0,0,0,0,0,0,0,0,0,0,0,0,0,0,0
0,300,18.87166672,0,0,0,0,0,0,300,300,44.90230355,0,0,0,0,0,0,0,0,0,0,0,0
0,0,0,0,0,0,0,0,0,0,0,0,0,0,0,0,0,0,300,300,300,296.962393,0,0
0,0,0,0,0,0,0,0,0,0,0,0,0,300,300,276.8617264,0,0,0,0,0,0,0,0
0,0,0,0,0,0,0,0,0,0,0,0,0,0,0,0,0,300,300,300,132.0793192,0,0,0
0,0,0,0,0,0,0,0,0,0,0,0,0,0,0,0,0,300,300,300,217.0004495,0,0,300
0,0,0,0,0,0,0,144.7602515,0,0,0,0,0,0,0,0,0,0,0,0,0,0,300,300
0,0,0,0,0,0,0,0,0,163.6034833,0,0,0,0,0,0,0,0,0,0,0,300,300,300
300,114.8334045,0,0,0,0,255.7923294,0,300,300,300,130.5901371,0,0,0,0,0,0,300,300,290.6968126,0,0,0
0,0,0,0,0,0,0,0,0,0,0,0,0,0,0,0,300,292.1901686,0,0,0,0,0,300
0,0,0,0,0,0,0,0,0,0,238.1786221,0,0,0,0,0,0,0,0,0,300,300,69.96567175,0
0,0,0,0,0,0,0,0,0,300,130.4593756,0,0,0,0,0,0,0,0,0,0,0,0,0
0,0,0,0,0,0,0,0,0,0,0,0,300,300,300,263.5485184,0,0,0,0,0,0,0,0
0,0,0,0,0,0,0,0,0,0,0,48.75690226,0,0,300,61.3380873,0,0,0,0,299.9058082,0,0,0
0,0,0,0,300,76.46624331,0,0,0,0,0,300,300,41.37828428,0,0,0,0,0,0,0,0,0,0
0,0,0,0,0,0,0,300,300,29.07161835,0,0,0,0,0,0,0,0,0,0,0,0,0,300
0,0,0,0,0,0,0,0,0,0,0,0,0,0,0,0,300,300,43.055661,0,0,0,0,300
0,0,0,0,0,0,0,0,0,269.0444153,0,0,0,0,0,0,0,0,0,0,0,0,0,0
0,0,0,0,0,0,0,0,0,0,0,0,300,300,300,239.5172807,0,0,0,0,0,0,0,0
0,0,0,0,300,90.05339519,0,0,0,0,0,0,0,0,0,0,0,0,0,0,0,0,0,300
0,171.3058707,0,0,0,0,0,0,0,0,0,0,0,0,0,0,88.67042928,0,0,0,236.737399,0,0,0
0,0,0,0,0,0,0,0,0,0,0,0,0,0,0,0,0,116.5710054,0,0,0,0,0,0
0,0,0,0,0,0,0,0,0,140.0699771,0,0,0,0,0,0,0,0,0,0,0,0,0,0
0,0,0,0,0,0,0,0,0,0,0,0,0,0,0,300,84.0247023,0,0,0,300,13.86365748,0,0
0,0,0,0,0,0,0,0,0,0,0,0,0,0,0,300,86.43816023,0,0,0,0,0,0,0
0,0,0,0,0,0,0,0,0,0,0,0,0,0,0,300,233.6915304,0,0,0,0,0,0,0
0,300,139.5206328,0,300,212.4080775,0,0,0,0,0,300,300,284.0790025,0,0,0,0,300,300,300,291.1402763,0,0
0,300,293.4406688,0,0,0,0,0,0,0,0,300,157.7570888,0,0,0,0,0,0,0,0,300,300,300
0,0,0,0,0,0,0,300,300,300,52.03456032,0,0,0,0,0,0,0,250.4730453,0,0,300,300,300
0,0,300,47.66546668,0,0,0,0,0,0,0,0,0,280.9839926,0,0,0,0,0,0,0,0,0,0
0,0,0,0,0,0,297.2541842,0,0,0,0,0,0,0,0,0,0,0,0,300,300,68.85663748,0,0
0,0,0,0,0,0,0,0,0,0,0,0,0,0,0,0,300,282.6083204,0,0,0,0,0,0
0,0,0,0,0,0,0,0,0,0,300,300,160.6412858,0,0,0,0,0,0,0,0,0,0,0
0,0,0,0,0,0,0,0,0,0,0,0,0,0,0,0,0,0,0,300,300,250.5481611,0,0
0,0,14.23461491,0,300,300,300,131.8509021,0,0,0,0,0,0,0,0,0,266.1944692,0,0,0,0,0,0
0,0,0,0,0,0,0,0,0,0,0,0,300,147.4088256,0,0,0,0,0,0,0,0,0,0
0,0,0,0,0,0,0,300,300,300,120.7319432,0,0,0,0,0,0,300,300,300,250.9563644,0,0,0
0,0,0,0,0,0,0,0,300,300,300,263.616018,0,0,0,0,0,0,0,0,0,0,0,0
0,0,0,300,274.7754105,0,0,0,0,300,166.0720084,0,300,300,134.9899365,0,0,0,0,0,0,0,0,0
163.8337505,0,0,0,0,0,0,0,0,0,0,0,0,0,0,138.6686796,0,0,0,0,0,0,0,0
0,0,0,0,0,0,0,0,0,0,0,0,0,0,0,0,0,0,300,169.7714994,0,0,0,0
0,0,0,0,0,0,0,300,300,299.8283012,0,0,0,0,0,0,0,0,103.0441084,0,0,0,0,0
0,0,0,0,0,0,0,0,0,0,300,300,300,41.19903638,0,0,0,300,300,202.2357535,0,0,0,0
0,0,0,300,39.0546533,0,0,0,0,0,0,0,0,0,0,0,0,0,0,0,0,300,0.957633212,0
0,0,0,0,0,0,0,0,0,0,0,0,0,0,0,0,0,300,300,150.4691166,0,0,0,0
0,0,0,0,0,0,0,0,0,0,0,0,0,300,229.2391135,0,0,0,0,0,0,0,0,0
0,300,300,300,194.8923551,0,0,0,0,0,0,0,0,0,0,0,0,0,0,0,300,6.94048769,0,0
0,0,0,0,0,0,0,0,0,0,0,0,300,24.33200491,0,0,0,0,0,0,0,0,0,0
0,0,0,0,0,0,0,0,0,0,0,0,0,300,300,300,264.4122519,0,0,0,0,0,0,0
0,0,0,0,0,0,0,0,0,0,0,0,0,0,0,0,0,0,0,145.0590448,0,0,0,0
0,0,0,0,0,0,0,0,0,0,0,0,0,0,0,0,0,300,71.46872798,0,0,0,0,0
0,0,0,0,0,0,300,300,210.2685353,0,0,0,0,0,300,300,300,78.32650104,0,0,0,0,0,0
0,0,0,0,0,0,300,182.2188929,0,0,0,0,0,0,0,0,0,0,0,0,300,300,300,297.5626294
0,0,0,0,0,0,0,0,0,0,0,0,0,0,0,0,0,300,300,172.0780012,0,0,0,0
0,0,0,0,0,0,0,0,0,0,0,0,0,0,0,0,0,0,0,155.1171824,0,0,0,0
0,0,0,0,36.44448495,0,0,0,0,0,0,0,0,0,0,122.426086,0,0,0,0,0,0,0,0
0,0,0,0,0,0,0,0,0,0,0,0,0,300,300,300,299.8908832,0,0,0,0,0,0,0
0,0,300,300,63.44962017,0,0,0,0,0,0,0,300,300,300,16.00143934,0,0,0,0,0,300,300,300
0,0,0,0,0,0,0,0,0,0,0,0,0,0,0,0,0,300,135.6900072,0,0,0,98.75035098,0
0,0,0,0,0,0,0,0,300,154.6242803,0,0,0,0,0,0,0,0,0,0,0,0,0,0
0,0,0,0,0,0,0,0,0,300,300,30.74349096,0,0,0,0,0,300,300,300,1.230955094,0,0,0
0,300,300,76.09570112,0,0,0,0,0,0,0,0,0,0,0,0,0,0,300,300,300,261.0314829,0,300
0,0,0,0,0,0,300,105.6242351,0,0,0,0,0,0,300,300,300,254.986246,0,0,0,0,0,0
0,60.10771368,0,0,0,0,0,0,0,0,0,0,0,0,0,0,300,300,178.5218835,0,0,0,0,0
0,300,300,86.0109724,0,0,0,0,0,0,300,42.03952205,0,0,0,0,0,0,0,300,77.60116852,0,0,0
0,0,0,0,0,0,0,0,0,0,0,0,231.7595249,0,0,0,0,0,0,0,0,0,0,0
0,300,300,191.9133026,0,0,0,0,0,0,0,0,0,0,300,300,284.6402442,0,0,0,0,0,0,0
0,0,0,0,0,300,300,300,122.5231848,0,0,0,0,0,0,0,0,0,0,0,0,0,0,300
0,0,0,0,0,0,0,0,0,0,0,0,0,0,0,0,0,0,101.2874109,0,0,0,0,0
0,0,0,0,0,0,0,0,0,0,300,300,260.6442857,0,0,0,0,0,0,0,0,0,0,0
0,0,0,0,0,300,144.2529154,0,0,0,0,0,0,0,0,300,300,144.9087046,0,0,0,0,0,0
0,0,0,0,0,0,0,0,0,0,0,300,300,300,289.0144863,0,0,0,0,0,0,0,0,0
0,0,0,0,0,78.36563501,0,0,0,300,300,300,130.9513832,0,0,0,0,0,0,0,0,0,0,0
0,0,0,0,0,0,191.427329,0,0,0,0,0,0,0,0,0,0,0,0,0,0,0,0,0
0,0,0,0,0,0,0,0,0,0,0,0,0,300,88.85247021,0,0,0,0,0,0,0,0,0
0,0,213.7714719,0,0,0,0,34.07897013,0,0,0,0,0,0,0,0,0,0,300,91.77840282,0,0,0,0
0,0,0,0,0,0,0,0,0,0,0,0,0,0,300,20.04501251,0,0,0,0,0,0,0,0
0,0,0,0,0,0,0,0,0,0,0,0,0,0,0,300,273.0556314,0,0,0,0,0,0,300
0,0,0,0,0,0,0,0,0,0,0,0,0,0,0,300,198.1531597,0,0,0,0,0,0,0
0,0,0,300,90.02474584,0,0,0,0,0,0,0,0,0,0,30.30571951,0,0,300,300,300,63.55627501,0,0
0,0,0,0,0,0,0,0,0,0,0,0,0,0,0,0,300,300,93.82092093,0,0,0,0,0
0,0,0,0,0,0,300,66.21658017,0,0,0,0,0,0,0,0,230.0741704,0,0,0,0,0,0,0
0,0,0,0,0,0,0,300,300,72.54756802,0,0,0,0,0,0,0,0,0,0,0,0,0,300
