0,0,0,0,0,0,0,0,0,0,0,71.46234451,0,0,0,0,0,0,0,0,40.40864638,0,0,0
0,0,0,0,0,0,0,0,0,0,0,0,0,0,0,93.90878266,0,0,0,0,0,0,0,0
0,0,0,0,0,0,0,152.7490956,0,0,0,0,0,0,0,0,156.0630949,0,0,0,0,0,0,0
0,0,0,0,0,0,0,0,0,0,0,33.91415469,0,0,0,0,0,0,0,0,0,116.3296711,0,0
0,0,0,0,0,0,0,0,0,18.82427261,0,0,0,0,0,0,0,99.21083812,0,0,0,0,0,0
0,0,0,0,0,121.2552593,0,0,0,0,0,0,0,0,0,0,0,0,0,0,22.0964718,0,80.18790037,0
0,0,0,0,0,0,30.4418356,0,0,0,0,0,0,0,0,0,0,0,0,161.5149794,0,0,0,0
0,0,0,0,0,0,0,0,0,0,0,0,0,28.8040478,0,0,0,0,0,0,0,0,0,0
0,0,0,0,0,0,0,0,28.05559167,0,0,0,0,0,0,0,0,0,0,0,0,0,0,140.4514529
0,0,0,0,0,0,0,0,0,0,0,0,0,0,126.7345795,0,0,0,0,0,0,0,0,0
0,0,0,0,0,0,0,0,0,0,0,0,0,117.2933659,0,0,0,0,0,0,0,0,0,0
0,0,0,0,0,0,0,0,0,0,0,0,0,0,0,7.71368153,0,0,0,0,0,109.2969075,0,0
90.59898675,0,0,0,0,0,0,0,0,0,0,0,0,0,157.6501285,0,0,0,0,0,0,0,0,0
0,0,0,0,0,0,0,0,0,0,0,0,0,156.2238559,0,0,0,0,0,0,0,0,38.87601192,0
0,0,0,0,0,0,0,0,0,0,0,0,0,0,0,0,54.39090522,0,0,0,0,0,0,73.21844539
0,0,0,0,0,0,0,0,0,0,0,0,0,0,0,0,0,0,0,127.9544629,0,0,0,0
0,0,0,0,0,0,0,0,0,0,0,0,0,0,149.994002,0,0,0,0,0,0,0,0,0
0,0,0,0,0,0,0,65.03256601,0,0,0,0,0,0,0,0,0,0,0,0,0,69.53608222,0,0
0,0,0,0,0,0,0,0,0,0,0,0,0,0,103.833636,0,0,0,0,0,0,0,136.2724965,0
0,0,0,0,0,0,0,0,0,0,0,0,0,0,0,0,0,35.34234958,0,0,0,0,0,0
0,0,0,0,0,0,0,0,0,0,0,0,0,0,0,0,0,13.43362001,0,4.495466833,0,0,0,0
0,0,0,0,0,0,0,0,0,0,0,0,0,0,13.35069804,0,0,0,0,0,0,0,0,0
0,0,0,0,0,0,0,0,139.6410694,0,0,0,0,0,0,0,0,0,0,0,0,0,0,0
0,0,0,0,0,0,0,0,0,0,0,0,0,0,0,0,0,124.9594176,0,0,0,0,0,0
0,0,0,0,0,0,0,0,0,0,0,0,0,0,0,0,0,69.61008717,0,55.41443632,0,0,0,0
0,0,0,0,0,0,0,0,0,0,0,0,0,99.2197561,0,0,0,0,0,0,44.4431164,0,0,0
0,0,0,0,0,0,0,0,116.0693023,0,0,0,0,0,0,0,0,0,0,0,0,0,0,0
0,0,0,0,0,0,0,42.31102142,0,0,0,0,0,0,59.38995367,0,0,0,0,0,0,0,0,0
0,0,0,0,0,0,0,0,0,0,0,0,0,0,0,0,56.13395632,0,0,0,0,0,0,0
0,0,0,0,0,0,0,0,0,0,0,0,0,52.15220759,0,0,167.8481674,0,0,0,0,0,0,0
0,0,0,0,0,0,0,0,0,0,0,0,0,0,0,0,127.0094935,0,0,0,0,0,0,0
0,0,0,0,0,0,0,0,0,0,0,0,0,0,0,0,0,0,119.0771715,0,0,0,0,0
0,0,0,0,0,0,0,0,0,0,0,0,0,0,0,0,0,0,48.15174741,0,0,0,0,0
0,0,0,0,0,0,0,0,0,0,0,0,0,0,0,0,0,41.54791291,0,0,0,0,0,0
0,0,0,0,0,0,0,0,83.61447815,0,0,0,0,0,0,0,0,0,0,0,0,0,0,0
0,83.98760127,0,0,0,0,0,0,0,0,0,28.36738188,0,0,0,0,0,0,0,0,127.2842228,0,0,0
0,0,0,0,0,33.27796893,0,0,0,0,0,0,0,0,0,120.0656855,0,0,0,0,0,0,0,94.9919397
0,0,0,0,0,0,0,0,42.1532683,0,0,0,0,0,0,0,0,0,0,0,0,0,0,0
0,0,0,0,0,0,0,0,155.7861991,0,0,0,0,0,0,0,0,0,0,0,0,13.53383592,0,0
0,0,0,0,0,0,0,0,0,0,0,0,0,111.971026,0,0,0,0,0,0,0,0,0,0
0,0,0,0,0,0,0,0,0,0,0,0,120.1544178,0,0,0,0,0,0,0,0,0,0,0
0,0,0,0,0,0,0,0,0,0,74.3295743,0,0,0,0,0,0,0,0,0,0,0,0,0
0,0,0,0,0,0,0,0,0,0,0,0,0,0,0,0,0,0,0,57.87209765,0,0,0,0
0,0,0,0,0,0,0,0,21.65942674,0,0,0,0,0,0,0,0,0,0,0,42.43302635,0,0,0
0,0,0,0,0,0,0,0,0,0,0,0,16.29302997,0,0,0,0,0,0,0,0,0,0,0
0,0,0,0,0,0,0,0,42.61846643,0,0,0,0,0,0,0,0,0,0,0,0,154.8713351,0,0
0,0,0,0,0,137.8118945,0,0,0,0,0,0,0,0,0,0,0,39.52523778,0,0,0,0,0,0
0,0,0,0,0,0,0,0,0,155.3619688,0,0,0,0,0,0,0,0,0,119.5305154,0,0,0,0
0,0,0,0,0,0,0,0,0,0,0,0,0,0,0,0,0,108.5116916,0,0,0,0,0,0
0,0,0,0,0,0,0,0,0,0,0,0,110.7324381,0,0,0,0,0,0,0,0,0,0,108.9822461
0,0,0,0,0,0,0,0,0,0,0,0,0,132.3969909,0,0,0,0,0,0,0,0,0,0
0,0,0,0,0,0,0,0,0,0,0,0,44.96925608,0,0,0,0,0,0,0,0,0,0,0
0,0,0,0,0,0,0,0,0,0,0,0,0,0,0,0,0,44.13736678,0,0,0,0,0,0
0,0,0,0,0,0,0,0,94.70245023,0,0,0,0,0,0,0,0,0,0,0,0,0,0,0
0,0,0,0,0,0,0,0,0,7.133059869,0,0,0,0,0,0,0,0,0,0,0,0,0,51.09631259
0,0,0,0,0,0,0,0,0,0,0,0,0,0,0,46.0845018,0,42.89621234,0,0,0,0,0,0
0,0,0,0,0,0,0,0,52.97936866,0,0,0,0,0,0,0,0,0,0,0,0,0,0,0
0,0,0,0,0,147.8317175,0,0,0,0,0,0,0,0,0,23.56237955,0,0,0,0,0,0,0,101.7219495
0,0,0,0,0,0,0,47.0266745,0,0,0,0,0,0,0,0,0,0,0,103.8884833,0,0,0,0
0,0,0,0,0,0,0,0,0,0,0,142.5669394,0,0,0,0,0,0,0,0,0,0,0,0
0,0,0,0,0,0,0,0,0,0,0,0,0,22.98022801,0,38.18020165,0,0,0,0,0,0,0,0
0,0,0,0,0,0,0,0,0,0,0,0,0,0,0,0,0,0,0,162.3486755,0,0,0,0
0,0,0,0,0,0,68.22254824,0,0,0,0,0,0,122.8258451,0,0,0,0,0,0,0,0,0,0
0,0,0,0,0,0,0,0,0,0,0,0,0,0,0,6.203262734,0,0,0,0,0,0,0,0
0,0,0,0,0,0,0,125.3585996,0,0,0,0,0,0,0,0,0,0,0,0,0,0,0,0
0,0,0,0,0,0,0,18.81770293,0,0,0,0,0,0,0,0,0,0,0,0,0,0,0,0
0,0,0,0,0,0,0,73.73944369,0,0,0,0,0,0,0,0,0,0,0,0,0,0,1.174939599,0
0,0,0,0,0,124.3428516,0,0,0,0,0,0,0,0,0,0,0,0,0,0,0,0,0,0
0,0,0,0,0,0,0,0,0,0,0,0,0,0,0,0,0,0,142.5945173,0,0,0,0,0
0,0,0,0,0,0,69.67486356,0,0,0,0,0,0,0,0,0,0,0,0,0,0,0,0,0
0,0,0,0,0,0,0,0,0,0,0,0,0,0,0,95.28479494,0,0,0,0,0,0,0,0
0,0,0,0,0,0,0,0,0,0,0,0,0,0,89.06960948,0,0,0,0,0,0,0,0,21.42697106
0,0,0,0,0,0,0,0,134.1256703,0,0,0,0,0,0,0,0,0,0,0,0,0,0,0
0,0,0,0,0,0,0,0,0,0,0,73.25304124,0,0,0,0,0,0,0,0,0,0,0,0
0,0,0,0,0,0,0,0,0,0,0,0,10.62476501,0,0,0,0,0,0,0,0,0,0,0
79.22276504,0,0,0,0,0,0,0,0,159.4050644,0,0,0,0,0,0,0,0,0,0,0,0,0,0
0,0,0,0,0,0,0,0,0,0,0,119.4624382,0,0,0,0,0,0,0,57.60747626,0,0,0,0
0,0,0,0,0,0,0,0,0,0,0,0,0,0,122.6458463,0,0,0,0,0,0,0,0,0
0,0,0,0,0,0,0,0,0,0,0,0,0,0,0,0,0,5.04545394,0,0,0,0,0,0
0,0,0,0,0,0,0,0,0,0,0,0,138.3024298,0,0,0,0,0,0,0,0,0,0,0
0,0,0,0,0,0,0,0,26.3354672,0,0,0,0,0,0,0,0,0,0,0,26.09043665,0,0,0
0,0,0,0,0,0,0,0,0,0,0,0,0,0,0,0,0,0,64.7321761,0,0,0,0,0
0,0,0,0,0,0,0,0,0,0,0,0,0,0,0,0,0,54.97511622,0,0,0,0,0,0
0,0,0,0,0,0,0,0,0,0,0,0,0,0,0,0,166.0415095,0,0,0,0,0,0,0
0,0,0,0,0,0,0,0,0,0,0,0,0,0,0,0,0,105.0270073,0,0,0,0,0,0
0,0,0,0,0,0,0,0,0,0,0,62.2472929,0,0,0,0,0,0,0,0,0,10.92559344,0,0
0,0,0,0,0,0,0,156.3071773,0,0,0,0,0,0,0,0,0,0,0,0,0,0,0,165.5466433
0,0,0,0,0,0,0,0,0,0,0,0,0,0,0,0,0,80.62267764,0,0,0,0,0,0
0,0,0,0,0,0,0,0,0,0,0,0,0,0,0,0,0,0,163.8842996,0,0,0,0,0
0,0,0,0,0,0,0,0,0,0,0,0,0,0,0,0,0,143.0788907,0,0,0,0,0,0
0,0,0,0,0,0,0,0,0,0,0,0,0,0,0,0,0,0,170.8249492,0,0,0,0,0
0,0,0,0,0,0,151.9515564,0,0,0,0,0,0,0,0,0,137.6280994,0,0,0,0,0,0,0
0,0,0,0,105.2236319,0,0,0,0,0,0,0,0,0,0,0,0,0,0,116.3612545,0,0,0,0
0,0,0,0,0,0,0,0,0,0,0,153.1418618,0,0,0,0,0,0,53.62585011,0,0,0,0,0
0,0,0,0,0,0,0,0,0,0,0,0,0,0,169.9846863,0,0,0,0,0,0,0,0,0
0,0,0,0,0,0,0,0,0,0,0,0,0,51.29369665,0,0,0,0,0,0,0,0,0,0
0,0,0,0,0,0,0,0,0,0,0,0,0,0,0,0,0,116.8859736,0,0,0,0,0,0
0,0,0,0,0,0,0,0,159.8993625,0,0,0,0,0,0,0,0,41.01194597,0,0,0,0,0,0
0,0,0,0,0,0,0,0,45.757098,0,0,0,0,0,0,0,0,0,0,0,0,0,0,0
0,0,0,0,0,0,0,0,0,0,0,0,0,0,0,0,0,0,38.18070573,0,0,0,0,0
0,0,0,0,0,0,0,0,105.5388473,0,0,0,0,0,0,0,0,0,0,0,0,0,0,0
0,0,0,0,0,0,55.98945469,0,85.35241456,0,0,0,0,0,0,0,0,0,0,0,0,151.6221826,0,0
0,0,0,0,0,0,0,0,0,30.51652282,0,0,0,0,0,0,0,0,0,0,0,0,0,125.9586767
0,0,0,0,0,116.6330245,0,0,0,0,0,0,0,0,0,0,100.9740828,0,0,0,0,0,0,0
0,0,0,0,0,0,0,0,0,0,0,0,0,130.8895202,0,0,0,0,0,0,0,0,0,0
0,0,0,0,0,0,0,21.43738441,0,0,0,0,0,0,0,0,0,12.14444705,0,0,0,0,0,0
0,0,0,0,0,0,0,0,0,0,0,0,0,0,0,0,0,0,119.1263383,0,0,22.43492017,0,0
0,0,0,0,0,0,0,0,0,0,0,0,0,0,0,114.3722779,0,0,0,0,0,0,0,0
0,0,0,0,0,0,0,0,0,0,0,0,0,0,0,0,0,0,0,135.0798853,0,0,0,0
157.3242695,0,0,0,0,0,0,0,0,0,0,0,0,0,0,0,0,95.00376912,0,0,0,0,0,0
0,0,0,0,0,0,0,0,0,0,0,0,0,0,0,0,126.8125837,0,0,0,0,0,0,0
0,0,0,0,0,0,0,0,0,0,0,0,0,0,0,0,0,89.18670228,0,0,0,0,0,0
0,0,0,0,0,0,0,0,0,0,74.59604358,0,0,0,0,0,0,0,82.38052424,0,0,0,0,0
0,0,0,0,0,0,0,82.38751285,0,0,0,0,0,0,0,0,0,0,0,0,0,0,0,0
0,0,0,0,0,0,0,0,0,107.6418005,0,0,0,0,0,0,0,0,0,0,0,0,67.25625612,0
0,0,0,0,0,0,0,0,94.72273417,0,0,0,0,0,0,0,0,0,0,0,0,100.4128463,0,0
0,0,0,0,0,57.17311072,0,0,0,0,0,0,0,0,0,0,0,0,0,0,0,0,0,11.84020468
0,0,0,0,0,0,111.9216155,0,0,0,0,0,0,0,108.3175056,0,0,0,0,0,0,0,56.49024557,0
0,0,0,0,0,0,0,0,0,0,0,0,0,0,145.4759859,0,0,0,0,0,0,0,0,0
0,0,0,0,0,0,78.36945921,0,0,0,0,0,0,0,0,0,0,0,0,0,0,68.7605781,0,0
0,0,0,0,0,0,0,0,0,0,127.6290894,0,0,0,0,0,0,0,0,0,0,0,0,0
0,0,0,0,0,0,0,0,0,0,0,0,0,0,0,0,0,86.90924464,0,0,0,0,0,0
0,0,0,0,0,0,0,0,0,0,75.68620453,0,0,0,0,0,0,0,0,0,0,0,0,0
0,0,0,0,0,0,0,0,17.24675389,0,0,0,0,0,0,0,0,0,0,59.78182763,0,0,0,0
0,0,0,0,0,0,0,48.00455005,0,0,0,0,0,0,0,0,0,0,0,130.1482377,0,0,0,0
0,0,0,0,0,0,0,0,167.1218303,0,0,0,0,0,0,0,0,0,0,0,0,99.54743982,0,0
0,0,0,0,0,0,0,33.91794974,0,0,0,0,0,0,0,0,60.95769866,0,0,0,0,0,0,0
0,0,0,0,0,0,0,0,0,0,0,0,0,0,0,0,85.24968964,0,0,0,0,0,0,0
0,0,0,0,0,0,40.71320391,0,0,0,0,0,0,0,0,0,0,0,0,0,0,0,0,89.77536132
0,0,0,0,0,0,0,0,0,0,0,0,36.22190602,0,0,0,0,0,0,0,0,129.6428591,0,0
0,0,0,0,0,0,0,0,0,0,0,0,143.8575093,0,162.1254824,0,0,0,0,0,0,0,0,154.5228639
0,0,0,0,0,0,0,0,0,93.02229651,0,0,0,0,0,0,0,0,0,0,0,150.3117639,0,0
0,0,0,0,0,0,0,0,0,0,0,0,0,0,0,84.22101601,0,0,0,0,0,0,0,0
0,0,0,0,0,0,0,0,0,0,0,0,0,99.25948144,0,0,0,0,0,79.02135395,0,0,0,0
0,0,0,0,0,0,0,0,0,0,0,0,0,0,0,0,0,0,134.9617044,0,44.52313126,0,0,0
0,0,0,0,0,0,0,0,0,0,0,0,0,64.77939715,0,0,0,0,0,0,0,0,0,0
0,0,0,0,0,0,0,14.14025436,0,0,0,0,0,0,0,0,0,0,0,0,0,0,0,65.06828733
0,0,0,0,0,0,0,28.55720493,0,0,0,0,0,0,0,0,0,0,0,0,0,0,0,0
0,0,0,0,0,0,0,0,0,9.838163654,0,159.2828801,0,0,0,0,0,0,0,0,91.4463318,0,0,0
0,0,0,0,0,0,0,0,0,0,0,0,0,0,0.238667215,0,0,0,0,0,0,0,0,67.26206042
0,0,0,0,0,0,0,0,0,0,0,0,0,0,0,0,0,0,34.49482824,0,0,0,0,0
0,0,0,0,0,0,0,0,0,49.20546329,0,0,0,0,0,0,0,0,0,0,0,48.36623586,0,0
0,0,0,0,0,0,0,0,0,0,0,0,0,94.3356557,0,0,0,0,0,0,0,147.9041716,0,0
0,0,0,0,0,0,0,0,0,0,0,0,0,48.93388617,0,0,0,0,0,0,0,0,0,0
0,0,0,0,0,0,0,0,115.6615991,0,0,0,0,0,0,0,0,0,0,89.48520968,0,0,0,0
0,0,0,0,0,0,0,59.96230153,0,0,0,0,0,0,0,0,52.84322288,0,0,0,0,0,0,0
0,0,0,0,0,0,0,0,0,0,89.81837999,0,0,0,0,0,0,0,0,0,0,0,0,0
0,0,0,0,0,0,0,0,0,0,0,0,0,24.35750723,0,0,0,0,0,0,0,0,0,0
168.9253183,0,0,0,0,0,0,0,0,0,0,0,0,0,0,0,0,0,116.6472134,0,0,0,0,0
0,0,0,0,0,0,0,0,0,0,0,0,78.50294018,0,0,0,0,0,0,0,0,14.22638773,0,0
0,0,0,0,0,0,0,0,0,0,0,0,0,0,141.3259149,0,0,0,0,0,0,0,0,0
0,0,0,0,0,0,0,0,158.4909304,0,0,0,0,0,0,0,0,170.6867744,0,0,0,0,0,0
0,0,0,0,0,0,0,0,0,140.7484079,0,0,0,0,0,0,0,139.594174,0,0,0,0,0,0
0,0,0,0,0,0,125.5691235,0,0,0,0,0,0,0,0,0,0,0,0,0,24.1690437,0,0,0
0,0,0,0,0,0,0,155.4010687,0,0,0,0,0,0,0,0,0,0,0,0,0,0,0,0
0,0,0,0,0,50.75216343,0,0,0,0,0,0,0,0,0,0,0,0,0,0,85.04730146,0,0,0
0,0,0,0,0,0,0,0,0,0,0,0,0,130.35382,0,0,0,0,0,0,0,0,0,0
0,0,0,0,0,0,0,0,0,0,0,33.32913477,0,0,0,0,0,0,0,0,0,0,0,0
0,0,0,0,0,0,0,0,69.63372589,0,0,0,0,0,0,0,0,0,0,0,0,0,0,61.06916428
0,0,0,0,0,0,0,0,97.50828016,0,0,0,0,0,0,0,0,0,0,0,0,0,42.55911091,0
0,0,0,0,0,0,0,0,0,0,0,0,75.07125527,0,0,0,0,0,0,0,0,0,0,0
0,0,0,0,0,0,0,0,0,0,0,0,0,0,0,0,0,107.6988555,0,0,0,0,0,0
0,0,0,0,0,0,0,0,0,0,0,0,0,0,0,0,0,0,52.48655389,0,0,0,0,0
0,0,0,0,0,0,0,0,0,0,0,0,161.2286502,0,0,0,0,0,0,0,0,0,0,0
0,0,0,0,0,0,0,0,0,0,0,0,0,0,0,0,5.973247472,0,0,0,0,0,0,0
0,0,0,0,0,0,0,0,0,0,0,0,93.35110354,0,0,0,0,0,0,0,0,0,0,0
0,0,0,0,0,0,0,170.388437,0,0,0,0,0,0,0,0,0,0,0,0,0,0,0,0
0,0,0,0,0,0,0,0,23.32356083,0,0,0,0,0,0,0,113.0367729,0,0,0,0,0,0,0
0,0,0,0,0,0,107.2602401,0,0,0,0,0,0,0,0,0,92.1998566,0,134.4207468,0,0,0,0,0
0,0,0,0,0,0,0,0,0,0,0,0,0,110.2208244,0,0,0,0,0,0,63.03393461,0,0,0
0,0,0,0,0,0,0,0,0,0,0,0,0,164.1989013,0,0,0,0,0,0,0,0,10.05134047,0
0,0,0,0,0,0,0,0,0,0,0,0,0,0,0,0,0,0,154.9517584,0,0,0,0,0
0,0,0,0,0,0,0,0,84.10379579,0,0,0,0,0,0,0,0,0,0,112.9008993,0,0,0,0
0,0,0,0,0,0,0,0,0,0,0,0,0,0,0,0,0,99.94660067,0,0,0,0,0,0
0,0,0,0,0,0,0,0,0,0,0,70.07359192,0,0,0,0,0,0,65.33149716,0,0,104.2926042,0,0
62.75205552,0,0,0,0,0,0,0,0,0,0,0,0,133.1707777,0,0,0,0,0,0,0,0,0,0
35.80509979,0,0,0,0,0,0,133.8624811,0,0,0,0,0,0,0,0,0,0,0,0,0,0,58.78850404,0
0,0,0,0,0,0,0,115.8148807,0,0,0,0,0,0,0,0,0,0,0,0,0,0,0,60.86134773
0,0,0,0,0,0,0,0,0,0,0,0,0,164.5114966,0,0,0,0,0,0,0,0,0,0
0,0,0,0,0,0,0,0,0,0,0,0,0,0,0,0,0,79.25967406,0,0,0,0,0,0
0,0,0,0,0,0,0,0,0,0,100.6440113,0,0,0,0,0,0,0,0,44.82842742,0,0,0,0
0,132.3984819,0,0,0,0,0,0,0,0,0,0,0,0,0,0,122.9923313,0,0,0,0,0,0,0
0,0,32.33903287,0,0,52.64580559,0,0,0,0,0,0,0,0,0,0,0,170.1784329,0,0,0,0,0,0
0,0,0,0,0,0,0,0,0,0,0,0,0,0,80.44279615,0,0,0,0,0,0,73.57056933,0,40.52601627
0,0,0,0,0,0,0,0,0,7.647305041,0,0,0,0,0,0,0,64.71305598,0,0,0,0,0,0
0,0,0,0,0,0,21.25774062,0,0,0,0,0,0,0,0,0,51.28374114,0,0,0,0,0,0,0
0,0,9.440952621,0,0,0,0,0,0,0,84.41360646,0,0,0,0,0,0,0,0,0,0,0,0,0
0,0,0,0,0,0,0,0,100.034942,0,0,0,0,0,0,100.2213398,0,0,0,0,0,0,0,169.5515061
0,0,0,0,0,0,0,0,0,0,0,0,0,0,0,0,3.694633655,0,0,0,0,0,0,0
0,0,0,0,0,0,0,0,0,0,0,0,0,0,0,0,0,0,0,28.15009933,0,0,0,0
0,0,0,0,0,0,0,170.1023512,0,0,0,0,0,0,0,0,0,2.817309733,0,98.23000801,0,0,0,0
0,0,0,0,0,0,0,0,0,0,0,0,0,68.59115004,0,0,0,0,0,0,0,0,0,0
0,0,0,0,0,0,0,0,18.04987922,0,0,0,0,0,0,0,0,0,0,0,47.93843981,0,0,0
0,0,0,0,0,0,0,0,35.98297242,0,0,0,0,0,0,0,0,0,0,84.80428953,0,0,0,0
0,0,0,0,0,0,0,0,0,0,0,0,0,0,99.39027262,0,0,0,0,0,0,0,0,0
0,0,0,0,0,0,0,0,97.37739082,0,0,0,0,0,0,0,0,0,39.40877424,0,0,0,0,0
0,0,0,0,0,85.38329987,0,0,0,0,0,0,0,0,0,0,0,0,0,0,0,0,0,3.807133066
0,0,0,0,0,0,0,0,0,0,0,0,0,0,0,0,0,3.16860739,0,0,0,0,0,0
0,0,0,0,0,0,0,0,0,0,0,0,0,0,0,0,0,0,140.175609,0,0,0,0,0
0,0,0,0,0,0,0,0,0,150.0422567,0,92.90160722,0,0,0,0,0,0,0,0,0,0,0,0
0,0,0,0,26.25936823,0,0,0,0,0,0,0,0,0,0,0,0,0,0,0,37.75490594,0,0,0
0,0,0,0,0,0,0,0,0,0,28.47572299,0,0,0,0,0,0,0,0,0,0,0,0,0
0,0,0,0,0,0,0,0,0,0,0,0,0,34.1490846,0,0,0,0,0,0,0,0,0,0
0,0,0,0,0,0,0,22.89472103,0,0,0,0,0,0,0,0,0,0,0,0,0,0,67.85397906,0
0,0,0,0,115.9380914,0,0,0,0,0,0,0,0,0,0,0,43.72789231,0,0,0,0,0,0,0
0,0,0,0,0,0,0,0,0,0,4.178163577,0,0,0,0,0,0,0,0,0,0,0,0,0
90.648468,0,0,0,0,0,0,0,125.0679816,0,0,0,0,0,0,0,0,0,0,0,0,0,0,0
0,0,0,0,0,0,0,0,0,109.4280933,0,0,0,0,0,0,0,0,0,0,0,0,0,0
0,0,0,0,0,10.28956266,0,0,0,0,0,0,0,0,0,0,0,0,129.0213442,0,0,0,0,0
0,0,0,0,0,0,0,0,0,0,0,0,0,0,0,0,0,0,103.987525,0,0,0,0,0
0,0,0,0,0,0,0,0,0,0,0,0,0,38.74988447,0,0,0,0,0,0,0,0,0,0
0,0,0,0,0,0,0,0,0,0,0,0,0,0,0,0,169.3747246,0,0,0,0,0,0,0
0,0,0,0,0,0,27.33824176,0,0,0,0,0,0,0,0,0,0,0,0,0,0,0,122.1606091,0
0,0,0,0,0,0,0,0,0,0,0,0,0,0,0,0,0,0,10.9607589,0,0,0,0,0
0,0,0,0,0,0,0,0,0,0,0,0,0,0,0,15.0299076,0,0,0,0,0,0,0,0
0,0,0,0,0,0,0,0,0,2.912304962,0,0,0,0,0,0,0,0,0,0,169.7680446,0,0,0
0,0,0,0,0,0,0,0,0,0,0,0,0,1.543057611,0,0,0,0,0,0,0,0,0,0
0,0,0,0,0,82.38050844,0,0,0,0,0,0,0,0,0,0,54.62648203,0,0,0,0,0,0,0
0,0,0,0,0,0,0,0,0,0,74.74110427,0,0,0,0,0,0,0,0,0,0,0,0,0
0,0,0,0,0,0,96.00717835,0,0,0,0,0,0,0,0,0,0,0,0,0,0,0,0,135.2901599
0,0,0,0,0,0,0,0,0,0,0,0,0,0,0,0,0,0,12.1897711,0,0,0,0,0
0,0,0,0,0,0,0,0,0,0,0,0,0,0,0,0,0,0,8.886097807,0,0,0,0,0
0,0,0,0,0,0,0,0,0,0,0,0,0,0,0,0,0,39.67525615,0,0,0,0,0,0
154.8698526,0,0,0,0,0,0,0,0,0,0,0,40.33495001,0,0,0,0,0,0,0,0,0,0,0
0,0,0,0,0,0,4.266338163,0,0,0,0,0,0,0,0,0,0,0,0,0,0,0,101.0147985,0
0,0,0,0,0,0,0,0,0,129.4777043,0,0,0,0,0,0,0,0,0,0,0,0,0,0
0,0,0,0,0,0,0,0,0,142.4280177,0,0,0,0,0,0,0,0,0,0,0,62.30554462,0,0
0,0,0,0,0,0,0,0,16.89185386,0,0,0,0,0,0,0,0,0,0,52.74834149,0,0,0,0
0,0,0,0,0,0,0,0,0,0,0,42.49049424,0,0,0,0,0,0,0,0,0,0,0,0
0,0,0,0,0,0,0,0,0,0,0,0,29.86457005,0,0,0,0,0,0,0,0,165.0788738,0,0
0,0,0,0,0,0,0,0,8.207032194,0,0,0,0,0,0,0,110.3940611,0,0,0,0,0,0,0
0,0,0,0,0,0,0,0,0,0,0,0,0,0,0,0,0,0,0,70.56800891,0,0,0,0
0,0,0,0,0,0,0,0,0,0,0,0,0,0,67.94195895,0,0,0,0,0,0,37.64047616,0,0
0,0,0,0,0,0,0,0,162.9094642,0,0,0,0,0,0,0,118.9196318,0,0,0,0,0,0,0
133.3183449,0,0,0,0,0,0,0,0,0,0,0,0,159.855642,0,0,0,0,0,0,0,0,0,0
0,0,0,0,0,0,0,0,0,0,0,0,0,0,69.92069155,0,0,0,0,0,0,0,64.55714201,0
0,0,0,0,0,0,0,0,32.38894964,0,0,0,0,0,0,0,0,45.21221584,0,0,0,0,0,0
0,0,0,0,0,0,112.7473425,0,0,0,0,0,0,0,77.62463017,0,0,0,0,0,0,0,0,0
37.19209811,0,0,0,0,0,0,0,0,0,0,0,0,0,0,0,0,4.330366057,0,0,0,0,0,0
0,0,0,0,0,0,0,0,0,0,0,0,0,0,0,0,0,93.23673464,0,0,0,0,0,0
0,0,0,0,0,0,0,0,118.5566081,0,0,0,0,0,0,0,12.46227787,0,0,0,0,0,0,0
0,0,0,0,0,0,0,0,0,0,0,27.79608086,0,0,0,0,0,0,0,0,0,0,0,0
0,0,0,0,0,0,0,0,0,0,0,0,0,0,0,0,95.90251079,0,0,0,0,0,0,0
0,0,0,0,0,0,0,0,0,0,0,0,0,0,0,0,155.9814708,0,0,0,0,0,0,0
0,0,0,0,0,0,0,0,0,0,0,6.3313129,0,0,0,0,0,0,0,0,0,0,0,0
0,0,0,0,0,0,0,0,77.74820082,0,0,0,0,0,0,0,0,0,0,0,0,0,0,0
0,0,0,0,0,0,0,0,0,0,0,0,0,0,55.39751103,0,0,0,0,0,0,0,0,0
0,0,0,0,0,0,0,0,0,12.57526492,0,0,0,0,0,0,0,0,0,0,0,97.0656599,0,0
0,0,0,0,0,0,0,0,0,0,0,22.30268302,0,0,0,0,0,0,0,0,0,0,0,0
0,0,0,0,0,0,0,0,0,0,0,0,0,0,42.46914728,0,0,0,0,0,0,0,0,0
0,0,0,0,0,0,0,0,0,0,15.13623327,0,0,0,0,0,0,0,0,0,145.782389,0,0,0
0,0,0,0,0,0,0,100.8236904,0,0,0,0,0,0,0,84.26778189,0,0,0,0,0,0,0,0
0,0,0,0,0,0,0,0,0,0,164.1626261,0,0,0,0,0,0,0,0,0,0,0,0,0
0,0,0,150.2158799,0,0,0,0,0,0,0,0,0,0,0,0,0,0,0,0,0,0,16.81444768,0
0,0,0,0,0,0,0,0,0,0,0,0,0,0,0,0,0,152.8638702,0,101.885224,0,0,0,0
0,0,0,0,0,0,0,0,0,0,46.42889325,0,0,0,0,0,0,0,0,88.13657123,0,0,0,0
0,0,0,0,0,0,0,0,0,0,0,0,31.18101636,0,0,0,0,0,0,0,0,0,0,0
0,0,0,0,0,0,0,0,0,0,0,0,0,0,0,0,0,91.11474835,0,0,0,0,0,0
0,0,0,0,0,0,0,0,0,0,45.84282065,0,0,0,0,0,0,0,0,0,0,0,0,0
0,0,0,0,0,0,0,0,18.45537819,0,0,0,0,0,0,0,0,0,0,37.31294832,0,0,0,0
0,0,0,0,0,0,0,0,0,0,109.1598977,0,0,0,0,0,0,0,113.7611606,0,0,0,0,0
0,0,0,0,0,0,0,0,0,0,52.16809063,0,0,0,0,0,0,0,0,0,0,0,168.8506959,0
0,0,0,0,0,0,0,0,0,0,0,81.10736621,0,0,0,0,0,0,0,0,0,0,0,28.76507627
0,0,0,0,0,0,0,0,0,0,0,136.3777189,0,0,0,0,0,0,0,0,0,0,0,0
0,0,0,0,0,0,0,0,0,0,0,0,45.70571313,0,0,0,0,0,0,0,0,0,0,0
0,0,0,0,0,0,0,0,0,37.93962146,0,0,0,0,0,0,0,0,0,0,0,0,0,0
0,0,0,0,0,0,0,0,0,0,0,0,0,0,0,0,0,6.214176509,0,0,0,0,0,0
0,0,0,0,0,0,0,0,0,0,0,0,56.07193488,0,0,0,0,0,0,0,0,0,0,34.20481291
0,0,0,0,0,0,0,0,0,0,0,0,0,0,0,0,156.3966639,0,0,0,0,0,0,0
0,0,0,0,0,0,0,0,0,79.48941732,0,0,0,0,0,0,0,0,0,0,0,0,124.5624518,0
0,0,0,0,0,0,0,0,0,0,0,0,0,128.8890837,0,0,0,0,0,0,0,0,0,0
0,0,0,0,0,0,0,0,0,0,0,0,0,0,0,0,0,0,63.06653864,0,0,0,0,0
0,0,0,0,0,0,0,0,0,0,0,0,0,0,0,0,0,120.5548981,0,0,0,0,0,0
0,0,0,0,0,0,0,0,0,0,0,0,0,103.9338788,0,0,0,0,0,0,0,0,0,0
0,0,0,0,0,0,0,0,0,0,0,0,0,0,0,143.44602,0,0,0,0,0,0,0,0
0,0,0,0,0,0,0,0,0,0,0,0,0,0,0,0,3.331773567,0,0,0,0,0,0,0
0,0,0,0,0,0,0,0,0,88.33614578,0,0,0,0,0,0,50.09440133,0,0,0,0,0,0,0
0,0,0,0,0,0,0,0,0,0,0,0,0,0,0,0,0,110.6051613,0,0,0,0,0,0
0,0,0,0,0,0,0,0,0,0,0,0,0,162.0275682,0,0,0,0,0,0,0,0,12.49788817,0
0,0,0,0,0,0,0,0,0,0,126.2410111,0,0,0,0,0,0,129.9502723,0,0,0,0,0,0
0,0,0,0,0,0,0,0,0,0,0,0,0,0,0,61.84901529,0,0,0,0,0,0,0,0
0,0,0,0,0,52.69076406,0,0,0,0,0,0,0,36.97678858,0,0,0,0,0,0,0,0,0,0
0,0,0,0,0,0,0,0,0,0,0,0,139.43693,0,0,0,0,0,0,0,23.60068763,0,0,0
0,0,0,0,0,0,0,0,0,0,0,0,0,0,0,0,0,0,0,33.38902652,0,0,0,0
0,0,0,0,0,0,0,0,0,0,0,0,135.3938754,0,0,0,0,0,0,0,0,0,0,0
0,0,0,0,0,0,34.95980482,0,0,0,0,0,0,0,0,0,0,0,0,0,0,0,0,0
0,0,0,0,0,0,0,0,0,0,0,0,9.76101488,0,0,0,0,0,0,0,0,0,0,0
0,0,0,0,0,0,0,150.3153171,0,0,0,0,0,0,0,0,0,13.39083794,0,0,0,0,0,0
0,0,0,0,0,126.1805494,0,0,0,0,0,0,0,0,0,0,0,0,68.124051,0,0,0,0,0
0,0,0,0,0,0,0,0,0,0,0,0,0,0,0,142.4841099,0,0,0,0,0,0,0,0
0,0,0,0,0,0,0,0,0,0,0,16.34908221,0,0,57.13570707,0,0,0,0,0,0,0,0,0
0,0,0,0,0,0,21.32653147,0,0,0,0,0,0,0,0,50.09637477,0,0,0,0,0,0,0,107.5023377
0,0,0,0,0,0,0,0,76.00879662,0,0,0,0,0,0,0,0,40.85465638,0,0,0,0,0,0
0,0,0,0,0,0,130.8897775,0,0,0,0,0,0,0,0,96.32807607,0,0,0,0,0,0,0,0
32.34022369,0,0,0,0,0,0,0,0,0,0,0,0,169.2769197,0,0,0,0,0,0,0,0,0,0
0,0,0,0,0,0,0,0,0,0,0,0,0,0,109.7157695,0,0,0,0,0,0,0,0,0
0,0,0,0,0,0,0,0,0,0,0,21.40145906,0,0,0,0,0,0,0,0,0,0,0,0
0,0,0,0,0,0,85.51677147,0,0,0,0,0,0,0,0,0,96.77295093,0,0,0,0,0,0,0
0,0,0,0,0,0,0,0,0,0,0,0,0,0,0,0,13.44449053,0,0,0,0,0,0,0
0,0,0,0,0,0,0,0,0,0,0,0,0,35.28126384,0,0,0,0,0,0,0,0,0,158.4732569
0,0,0,0,0,0,0,0,0,0,0,0,0,0,0,0.312995642,0,0,0,0,0,0,0,0
0,0,0,0,0,0,0,0,23.25338708,0,0,0,0,0,0,0,0,56.75679164,0,0,0,0,0,0
0,0,0,0,0,0,0,0,0,0,0,0,0,9.68048796,0,0,0,0,0,0,0,0,0,91.57095205
0,0,0,0,0,0,0,0,0,0,0,0,65.42660372,0,0,0,0,0,0,0,0,0,0,0
0,0,0,0,0,0,0,0,0,49.3023476,0,0,0,0,0,0,0,0,92.57472518,0,0,0,0,0
0,0,0,0,0,0,0,0,0,14.59217843,0,0,0,0,0,0,0,0,0,0,22.88286474,0,0,0
0,0,0,0,0,0,0,0,0,0,0,0,0,0,0,0,0,0,0,132.484942,0,0,0,0
0,0,0,0,0,0,0,0,61.0297817,0,0,0,0,0,0,0,0,0,0,0,0,0,113.5641103,0
0,0,0,0,0,0,0,0,0,0,0,0,0,0,0,0,102.3919898,0,0,0,0,0,0,0
0,0,0,0,0,0,0,0,0,0,0,0,0,0,0,0,0,0,0,146.0328051,0,0,0,0
0,0,0,0,0,0,0,0,0,0,0,0,0,0,0,145.549305,0,0,0,0,0,0,0,0
0,0,0,0,0,0,0,0,0,168.3491088,0,0,0,0,0,0,0,54.10563842,0,0,0,0,0,0
0,0,0,0,0,0,0,0,0,0,0,0,0,0,0,24.09147995,0,0,0,0,0,0,0,0
0,0,0,0,0,0,0,0,0,22.71902635,0,0,0,0,0,0,0,0,0,0,0,0,20.17913911,0
0,0,0,0,0,0,0,0,0,0,0,0,0,0,0,0,0,0,63.67397672,0,0,0,0,0
0,0,0,0,0,0,0,0,0,0,0,0,0,0,0,0,145.7642696,0,0,0,0,0,0,0
0,0,0,0,0,0,0,0,0,0,0,0,0,0,0,0,161.9979532,0,0,0,0,0,0,0
0,0,0,0,0,0,0,0,0,0,0,0,0,82.2983879,0,0,0,0,0,0,0,0,0,0
0,0,0,0,0,0,0,0,0,0,0,0,0,0,0,13.59008082,0,0,0,0,0,0,0,0
0,0,0,0,0,0,170.2462948,0,0,0,0,0,0,142.2444169,0,0,0,0,0,0,0,0,0,0
0,0,0,0,0,0,0,0,0,0,73.7094312,0,0,0,0,0,0,125.4309513,0,0,0,0,0,0
0,0,0,0,0,0,0,0,0,0,0,0,0,0,0,0,0,118.469504,0,0,0,0,0,0
0,0,0,0,0,0,0,0,0,0,0,0,0,0,0,0,93.02253916,0,0,0,0,0,0,0
0,0,0,0,0,0,0,0,0,0,0,0,0,0,0,0,0,0,0,132.9268464,0,0,0,0
0,0,0,0,0,0,0,59.97517856,0,0,0,0,0,0,0,0,131.9417268,0,0,0,0,0,0,0
0,74.12970056,0,72.10642927,0,0,0,0,0,0,0,0,45.744076,0,0,0,0,0,0,0,0,0,0,0
0,0,0,0,0,0,124.2314272,0,0,0,0,0,0,0,0,0,52.49812314,0,0,0,0,0,0,0
0,0,0,0,0,0,0,0,0,0,0,0,0,110.3127728,0,0,0,0,0,0,0,0,0,0
0,0,0,0,0,0,0,0,0,0,0,0,0,0,0,0,0,116.3147862,0,0,0,0,0,0
0,0,0,0,0,0,0,0,0,0,0,0,0,0,0,0,0,0,59.55694477,0,0,0,0,0
0,0,0,0,116.3158728,0,0,0,0,0,0,48.64110836,0,0,0,99.35362548,0,0,0,0,0,0,0,0
0,0,0,0,0,0,0,133.2543064,0,0,0,0,0,0,120.1261237,0,0,0,0,0,0,0,0,0
0,0,0,0,0,0,108.4111312,0,0,0,0,0,0,0,18.41263622,0,0,0,0,0,0,0,0,0
0,0,0,0,0,0,0,28.24650169,0,0,0,0,0,0,0,0,0,0,0,0,0,0,0,0
0,0,0,0,0,0,0,0,0,0,0,0,19.78792994,0,0,0,0,0,0,0,0,0,0,149.7367588
0,0,0,0,0,0,0,0,0,0,0,0,0,0,0,0,0,0,12.070338,0,0,0,0,0
0,0,0,0,0,0,0,0,0,0,0,0,132.0587909,0,0,99.60919162,0,0,0,0,0,0,0,0
0,0,0,0,0,0,0,0,0,0,0,6.975360128,0,0,0,0,0,0,90.24152134,0,0,0,0,0
0,0,0,0,0,0,0,0,0,0,0,0,0,114.1918023,0,0,0,0,0,0,0,0,0,0
0,0,0,0,0,0,0,0,0,0,0,0,0,0,0,0,0,108.6594282,0,0,0,0,0,0
0,0,0,0,0,0,0,0,0,0,0,0,0,0,0,0,0,135.7076749,0,0,0,0,0,0
0,0,0,0,0,0,0,0,118.1513548,0,0,0,0,0,0,0,0,0,0,0,0,0,0,0
0,0,0,0,0,133.5606926,0,0,0,0,0,0,0,0,0,0,0,0,0,0,0,0,0,0
0,0,0,0,0,0,126.451691,0,0,0,0,0,0,0,0,0,0,0,0,0,41.13609893,0,0,0
0,0,0,0,0,0,0,0,0,0,0,28.02742599,0,0,0,0,0,0,0,0,0,0,0,87.21614259
0,0,0,0,0,0,0,0,0,0,0,0,166.6794314,0,0,0,0,0,0,0,0,0,0,0
0,0,0,0,0,0,105.8317019,0,0,0,0,0,0,0,0,0,0,0,0,67.87147858,0,0,0,0
0,0,0,0,0,0,0,0,0,0,11.46129315,0,0,0,0,0,0,0,0,0,0,0,0,100.6968367
0,0,126.2865046,0,0,0,0,0,0,0,0,0,0,0,0,0,0,0,0,0,9.521625641,0,0,0
0,0,0,0,0,0,0,0,0,0,0,0,0,95.93164373,0,0,0,0,0,0,0,0,0,0
0,0,0,0,0,0,0,0,0,101.4971024,0,0,0,0,0,0,0,156.6218736,0,0,0,0,0,0
0,0,0,0,0,0,0,0,0,0,0,0,107.8448428,0,0,0,0,0,0,0,0,0,0,0
0,0,0,0,0,0,4.892980318,0,0,0,0,0,0,119.5120406,0,0,0,0,0,0,0,0,0,0
0,0,0,0,0,0,0,52.01360701,0,0,0,0,0,0,0,0,0,0,0,0,0,156.1003872,0,0
0,0,0,0,0,0,0,0,0,0,0,0,7.851210569,0,0,0,0,0,0,0,0,0,0,0
0,0,0,0,0,0,0,0,53.91126321,0,0,0,0,0,0,0,9.512837604,0,0,0,0,0,0,0
0,0,0,0,0,0,0,156.3094468,0,0,0,0,0,0,0,0,20.36981421,0,0,0,0,0,0,0
0,0,0,0,0,0,0,0,0,0,0,0,0,0,84.94583385,0,0,0,0,0,0,0,0,0
0,0,49.4726639,0,0,0,0,0,0,0,0,0,0,0,0,0,0,0,0,0,0,169.1153526,0,0
0,0,0,0,0,13.83236196,0,0,0,0,0,0,0,0,0,0,0,7.70768812,0,0,0,0,0,0
0,0,0,0,0,0,0,0,0,0,106.7044341,0,0,0,0,0,0,0,0,0,0,0,0,0
0,0,0,0,0,0,0,0,0,0,0,152.3890118,0,0,0,0,0,0,0,0,0,0,0,0
0,0,0,0,0,0,0,0,0,0,0,0,0,0,0,0,154.9492229,0,0,0,0,0,0,0
0,0,0,0,0,0,0,0,0,0,0,41.83000538,0,0,0,0,0,0,0,0,0,0,0,0
0,0,0,0,0,0,0,0,0,66.49217765,0,0,0,0,0,0,0,0,0,0,0,0,0,0
0,0,0,0,0,0,0,48.5857209,0,0,0,0,0,0,0,0,0,0,0,0,169.4053874,0,0,0
0,0,0,0,0,0,0,0,0,0,81.10812743,0,0,0,0,0,0,0,0,0,0,0,0,0
0,0,0,0,0,0,0,0,0,0,129.7071793,0,0,0,0,0,0,0,0,0,0,0,0,0
0,0,0,0,0,0,0,15.57055458,0,0,0,0,0,0,0,0,0,0,0,0,0,56.96388833,0,0
0,0,0,0,0,0,0,140.7043029,0,0,52.96146205,0,0,0,0,0,0,0,0,0,0,0,0,0
0,0,0,0,0,0,0,0,0,98.16457978,0,0,0,0,0,0,0,0,0,0,0,0,0,0
0,0,0,0,0,0,0,0,0,0,0,0,0,55.35722692,0,72.95248732,0,0,0,0,0,0,0,0
0,0,0,0,0,0,0,0,0,0,0,131.6951053,0,0,0,0,0,0,0,0,0,0,0,117.4045675
0,0,0,0,0,21.12613402,0,0,0,0,0,0,0,0,0,0,0,0,0,0,42.33418506,0,0,0
51.67446741,0,0,0,0,0,0,0,0,0,0,0,0,0,0,121.8102547,0,0,0,0,0,0,0,22.62712439
0,0,0,0,0,0,0,0,0,0,67.23434454,0,0,0,0,0,0,0,0,0,0,0,0,0
0,0,0,0,0,0,0,0,0,0,0,0,0,0,0,0,0,90.89435615,0,0,0,0,0,0
0,0,0,0,0,0,0,0,0,0,0,0,129.8356215,0,60.54812692,0,0,0,0,0,0,0,0,0
0,0,0,0,0,0,45.73182484,0,0,0,0,0,0,0,0,0,0,0,0,0,0,0,19.39453372,0
0,0,0,0,0,0,0,0,0,0,0,0,34.26127672,0,0,0,0,0,0,0,0,0,142.6281426,0
0,0,0,0,0,0,0,0,0,55.15650554,0,0,0,0,0,0,0,0,0,0,0,0,22.99751789,0
0,0,0,0,0,0,0,0,0,0,26.10587574,0,0,0,0,0,0,164.9477135,0,0,0,0,0,0
0,0,0,0,0,0,0,0,0,49.91494405,0,0,0,0,0,0,0,0,0,0,0,0,0,0
0,0,0,0,0,0,0,0,0,0,0,0,0,0,0,0,0,69.7020719,0,2.387020678,0,0,0,0
0,0,0,0,0,0,0,0,0,0,0,0,0,0,0,0,0,52.99505468,0,0,0,0,0,0
0,0,0,0,0,123.8244323,0,0,0,0,0,0,0,0,0,0,0,0,0,0,0,0,0,0
0,0,0,0,0,0,0,0,0,18.37030461,0,0,0,0,0,0,0,0,0,0,50.20415483,0,0,0
0,0,0,0,0,0,0,0,0,0,0,0,0,33.0861119,0,0,0,0,0,0,0,100.998461,0,0
0,0,0,0,0,0,0,0,0,0,0,0,0,0,126.1994459,0,0,0,0,0,0,0,0,0
0,0,0,0,0,0,0,0,0,0,0,0,164.046331,0,0,0,0,0,0,0,0,6.021125444,0,0
104.2637782,0,0,0,0,0,0,0,0,97.15934248,0,0,0,0,0,0,0,0,0,0,0,0,149.1460486,0
0,0,0,0,0,25.79581936,0,0,0,0,0,0,0,0,0,0,0,0,0,0,105.6241775,0,0,0
0,0,0,0,0,0,0,0,0,93.06514894,0,0,0,0,0,0,0,0,0,0,0,0,0,0
0,0,0,0,0,0,0,0,0,0,0,0,0,0,0,0,0,0,0,154.073013,0,0,0,0
0,0,0,0,0,0,0,64.99220398,0,0,0,0,0,0,0,28.95628413,0,0,0,0,0,0,0,0
0,0,0,0,0,0,0,0,0,36.48020703,0,0,0,0,0,0,0,0,89.77977321,0,0,0,160.5485843,0
0,0,0,0,0,0,0,78.44078265,0,0,0,0,0,0,0,0,153.4960788,0,0,0,0,0,0,0
0,0,0,0,0,0,0,0,87.81605627,0,0,0,0,0,0,0,0,0,0,0,0,0,0,0
0,116.7450484,0,0,0,0,0,0,0,0,0,121.4100303,0,0,0,0,0,0,0,0,0,0,0,0
0,0,0,0,0,0,0,0,0,0,80.20772662,0,0,0,0,0,0,0,146.139723,0,0,0,0,0
0,0,0,0,0,0,0,0,0,0,0,0,0,0,77.62018899,0,0,0,0,0,0,0,0,0
0,0,0,0,0,0,0,0,0,0,0,0,0,0,69.26233339,0,0,0,0,0,0,0,0,0
0,0,0,0,0,0,0,0,0,53.52649582,0,0,0,0,0,0,10.34808276,0,0,0,0,0,0,0
0,0,0,0,0,0,0,4.319364647,0,0,0,0,0,0,0,118.773594,0,0,0,0,0,0,0,0
0,0,0,0,0,0,0,156.3604625,0,0,0,0,0,0,0,0,0,0,0,0,0,0,106.8921504,0
0,137.0785075,0,0,0,0,0,0,0,0,0,0,0,149.9693252,0,0,167.1191612,0,0,0,0,0,0,0
0,0,0,0,0,0,0,0,27.26726082,0,0,0,0,0,0,0,0,0,0,0,0,0,0,36.84342451
0,0,0,0,0,0,141.1584819,0,0,0,0,0,0,0,0,0,0,0,0,144.5170969,0,0,0,0
0,0,0,0,0,0,0,0,0,0,0,0,166.8359899,0,0,0,0,0,0,0,0,0,0,0
0,0,0,0,0,0,0,0,111.6971888,0,0,0,0,0,0,0,0,0,0,0,0,0,0,0
0,0,0,0,0,0,0,0,0,115.9013943,0,0,0,0,0,0,0,0,0,26.69791215,0,0,0,0
0,0,0,0,0,0,0,0,0,0,0,0,0,0,0,116.9527403,0,0,0,0,0,0,0,0
0,0,0,0,0,0,0,0,0,0,0,0,0,0,14.68030239,0,0,0,0,0,0,158.6794393,0,0
0,0,0,0,0,0,0,0,0,0,91.24224734,0,0,0,0,0,0,0,0,0,0,0,0,0
0,0,0,0,0,0,63.9236609,0,0,0,0,0,0,80.79497839,0,0,139.6181967,0,0,0,0,0,0,0
0,0,0,0,0,0,0,0,0,0,0,68.23816114,0,0,0,0,0,0,0,0,0,0,0,0
0,0,0,0,0,0,0,127.0933624,0,0,0,0,0,0,27.86551476,0,0,0,0,0,0,25.05994104,0,0
0,0,0,0,0,0,0,0,0,0,0,0,0,0,0,0,0,0,27.26791692,0,0,0,0,0
0,0,0,0,0,0,0,0,0,0,0,0,0,0,0,0,0,158.2721014,0,0,0,0,0,0
0,0,0,0,0,0,0,0,0,0,0,0,0,98.1060352,0,0,0,0,0,0,0,0,0,0
0,0,0,0,0,0,0,0,108.4944905,0,0,0,0,0,0,0,0,0,0,0,0,0,0,0
0,0,0,0,0,0,0,0,0,0,0,0,0,0,0,34.89930892,0,0,0,0,0,0,0,0
0,0,0,0,115.0069933,0,0,118.8738819,0,46.94810483,0,0,0,0,0,0,0,97.7755059,0,0,0,0,0,0
0,0,0,0,0,0,0,15.74295306,0,64.41692695,0,0,0,0,0,0,99.86775006,0,0,0,0,0,0,0
0,0,0,0,0,0,0,0,131.3714258,0,0,0,0,0,0,0,0,38.05925123,0,0,0,0,0,0
0,0,0,0,0,0,0,0,0,0,60.3965572,0,0,0,0,0,0,0,0,0,0,0,0,0
0,0,0,0,0,0,0,154.0879658,0,0,0,0,0,0,0,0,0,0,0,0,30.61320965,0,0,0
0,0,0,22.10541424,0,0,0,0,0,0,0,0,0,0,0,0,0,0,159.9750969,0,0,0,0,0
0,0,0,0,0,0,23.59522192,0,0,0,0,0,0,69.60687951,0,0,90.55411388,0,0,0,0,0,169.9945119,0
0,0,0,0,0,0,0,0,0,0,0,0,0,0,0,0,0,17.43235368,0,0,0,0,0,0
0,0,0,0,0,0,0,0,34.48810863,0,0,0,0,0,0,0,0,0,0,0,0,0,112.563945,0
0,0,0,0,0,0,0,0,0,0,0,0,0,0,0,0,0,100.2438176,0,0,0,0,0,0
0,0,0,0,0,0,0,0,0,0,0,0,0,0,73.43978695,0,0,0,0,0,0,0,0,0
0,0,0,0,0,0,0,0,0,0,0,0,0,30.51965929,0,0,0,0,0,0,0,0,0,0
0,0,0,0,0,0,0,0,129.0309106,0,0,0,0,0,0,0,34.08636735,0,0,0,0,0,0,0
0,0,0,0,0,0,20.04515268,0,0,0,0,0,0,0,0,38.60839857,0,0,0,0,0,0,0,0
0,0,0,0,0,0,0,0,0,0,0,0,0,0,0,0,0,0,0,56.26222328,0,0,0,0
0,0,0,0,0,0,0,0,0,0,0,82.92927471,0,0,0,0,0,0,0,0,0,0,0,0
7.739491145,0,0,0,0,0,0,0,0,0,0,0,36.0719997,0,0,0,0,0,0,0,0,0,143.355264,0
0,0,0,0,0,0,0,0,0,125.0344662,0,0,0,0,0,0,0,0,0,0,0,0,0,0
0,0,0,0,0,0,0,0,0,0,0,0,0,0,76.48639642,0,0,0,0,0,0,0,0,0
0,0,0,0,0,0,0,0,152.0239086,0,164.0167628,0,0,0,0,0,0,0,0,0,0,0,0,0
0,0,0,0,0,0,0,0,0,0,0,0,20.25855473,0,15.05657177,0,0,0,0,0,0,0,0,0
0,0,0,0,0,0,0,18.47284122,0,0,0,0,0,0,0,0,0,0,0,0,0,0,0,0
0,0,0,0,0,0,0,0,0,0,0,0,0,0,0,0,0,42.13960618,0,0,0,0,0,0
0,0,0,0,0,0,66.10950545,0,0,0,0,0,0,0,0,0,0,0,0,0,0,0,0,0
0,0,0,0,0,0,0,0,0,0,0,61.49359064,0,0,0,0,0,0,0,0,43.82845098,0,0,0
0,0,0,0,0,0,0,0,0,0,0,0,0,0,0,0,0,77.58502678,0,0,0,0,0,0
159.2435879,0,0,0,0,0,0,0,0,0,0,0,0,0,0,0,0,126.0987362,0,0,0,0,0,0
0,0,0,0,0,0,0,0,0,0,0,0,0,0,0,48.66821795,0,0,0,0,0,0,0,0
0,0,0,0,0,0,0,0,0,0,128.1102368,0,0,0,0,0,0,0,0,0,0,0,0,0
0,0,0,0,0,0,0,0,0,164.6231941,0,0,0,0,0,0,0,0,0,0,0,0,117.7435738,0
0,0,0,0,0,0,0,0,56.53236417,0,0,0,0,0,0,0,0,0,0,0,0,0,0,0
0,0,0,0,0,0,0,0,0,0,0,0,0,0,0,0,148.3219229,0,0,0,0,0,0,0
0,0,0,0,0,0,0,0,0,0,0,0,0,0,0,0,0,40.77683071,0,0,0,0,0,0
0,0,0,0,0,0,0,37.86443497,0,0,0,0,0,0,0,127.983577,0,0,0,0,0,0,0,0
0,0,0,0,0,0,0,0,0,0,0,0,0,0,21.51089359,0,11.53049402,0,0,0,0,0,0,0
0,0,0,0,0,0,0,0,0,10.97067353,0,0,0,0,0,0,0,0,157.7353974,0,0,0,0,0
0,0,0,0,0,0,0,0,0,0,0,0,0,0,0,0,160.0866553,0,0,0,0,0,0,0
0,0,0,0,0,0,0,0,0,0,0,168.6419551,0,0,0,0,0,0,0,0,0,0,0,0
0,0,0,0,0,0,0,0,3.830565393,0,0,0,0,0,0,0,0,0,0,0,0,0,1.143503001,0
0,0,0,0,0,0,0,0,0,0,0,0,0,0,0,0,0,0,102.6966782,0,0,0,0,0
0,0,0,0,0,0,0,0,0,31.6006486,0,0,0,0,0,0,0,0,61.54141348,0,0,0,0,0
0,0,0,0,0,0,0,0,113.6567594,0,0,0,0,0,0,0,0,133.4977457,0,0,0,0,0,0
0,0,0,0,0,0,0,0,0,0,0,0,0,0,0,169.6904683,0,0,0,0,0,0,0,0
0,0,0,0,0,0,0,0,0,0,117.5322832,0,0,0,0,0,0,0,0,0,0,0,0,0
0,0,0,0,0,0,0,0,69.25751075,0,0,0,0,0,0,0,0,0,0,0,0,71.38596004,0,0
31.91246176,0,0,0,0,0,0,0,0,0,39.37381081,0,0,0,0,0,0,0,0,0,0,0,0,0
0,0,0,0,0,0,0,78.2852769,0,0,0,0,0,0,0,0,0,0,0,0,0,0,0,0
0,0,0,0,0,0,0,0,0,0,105.8909377,0,0,0,0,0,0,0,0,0,0,0,0,0
0,0,0,0,0,0,0,62.74371648,0,0,0,0,0,0,0,4.921952095,0,0,0,0,0,0,0,0
0,0,0,0,0,0,0,0,0,0,0,0,0,0,8.461494576,0,0,0,0,0,0,0,0,0
0,0,0,0,0,0,0,0,0,0,0,0,0,146.7715822,0,0,0,0,0,0,0,0,0,0
0,0,0,0,0,0,0,0,0,0,0,0,50.57144912,0,0,0,0,0,0,0,0,0,0,0
0,0,0,0,0,0,0,0,0,0,0,0,0,0,0,0,116.1304531,0,0,0,0,0,0,0
0,0,0,0,0,0,0,0,0,0,0,0,0,0,0,0,0,1.005515416,0,134.5701928,0,0,0,0
108.2392803,0,0,0,0,0,0,0,0,0,0,0,0,0,0,0,0,0,0,142.7945192,0,0,0,0
0,0,0,0,0,0,0,0,0,0,0,0,0,0,0,0,0,42.07508398,0,0,0,0,0,0
0,0,0,0,0,159.758912,0,0,0,0,0,0,0,0,40.73469732,0,0,0,0,0,0,0,0,0
0,0,0,0,0,0,0,0,0,0,85.34960669,0,0,0,0,0,0,0,0,0,11.47815677,0,0,0
0,0,0,0,0,0,0,0,0,0,0,0,0,0,0,0,0,0,29.14735729,0,0,0,0,0
0,0,0,0,0,0,0,0,154.7703034,0,0,0,0,0,0,0,0,0,0,0,0,0,0,14.27482292
0,0,0,112.5180956,0,0,0,0,0,0,0,0,0,0,33.60483903,0,0,0,0,0,0,0,0,0
0,0,0,0,0,0,0,0,0,0,0,50.19052529,0,0,0,0,0,0,0,0,0,0,0,0
0,0,0,0,0,0,0,73.1918046,0,0,0,0,0,0,0,0,0,0,0,0,0,0,0,0
0,0,0,0,0,0,0,0,0,0,0,0,0,0,0,0,0,72.43112809,0,0,0,0,0,0
0,0,0,0,0,0,0,0,0,0,0,0,0,0,0,133.4680125,0,0,0,0,0,0,0,0
0,0,0,0,0,0,0,0,133.840115,0,0,0,0,0,0,0,0,0,111.2300848,0,0,0,0,0
0,0,31.75318132,0,0,0,0,0,0,0,0,0,0,146.7488634,0,0,0,0,0,0,0,0,0,0
0,0,0,0,0,0,0,0,0,60.03058875,0,0,0,0,0,0,0,0,0,97.8286326,0,0,0,0
0,0,0,0,0,0,0,127.0746983,0,0,0,0,0,0,0,0,145.8407184,0,0,0,0,0,0,143.3469611
0,0,0,0,0,170.0414384,0,0,0,0,0,0,0,0,0,0,0,78.88480703,0,0,0,0,0,0
0,0,0,0,0,0,0,0,94.73970998,0,0,0,0,0,0,0,0,0,0,23.13244789,0,0,0,0
0,0,0,0,0,0,0,0,0,0,0,42.63805436,0,0,0,0,0,0,0,0,0,148.7136693,0,0
0,0,0,0,0,0,0,0,0,0,0,0,0,0,0,0,0,0,0,26.36756241,0,0,0,0
0,0,0,0,0,0,0,0,120.2920145,0,0,0,0,0,0,0,0,0,0,0,67.22195472,0,0,0
0,0,0,0,0,0,137.9170959,0,0,0,0,0,0,0,0,0,0,0,0,0,0,82.2527011,0,0
0,0,0,0,0,0,0,0,0,0,0,0,112.679994,0,0,0,0,0,0,0,0,0,120.9526036,0
0,0,0,0,0,0,0,0,0,0,0,0,0,0,8.366855155,0,0,0,0,0,0,0,0,0
0,0,0,0,0,0,0,167.3371392,0,0,0,0,0,0,0,0,0,0,0,0,0,0,0,0
0,0,0,0,0,0,0,0,131.0051044,0,0,0,0,0,0,0,0,0,0,0,0,0,0,0
0,0,0,0,0,0,0,0,0,0,0,0,0,0,93.47879071,0,0,0,0,0,0,0,0,0
0,0,0,0,0,0,0,0,24.13823391,0,0,0,0,0,0,0,0,0,95.51900106,0,0,0,0,0
0,0,0,0,0,0,0,0,0,0,0,0,0,0,0,0,0,15.85981127,0,0,0,0,0,0
0,0,0,0,0,0,0,0,0,0,0,0,0,161.158676,0,0,0,0,0,0,0,0,0,29.03596383
0,0,0,0,0,0,0,0,0,0,0,0,0,0,0,136.1403339,0,0,0,0,0,0,0,0
0,0,0,0,0,0,0,0,0,0,0,0,0,0,0,80.73523999,0,159.3411617,0,0,0,0,0,0
0,0,0,0,0,0,0,0,0,135.20372,0,0,0,0,0,0,0,0,0,163.3919118,0,0,0,0
0,0,0,0,0,0,48.55615254,0,0,12.87748605,0,124.0505958,0,0,0,0,0,0,0,0,0,0,0,0
0,0,0,0,0,0,0,0,0,0,0,7.439342107,0,0,0,0,0,0,0,0,0,0,0,0
0,0,0,0,0,0,0,0,0,0,0,0,0,0,0,0,0,158.029115,0,0,0,0,0,0
0,0,0,0,0,0,0,0,0,0,0,0,0,0,0,0,0,0,15.3802628,0,0,0,0,0
0,0,0,0,0,0,0,0,0,0,0,0,0,0,0,0,0,27.80226201,0,0,0,0,0,0
0,0,0,0,0,0,0,0,0,0,0,94.00544215,0,0,0,0,0,0,0,0,4.230689275,0,0,0
0,0,0,0,0,0,103.4840143,0,0,0,0,0,0,0,0,0,0,0,0,0,0,0,0,0
0,0,0,0,0,0,0,0,0,0,0,0,0,0,0,0,0,0,27.74235771,0,0,0,146.1443734,0
0,0,0,0,0,0,0,0,0,14.1687989,0,0,0,0,0,0,0,0,0,0,0,0,0,79.74653994
0,0,0,0,0,0,0,122.2613178,0,0,0,0,0,0,0,0,0,0,0,0,0,0,0,77.18757859
0,0,0,0,0,0,107.7914857,0,0,0,0,0,90.87819857,0,0,0,0,0,0,0,0,0,0,0
0,0,0,0,0,0,0,0,0,0,0,0,0,0,0,0,0,44.36058712,0,0,0,0,0,0
0,0,0,0,0,0,130.5967618,0,0,0,0,0,0,0,0,0,0,0,0,0,0,0,42.60310059,0
0,0,158.1628209,0,0,0,0,0,0,0,0,0,0,0,0,0,0,0,0,0,0,0,119.9380433,0
0,0,0,0,0,0,0,103.0619531,0,0,0,0,0,0,0,0,0,0,0,0,0,140.174275,0,0
0,0,0,0,0,0,162.0995047,0,0,0,0,0,0,0,0,0,0,0,0,0,125.1970983,0,0,0
0,0,0,0,0,0,0,0,131.9692557,0,0,0,0,0,0,0,62.88295977,0,0,0,0,0,0,0
0,0,0,0,0,0,0,2.516121966,0,0,0,0,0,0,0,0,0,0,0,0,0,0,0,0
0,0,0,0,0,0,0,0,0,0,0,0,0,145.264251,0,0,0,0,0,0,0,0,0,0
0,0,0,0,0,0,0,0,0,0,0,0,0,8.147609121,0,0,0,0,0,0,0,0,0,0
0,0,0,0,0,0,0,0,28.0680979,0,0,0,0,0,0,0,0,0,0,0,34.22969567,0,0,0
0,0,0,0,0,0,0,0,0,0,0,0,0,50.51584344,0,0,0,0,0,0,0,0,0,0
0,0,0,0,0,0,0,0,0,0,0,0,0,0,0,49.80347936,0,0,0,0,0,0,0,0
0,0,0,0,0,0,0,0,0,0,0,0,0,0,0,0,0,119.7320878,0,0,0,0,0,0
0,0,0,0,0,0,0,0,0,0,0,0,0,0,0,0,0,86.55533301,0,88.8789701,0,0,0,0
0,0,0,0,0,0,0,92.81960049,0,0,0,0,0,0,0,0,0,0,0,0,0,0,20.74884532,0
0,0,0,0,145.8902853,0,0,0,0,0,0,0,0,0,0,0,129.91738,0,0,0,0,0,0,0
0,0,0,0,0,0,0,0,0,0,0,0,0,106.8515937,0,0,0,0,0,0,0,0,0,0
0,0,0,0,0,0,0,0,88.77365711,0,0,0,0,0,0,0,0,0,0,0,0,0,0,134.3802696
0,0,0,0,0,0,0,0,0,0,0,0,0,0,0,0,0,0,0,23.73873354,0,0,0,0
0,0,0,0,0,0,145.698382,0,0,0,0,0,0,0,0,0,0,0,0,0,0,0,40.20382558,0
0,0,0,0,0,0,0,0,0,0,0,0,6.423109471,0,0,0,0,0,0,0,0,62.95192513,0,0
0,0,0,0,0,0,0,98.10083749,0,0,0,0,0,0,0,0,0,0,54.2626079,0,0,0,0,0
0,0,0,0,0,0,0,1.606990072,0,0,0,0,0,0,0,0,0,162.1067161,0,0,0,0,0,0
0,0,0,0,0,0,89.87803281,0,0,0,0,0,0,0,0,0,0,0,0,0,0,0,0,0
0,0,0,0,0,0,0,0,0,0,0,0.394686884,0,0,0,0,0,0,0,0,0,0,0,0
0,0,0,0,0,0,125.3128136,0,0,0,0,0,0,0,0,0,0,147.0623988,0,0,0,119.3570993,0,0
0,0,0,0,0,0,0,140.7245009,0,0,0,0,0,0,0,0,0,0,133.3309735,0,0,0,0,0
0,0,0,0,0,111.5238424,0,0,0,0,0,0,0,0,127.3296289,0,0,0,0,0,0,0,0,0
0,0,0,0,0,0,0,0,0,0,0,0,32.21609818,0,0,0,0,0,0,0,71.85488707,0,0,0
0,0,0,0,0,0,0,0,0,0,0,0,0,0,0,68.46460813,0,0,0,0,0,0,0,0
0,0,0,0,0,0,0,0,0,0,0,41.23749608,0,0,0,0,0,0,0,0,0,6.042950471,0,0
0,0,0,0,0,0,0,0,0,0,0,0,0,0,0,0,0,140.0333326,0,0,0,0,0,0
0,0,0,0,0,0,0,0,0,0,0,0,0,0,142.4802853,0,0,57.40946592,0,0,0,0,0,0
0,0,0,0,0,0,0,0,0,0,0,0,0,0,0,0,0,68.34105439,0,0,0,0,0,0
0,0,0,0,0,0,0,0,0,32.88075748,0,0,0,0,0,0,0,0,0,0,0,0,0,0
0,0,0,0,0,0,42.59457167,0,0,0,0,0,0,0,0,0,0,0,0,0,0,0,0,0
0,0,0,0,0,0,161.3745347,0,0,0,0,0,0,0,0,0,0,0,0,0,0,0,0,0
0,0,0,0,0,0,0,0,162.650538,0,11.58576525,0,0,0,0,0,0,0,0,0,0,0,0,0
0,0,0,0,0,0,0,0,0,0,0,0,147.6286026,0,0,0,0,0,0,0,0,0,149.0088969,0
0,0,0,0,0,0,0,0,0,0,0,0,0,0,0,0,0,0,0,48.94919737,0,0,0,0
0,0,0,0,0,0,0,0,0,0,0,0,0,0,64.11744844,0,0,0,0,0,0,0,0,0
0,0,0,0,0,0,0,0,34.05947618,0,0,0,0,0,0,0,0,0,0,0,141.9475438,0,0,0
0,0,72.16885959,0,0,15.80343591,0,0,0,0,0,0,0,0,0,0,0,0,0,124.265425,0,0,0,0
0,0,0,0,0,0,0,0,0,0,0,0,0,0,0,0,50.55164106,0,0,0,0,0,0,0
0,0,0,0,0,0,0,0,0,0,0,0,144.2544452,0,0,0,0,0,0,0,0,0,0,0
0,0,0,0,0,0,0,0,0,0,0,0,0,0,170.5987318,0,0,0,0,0,0,0,0,0
0,0,0,0,0,0,160.9254918,0,43.58018431,0,0,0,0,0,0,0,0,0,0,0,0,0,0,0
0,62.52022012,0,0,0,0,0,0,0,0,0,79.23729856,0,0,0,0,0,0,0,0,0,0,91.09014763,0
0,0,0,0,0,0,0,128.3394551,0,0,0,0,0,0,0,137.8492335,0,0,0,0,0,0,0,0
0,0,0,0,0,0,0,0,0,0,0,0,0,0,0,0,0,0,0.012139836,0,0,0,0,0
0,0,0,0,0,0,0,0,0,0,0,0,101.1925223,0,0,0,0,0,0,0,0,0,0,0
0,0,0,0,0,0,0,0,162.1087957,0,0,0,0,0,0,0,0,0,145.9858357,0,0,0,0,0
0,0,0,0,0,0,0,147.0908661,0,0,0,0,0,0,0,0,0,136.5416588,0,0,0,0,0,0
0,0,0,0,0,0,0,0,0,0,0,0,0,0,0,0,0,0,0,6.998914469,0,0,0,0
0,0,0,0,0,0,99.73615525,0,0,0,0,0,0,0,0,0,0,0,0,0,0,0,0,0
0,0,0,0,0,0,127.6503954,0,0,0,0,0,0,0,0,0,0,0,0,0,0,0,0,0
0,0,0,0,0,0,0,0,0,0,0,0,0,0,0,0,74.17690578,0,0,0,0,0,0,0
0,0,0,0,0,0,0,0,0,0,0,0,0,0,0,0.255050477,0,0,0,0,0,0,0,0
0,0,0,0,0,0,0,157.0445498,0,0,0,0,0,0,0,0,0,0,50.79343635,0,0,0,0,0
0,0,0,0,0,0,0,0,0,0,0,0,149.1972805,0,0,0,0,0,0,0,0,0,0,111.9984357
7.137673168,0,0,0,0,0,0,0,0,0,0,0,0,160.5346306,0,0,0,0,0,0,0,120.0409419,0,0
0,0,0,0,0,0,0,0,0,0,18.56163224,0,0,0,0,0,0,0,0,0,0,0,0,0
0,0,0,0,0,0,17.98330411,0,0,0,0,0,0,0,0,0,0,0,0,0,0,0,138.5810057,0
0,0,0,0,0,0,47.85988127,0,0,0,0,0,0,0,0,0,0,0,0,0,0,0,0,0
0,0,0,0,0,0,78.01888601,0,0,0,0,0,0,0,0,0,0,0,36.46172552,0,0,0,0,0
68.19422975,0,0,0,0,0,0,0,0,0,0,0,0,0,0,0,0,0,0,0,92.10836624,0,0,0
0,0,0,0,0,0,0,0,0,0,0,0,0,0,0,0,0,90.81838945,0,0,0,0,0,0
0,0,0,0,0,0,0,0,0,76.73188358,0,0,0,0,0,0,0,51.29432255,0,0,0,0,0,0
0,0,0,0,0,0,115.507401,0,72.08507088,0,0,0,0,0,0,0,0,0,0,0,0,0,0,0
0,0,0,0,0,0,0,0,0,159.1681655,0,0,0,0,0,0,0,0,0,0,0,0,0,95.46967559
0,0,0,0,0,0,0,0,0,0,0,0,0,0,50.63433806,0,0,0,0,0,0,0,0,0
0,0,0,0,0,0,0,0,0,0,75.34937533,0,0,0,0,0,0,0,0,0,0,0,0,0
0,0,0,0,0,0,0,0,0,166.1531997,0,0,0,0,0,27.04331291,0,0,0,0,0,0,0,0
0,0,0,0,0,0,0,53.50245141,0,0,0,0,0,0,0,0,0,0,0,0,0,0,0,0
0,0,0,0,0,0,0,0,0,0,0,0,86.51104104,0,0,0,0,0,0,0,0,0,0,0
0,0,0,0,0,0,0,0,0,0,0,117.9924545,0,0,0,0,0,0,0,0,0,0,0,0
0,0,0,0,0,0,0,0,0,0,0,0,0,20.38374056,0,0,0,0,0,0,0,0,0,0
0,0,0,0,0,0,0,0,0,0,0,0,0,74.33744374,0,0,0,0,0,0,0,0,42.89278811,0
0,0,0,0,0,0,0,0,0,0,0,0,0,0,14.18517296,0,0,0,0,0,0,0,0,0
0,0,0,0,0,0,0,0,0,0,0,36.87684666,0,0,0,0,0,0,0,0,0,0,0,0
0,0,0,0,0,0,0,0,0,0,0,0,0,0,0,0,0,0,6.10108672,0,0,0,0,0
0,0,0,0,0,0,152.4700121,0,0,0,0,0,0,0,0,0,0,0,0,0,0,0,0,0
0,0,0,0,0,0,0,0,95.7923065,0,0,0,0,0,0,0,0,0,0,0,0,0,40.17325298,0
0,0,0,0,0,0,0,128.7483185,0,0,0,0,0,141.5505599,0,0,0,0,0,0,0,0,0,0
0,0,0,0,0,0,0,0,0,0,0,0,0,0,114.6404716,0,0,0,0,0,0,0,0,0
0,0,0,0,0,0,0,0,0,0,0,0,0,0,0,0,46.74282032,0,0,0,0,0,0,0
0,0,0,0,0,0,0,0,0,0,0,53.80985013,0,0,0,0,0,0,0,0,0,0,0,0
0,0,0,0,0,0,0,0,0,0,0,0,0,110.0908152,0,0,0,0,0,0,0,0,0,0
0,0,0,0,0,0,0,0,0,0,0,0,0,0,0,0,127.8804769,0,0,0,0,0,0,56.29425647
0,0,0,0,0,0,0,105.9661654,0,0,0,0,0,0,0,0,0,0,0,0,0,0,58.17448014,0
0,0,0,0,0,0,0,0,0,118.5731672,0,0,0,0,0,0,0,0,0,0,0,0,0,0
0,0,0,0,0,0,0,158.7777551,0,0,0,0,0,0,0,0,0,0,85.6973554,0,0,0,0,0
0,0,0,0,0,0,0,0,0,81.95015402,0,0,0,0,0,0,0,0,0,24.13453706,0,0,0,0
0,0,0,0,0,41.01484719,0,0,0,0,0,0,0,0,0.432577756,0,0,0,0,0,0,0,0,0
0,0,0,0,0,0,0,0,0,0,0,123.3356164,0,0,0,0,0,0,0,0,0,0,0,77.77728043
0,0,0,0,0,0,0,68.43177644,0,0,0,0,0,0,0,0,0,0,0,0,0,0,0,0
0,0,0,0,0,0,0,0,0,0,0,0,0,0,99.99491905,0,0,0,0,0,0,0,0,0
0,0,0,0,0,0,0,0,0,97.66486871,0,0,0,0,0,0,0,0,0,0,0,0,0,0
0,0,0,0,0,0,0,0,0,0,82.68606953,0,0,0,0,0,0,0,163.5963626,0,0,0,0,0
0,0,0,0,0,0,85.13171643,0,0,0,0,0,0,0,0,99.82233207,0,0,0,0,0,0,0,0
0,0,0,0,0,0,0,0,0,0,133.71173,0,0,0,0,0,0,0,0,0,0,91.38250646,0,0
0,0,0,0,0,0,0,0,0,40.56378104,0,0,0,0,0,0,0,0,0,0,0,0,0,103.8235588
0,0,0,0,0,0,0,0,0,0,0,0,0,0,0,0,0,0,0,80.09196292,0,0,0,0
0,0,0,0,0,0,0,0,0,0,0,86.194917,0,68.93405882,0,0,0,0,0,0,150.1850444,0,0,0
0,0,0,0,0,0,0,0,0,0,0,0,62.72373834,0,0,0,0,0,0,133.4365663,0,0,0,0
0,0,0,0,0,0,0,0,0,65.27233167,0,0,0,0,0,0,0,0,0,0,124.8216669,0,0,0
0,0,0,0,0,0,0,0,0,0,0,166.2138107,0,0,0,0,0,0,0,0,0,0,0,0
0,0,0,0,0,0,0,0,93.16933452,0,0,0,0,0,0,0,0,0,0,0,0,0,0,0
0,0,0,0,0,0,0,0,0,0,0,0,132.1150522,0,0,0,0,0,0,45.8996156,0,0,0,0
0,0,0,0,0,0,0,0,0,142.9469526,0,0,0,0,0,0,0,0,0,0,0,0,137.0588371,0
0,0,0,0,0,0,0,0,0,0,0,0,0,0,57.14248659,0,0,0,0,0,0,0,0,0
162.4768152,0,146.8874189,0,0,0,0,0,0,0,0,0,125.2959056,0,0,0,0,0,0,0,0,0,0,0
0,0,0,0,0,0,0,0,0,0,0,0,94.20050798,0,0,0,0,0,0,0,143.5715878,0,0,0
0,0,0,0,0,0,0,134.0920865,0,0,0,0,0,0,0,78.52069989,0,0,0,0,0,0,0,0
0,0,0,0,0,0,0,0,0,0,155.026661,0,0,0,0,0,0,0,0,0,158.211647,0,0,0
0,0,0,0,0,0,0,0,0,150.5636126,0,0,0,0,0,0,0,0,0,0,0,0,0,0
0,0,0,0,0,0,0,0,0,0,0,0,0,0,157.970148,0,0,0,0,0,0,0,0,0
0,0,0,0,0,0,0,0,0,0,132.1826841,0,0,0,0,0,0,0,0,0,0,161.4070874,0,0
0,0,0,0,0,0,0,0,0,0,0,0,0,0,17.21018504,0,77.83112412,0,0,0,0,0,0,0
0,0,0,0,0,0,0,0,0,0,0,0,0,0,158.1273648,0,0,0,0,0,0,0,0,0
0,0,0,0,0,0.560767469,0,0,0,0,0,0,0,0,0,0,0,110.395552,0,122.582751,0,0,0,0
0,0,0,0,0,0,0,0,0,0,0,0,106.7313257,0,0,0,0,0,0,0,0,0,0,37.79174512
0,0,0,0,0,0,0,0,0,0,0,79.09770715,0,0,0,0,0,0,0,0,0,0,0,0
0,0,0,0,0,0,0,0,0,13.64694606,0,0,0,0,0,0,0,0,0,0,0,144.2396881,0,0
36.47267508,0,0,0,0,0,0,0,0,25.60063933,0,0,0,0,0,0,0,0,0,0,0,0,0,125.5963242
0,0,0,0,0,0,0,0,90.15397911,0,0,0,0,0,0,0,0,22.45945944,0,0,0,0,0,0
0,0,0,0,0,0,0,0,41.54687563,0,0,0,0,0,0,0,0,0,0,0,0,0,0,0
0,0,0,0,0,0,0,154.0882337,0,0,0,0,0,0,0,0,0,0,0,0,0,0,0,102.0942139
0,0,0,0,0,0,0,13.04587187,0,0,0,0,0,0,0,0,0,0,0,0,0,0,0,0
0,0,0,0,0,0,0,0,6.899281616,0,0,0,0,0,0,0,0,0,0,0,109.0958171,0,0,0
0,0,0,0,0,0,0,0,0,0,0,0,0,0,0,77.89001709,0,0,0,0,0,0,0,0
0,0,0,0,0,0,0,0,62.29909217,0,0,0,0,0,0,0,133.6547558,0,0,0,0,0,0,0
145.1164388,0,0,0,0,0,0,0,0,0,0,0,0,0,0,0,0,0,83.36722362,0,0,0,0,0
0,0,0,0,0,0,0,0,0,0,0,0,0,93.83314441,0,0,0,0,0,0,0,0,0,0
0,0,0,0,0,0,0,65.12311769,0,0,0,0,0,0,0,0,0,0,0,0,76.22736763,0,0,0
0,0,0,0,0,0,0,0,0,0,0,0,0,30.45018733,0,0,32.23845369,0,0,0,0,0,0,0
0,0,0,0,0,0,0,24.32538865,0,0,0,0,0,0,0,110.4001024,0,0,0,0,0,0,0,0
0,0,0,0,0,0,0,0,0,0,118.0322866,0,0,0,0,0,0,0,0,0,0,0,0,64.15524029
0,0,0,0,0,0,146.5774046,0,0,0,0,0,0,0,147.1636768,0,0,0,0,0,0,0,0,0
0,0,0,0,0,0,0,0,0,0,0,0,0,0,0,0,21.90410604,0,0,0,0,0,0,0
0,0,0,0,0,0,0,0,0,0,0,0,0,0,0,0,0,0,23.23060088,0,0,0,0,0
0,0,0,0,0,30.16101378,0,0,0,0,0,0,0,0,0,0,0,0,41.45547895,0,0,0,0,0
0,0,0,0,0,0,0,0,0,0,0,0,0,0,0,155.5539837,0,0,0,0,0,0,0,0
0,0,0,0,0,0,0,0,0,0,0,0,88.58732566,0,0,0,0,0,0,0,0,0,0,97.9498879
0,0,0,0,0,0,0,124.347654,0,0,0,0,0,0,0,0,0,0,0,0,0,0,0,125.9430898
0,0,0,0,0,0,0,0,0,0,157.4947645,0,0,0,0,0,0,0,0,0,0,0,0,0
0,0,0,0,0,0,0,0,0,0,0,0,0,0,0,0,0,107.4214864,0,0,0,0,0,0
0,0,0,0,0,0,0,49.31829914,0,0,0,0,0,0,0,0,0,0,0,0,0,0,0,115.765078
0,0,0,0,0,0,0,0,0,0,0,0,0,167.175566,0,18.35605079,0,0,0,0,0,0,0,0
0,0,0,0,0,0,156.4307018,0,0,0,0,0,0,0,0,0,0,0,0,0,0,0,0,0
0,0,0,0,0,0,0,0,0,0,0,0,0,0,148.7110443,0,0,0,0,0,0,0,0,0
0,0,0,0,0,0,0,0,0,0,0,0,0,0,0,143.0920098,0,0,0,0,0,0,0,59.11493821
0,0,0,0,0,0,0,0,0,159.6976401,0,0,0,0,0,0,0,0,0,0,0,0,0,0
0,0,0,0,0,0,0,0,0,48.52617687,0,0,0,0,0,0,0,0,0,67.7220345,0,0,0,0
0,0,0,0,0,0,0,0,0,0,0,0,0,0,0,0,0,3.119798014,0,0,0,0,0,0
0,0,0,0,0,0,0,0,64.56617791,0,0,0,0,0,0,0,0,0,0,0,0,0,0,0
0,0,0,0,0,0,0,139.6706508,0,0,0,0,0,0,0,0,0,0,0,0,0,0,0,0
0,0,0,0,0,0,0,0,66.08042574,0,0,0,0,0,0,0,0,0,0,0,0,0,0,0
0,0,0,0,0,0,0,0,31.58687024,0,0,0,0,0,0,0,0,0,0,0,0,0,0,0
0,0,0,0,0,0,0,0,0,0,0,0,0,9.331597241,0,0,0,0,0,0,0,0,0,0
0,0,0,0,0,0,0,0,0,0,0,0,87.94253135,0,0,0,0,0,0,0,0,0,0,0
0,0,0,0,0,0,113.3595685,0,0,0,0,0,0,0,0,61.18927375,0,0,0,0,0,0,0,0
0,0,0,0,0,0,0,0,0,0,0,0,0,0,0,0,0,38.17808471,0,0,0,0,0,0
0,0,0,0,0,0,0,0,162.6565398,0,0,0,0,0,0,0,0,0,0,0,0,95.43130103,0,0
0,0,0,0,32.76789404,0,0,0,0,0,0,0,0,0,0,80.03936806,0,0,148.9508147,0,0,0,0,0
0,0,0,0,0,0,0,0,0,0,0,0,0,0,0,0,89.26316642,0,0,0,0,0,0,0
0,0,0,0,0,0,0,0,0,0,0,0,0,0,0,0,0,40.92300707,0,128.0033466,0,0,0,0
0,0,0,0,0,0,0,0,0,0,0,0,0,0,41.54121377,0,0,0,0,0,0,0,0,0
0,0,0,0,0,0,0,0,0,0,0,0,0,0,11.82231349,0,0,0,0,0,0,0,0,0
0,0,0,0,0,0,0,0,0,13.87122413,0,0,0,46.75479831,0,114.106843,0,0,0,0,0,0,0,0
0,0,0,0,0,0,0,0,0,53.77972908,0,0,0,0,0,0,0,0,0,0,0,0,0,0
0,0,0,0,0,0,24.98359137,0,0,0,0,0,0,0,0,0,77.80007074,0,0,0,0,0,0,0
0,0,0,0,0,0,0,0,0,0,0,0,0,0,41.76631113,0,0,0,0,0,0,0,0,0
0,0,0,0,0,0,0,0,0,0,0,0,0,0,0,0.833241292,0,0,0,0,0,0,0,0
0,0,0,0,0,0,0,0,0,0,0,0,0,0,0,0,0,0,146.5823123,0,0,0,0,0
0,0,0,0,0,0,0,0,0,0,0,46.56988515,0,0,0,0,0,0,0,0,0,0,0,0
0,0,0,0,0,0,0,119.1251763,0,0,0,0,0,0,0,0,0,56.79550565,0,0,0,0,0,0
0,0,0,0,0,0,132.2099811,0,0,0,0,0,0,0,0,66.12126158,0,0,0,0,0,0,0,0
0,0,0,0,0,0,156.500397,0,0,0,0,0,0,0,0,0,0,0,0,0,0,0,113.7947433,0
0,0,0,0,0,0,0,0,0,0,0,0,0,0,0,0,0,0,0,95.9684712,0,0,0,0
0,0,0,0,0,0,10.76169786,0,0,0,0,0,0,0,0,0,0,0,0,0,13.86899332,0,0,0
0,0,0,0,0,0,0,0,0,0,0,0,0,0,0,0,45.99414336,0,0,0,0,0,0,0
0,0,0,0,0,0,127.2552174,0,0,0,0,0,0,0,0,0,0,0,0,0,0,0,0,0
0,0,0,0,0,0,148.3091503,0,0,0,0,0,0,0,0,0,0,0,0,0,0,88.48211234,0,0
0,0,0,0,0,0,0,0,0,0,0,136.4934309,0,0,0,0,0,0,0,0,0,0,0,0
0,0,0,0,0,0,0,0,0,0,0,0,0,0,0,102.5478396,0,0,0,0,0,0,0,0
0,0,0,0,0,0,0,0,0,0,0,0,0,0,0,13.44997331,0,0,0,0,0,0,0,30.24991439
0,0,0,0,0,0,0,0,0,0,0,0,0,80.43641462,0,0,0,0,0,0,0,0,0,0
0,0,0,0,0,0,0,0,0,0,0,0,0,0,0,0,0,11.25946132,0,0,0,0,0,0
0,0,0,0,0,0,0,0,0,0,22.59367169,0,0,0,0,0,0,0,0,0,0,0,0,0
0,0,0,0,0,0,0,0,163.7233963,0,0,0,0,0,0,0,0,0,0,67.85599382,0,0,0,0
0,0,0,0,0,0,0,0,0,0,46.01204994,0,0,0,0,0,0,0,0,0,0,26.27273237,0,0
0,0,0,0,0,0,123.9687328,0,0,0,0,0,0,0,58.11266102,0,0,0,0,0,0,0,0,0
0,0,0,0,0,0,0,0,0,0,0,0,0,0,0,64.06505602,0,0,0,0,0,0,0,117.1744501
0,0,0,0,0,0,0,117.951198,0,0,0,0,0,0,0,0,0,0,0,0,0,160.4856903,0,0
60.13160171,0,0,0,0,0,0,0,0,0,0,0,0,0,0,0,0,94.64477481,0,0,0,0,0,0
0,0,0,0,0,0,0,0,17.17491062,0,0,0,0,0,0,0,156.8027285,0,0,0,0,0,0,0
0,0,0,0,0,0,0,0,0,0,164.8592781,0,0,0,0,0,0,0,0,0,0,0,0,0
0,0,0,0,0,0,0,0,0,0,0,0,0,0,0,88.7460059,0,0,0,0,0,0,0,0
0,0,0,0,0,0,0,42.45204276,0,0,0,0,0,0,0,0,0,0,0,0,0,0,0,0
0,0,0,0,0,0,0,0,0,0,0,0,0,0,41.52615052,0,0,0,0,0,0,0,89.23270113,0
0,0,0,0,0,0,0,0,0,0,0,0,0,0,58.24021908,0,0,0,0,0,0,0,0,0
0,0,0,0,0,0,0,0,0,0,0,0,0,0,0,0,0,34.51307215,0,0,0,0,0,0
0,0,0,0,0,0,0,0,0,0,0,73.86828086,0,0,0,0,0,0,158.1766535,0,0,0,0,0
0,0,0,0,0,0,0,0,0,0,0,0,0,0,0,0,0,0,28.60126004,0,0,0,0,0
0,0,0,0,0,0,0,0,0,153.2151947,0,0,0,0,0,0,0,0,0,0,0,0,0,0
0,0,0,0,0,0,0,0,0,0,0,0,0,0,75.88238694,0,0,0,0,0,0,0,0,0
0,0,0,0,0,0,0,0,0,118.5866051,0,0,0,0,0,0,0,0,0,0,0,0,0,0
0,0,0,0,0,0,0,160.4333844,0,0,0,0,0,0,0,0,0,0,0,0,83.07452458,0,0,0
0,0,0,0,0,0,0,0,0,0,0,0,107.9460174,0,0,0,0,0,0,0,0,9.410449793,0,0
0,0,0,0,0,0,0,0,0,6.36502196,0,0,0,0,0,0,0,0,0,0,0,0,160.3615801,0
0,0,0,0,0,0,0,0,0,0,0,0,0,137.0812267,0,0,0,0,0,0,0,0,0,0
0,0,0,0,0,0,0,0,0,56.06158912,0,137.4039423,0,0,0,0,0,0,0,0,0,0,0,0
0,0,0,0,0,0,0,0,0,0,0,0,0,0,0,0,0,36.72775037,0,0,0,0,0,0
0,0,0,0,0,0,0,0,0,0,92.53850636,0,0,0,0,0,0,0,0,0,0,122.8108427,0,0
0,0,0,0,0,0,0,0,0,0,132.5770692,0,0,0,0,0,0,0,0,0,0,0,0,22.36513986
112.2035791,0,0,0,0,0,0,0,0,0,0,0,0,0,0,0,0,58.01537087,0,0,0,0,0,0
0,164.3738588,0,0,0,0,0,0,0,0,0,69.43296431,0,0,0,0,0,0,0,0,5.490582783,0,0,0
0,0,0,0,0,0,0,0,136.1157088,0,0,0,0,0,0,0,0,0,0,0,0,0,0,0
0,0,0,0,0,165.6442718,0,116.2859485,0,0,0,0,0,0,0,0,0,0,0,0,0,0,0,0
0,0,0,0,0,0,0,0,0,0,0,0,0,0,0,0,0,0,155.6140496,0,0,0,0,0
159.3852605,0,0,0,0,0,0,0,0,0,0,0,0,0,0,0,0,0,165.1187688,0,0,0,0,0
0,0,0,0,0,0,0,0,0,0,57.5629533,0,0,0,0,0,0,0,0,0,0,0,0,0
0,0,0,0,0,0,0,0,0,0,0,0,0,0,108.8825268,0,0,0,0,0,0,0,0,0
0,0,0,0,0,0,0,0,104.7194638,0,0,0,0,0,0,0,0,13.1183274,0,0,0,0,0,0
0,0,0,0,0,0,0,0,0,0,0,0,0,0,108.6028227,0,0,0,0,0,0,0,0,0
97.07754803,0,0,0,0,0,0,0,21.27818838,0,0,0,0,0,0,0,0,0,0,0,0,0,0,0
0,0,0,0,0,0,0,0,0,0,0,4.287231235,0,0,0,0,0,0,0,0,0,0,0,0
0,0,0,0,0,0,0,0,8.879668833,0,0,0,0,0,0,0,0,0,0,0,0,0,0,0
0,0,0,0,0,0,0,117.8833115,0,0,0,0,0,0,0,0,0,0,0,0,0,0,0,0
0,0,0,0,0,65.08324621,0,0,0,0,0,0,0,0,0,161.9625439,0,0,0,0,0,0,0,0
0,0,0,0,0,0,0,0,0,0,110.1466883,0,0,0,0,0,0,0,0,0,118.8909252,0,0,0
0,0,0,0,0,0,0,166.844761,0,0,0,0,0,0,0,0,0,0,0,0,0,0,0,0
0,0,0,0,0,0,0,0,34.99283307,0,0,31.99854125,0,0,0,0,0,0,0,0,0,0,0,0
0,0,0,0,0,0,0,0,0,0,0,0,64.43675013,0,75.78588702,0,0,0,0,0,0,0,15.11830605,0
0,0,0,0,0,135.4648747,0,0,0,0,0,0,0,57.47165511,0,0,0,0,0,0,0,0,0,0
0,0,0,0,0,0,0,0,0,0,135.8591303,0,0,0,0,0,0,0,112.2132005,0,0,0,0,0
0,0,0,0,0,0,0,0,0,0,10.19517585,0,0,0,0,0,0,0,0,0,0,0,0,0
0,0,0,0,0,0,103.4700559,0,0,0,0,0,0,0,0,0,0,0,0,0,0,49.15323688,0,0
0,0,0,0,0,0,0,8.299583199,0,0,0,0,0,0,0,0,0,0,0,0,0,0,0,0
0,0,0,0,0,0,0,0,0,0,143.9949239,0,0,0,0,0,0,0,0,0,0,0,0,0
0,0,0,0,0,0,0,0,0,0,0,0,0,110.7652063,0,0,0,0,0,0,0,0,0,38.4252196
0,0,0,0,0,0,0,0,0,0,0,0,0,152.4297023,0,0,0,0,0,0,0,0,149.1778481,0
0,0,0,0,0,0,0,0,0,0,0,0,0,69.2066691,0,0,0,42.01177871,0,0,0,0,0,0
110.0550764,0,0,0,0,0,0,0,0,0,0,0,0,0,0,0,0,0,0,0,131.2110174,0,0,0
0,0,0,0,0,0,0,0,0,0,0,0,0,49.599799,0,0,0,0,0,0,36.99554848,0,0,0
0,0,0,0,0,0,0,0,0,0,0,0,0,0,0,94.3208452,0,0,0,0,0,0,0,0
0,0,0,0,0,150.9010883,0,0,0,0,0,0,0,0,137.0124764,0,0,0,0,0,0,0,0,0
0,0,0,0,0,0,0,0,38.77419535,0,0,0,0,0,0,0,0,0,0,0,0,0,0,0
0,0,0,0,0,0,0,0,0,0,0,0,0,0,0,123.4249012,0,0,0,0,0,0,0,0
0,0,0,0,0,0,0,0,144.6149987,0,0,0,0,0,0,0,0,0,0,0,0,0,0,119.6505993
0,0,0,0,0,0,0,0,0,0,0,0,0,0,0,0,65.05016558,0,0,0,0,0,0,0
0,0,0,0,0,0,0,0,0,0,0,0,0,0,0,0,0,0,0,9.152332661,0,0,0,0
0,0,0,0,0,0,0,0,0,0,0,0,0,0,0,0,0,0,0,44.54119199,0,0,0,0
0,0,0,0,0,0,0,0,0,0,0,0,15.90578966,0,0,0,0,0,0,0,0,0,0,0
0,0,0,0,0,0,0,0,0,100.4206675,0,0,0,0,0,0,0,0,0,0,0,0,0,6.282131761
0,0,0,0,0,0,0,0,0,0,0,0,0,0,0,0,0,0,0,77.8502467,0,0,0,0
0,0,0,0,0,0,0,0,0,0,0,0,0,108.4384198,0,0,0,0,0,0,0,0,14.44705478,0
0,0,0,0,0,0,0,0,0,0,0,0,0,0,0,0,0,131.1912154,0,0,0,0,0,0
0,0,0,0,0,0,0,0,0,0,0,0,0,0,167.0222841,0,0,0,0,0,0,0,139.4539953,0
0,0,0,0,0,0,0,0,0,0,0,0,0,0,0,53.82784376,0,0,0,0,0,0,0,0
0,0,0,0,0,0,0,0,0,0,0,0,0,0,0,0,0,115.820385,0,0,0,0,0,0
0,0,0,0,0,0,0,0,0,0,0,0,0,95.7193141,0,0,0,0,0,0,0,0,0,0
0,0,0,0,0,0,0,0,0,0,0,0,0,0,0,0,0,76.17635994,0,0,0,0,0,0
0,0,0,0,0,0,0,155.8024449,0,0,0,0,0,0,0,0,152.8946832,0,0,0,0,0,0,0
0,0,0,0,0,0,0,0,0,0,0,0,0,0,0,0,1.632285999,0,0,0,0,0,0,0
0,0,0,0,0,0,0,0,0,0,0,0,0,77.18160059,0,0,0,0,0,0,0,56.69958166,0,0
0,0,0,0,0,0,0,0,0,0,0,133.324677,0,0,0,0,0,0,0,0,0,0,0,0
0,0,0,0,0,0,0,0,0,0,0,0,0,0,160.342674,0,0,0,0,0,0,0,93.96610787,0
0,0,0,0,0,0,0,0,0,0,44.99591145,0,0,0,0,0,0,0,0,0,118.361936,0,0,0
0,0,0,0,0,0,0,0,0,0,134.1622974,0,0,0,0,0,0,0,39.14283536,0,0,0,0,0
0,0,0,0,0,0,0,57.38316288,0,0,0,0,0,0,0,0,0,0,72.57605249,0,0,0,0,0
0,0,0,0,0,0,0,0,0,0,0,0,0,137.8087093,0,0,0,0,0,0,0,0,0,46.45446053
0,0,0,0,0,0,0,0,0,0,0,0,0,0,0,0,0,0,0,94.23891748,0,0,0,0
0,0,0,0,0,0,0,0,0,0,0,0,0,0,0,0,42.07052602,0,0,0,0,0,0,0
0,0,0,0,0,0,0,0,0,0,0,0,43.62013344,0,0,0,0,0,0,0,0,0,0,101.7904715
0,0,0,0,0,0,0,0,0,0,0,0,0,0,0,122.8014763,0,0,0,0,0,0,0,0
0,0,0,0,0,0,0,0,0,0,97.5062822,0,0,0,0,0,0,0,0,0,0,0,0,0
0,0,0,0,0,0,0,113.9003554,0,0,0,0,0,0,0,0,136.8669446,0,0,0,0,0,0,0
0,0,0,0,0,0,0,0,0,0,0,0,0,0,0,121.6523685,0,0,103.6908502,0,0,0,0,0
0,0,0,0,0,0,0,0,12.01317384,0,0,0,0,0,0,0,0,0,0,0,0,0,0,0
0,0,0,0,0,0,0,0,0,0,0,0,143.5720501,0,0,0,0,0,0,0,0,0,0,0
0,0,0,0,0,0,0,0,0,0,41.78956135,0,162.6129121,0,0,0,0,0,0,0,63.30440382,0,0,0
0,0,0,0,0,0,0,0,0,0,115.9714216,0,0,0,0,0,0,79.94553031,0,0,0,0,0,0
0,0,0,0,0,0,0,0,54.98472966,0,0,0,0,0,0,0,0,0,0,110.4656931,0,0,0,0
0,0,0,0,0,0,0,0,0,0,0,0,0,0,0,54.70873032,0,0,0,0,0,0,0,0
0,0,0,0,0,0,0,166.7995492,0,0,0,0,0,0,0,0,0,24.44055911,0,0,0,0,0,0
0,0,0,0,0,0,0,0,0,0,45.36875187,0,0,0,0,0,0,0,0,0,0,0,0,0
0,0,0,0,0,0,0,0,0,0,0,89.39432993,0,0,0,0,0,0,0,68.68721813,0,0,0,0
0,0,0,0,0,0,0,0,0,0,0,0,0,0,0,0,0,0,0,52.78121854,0,0,0,0
0,0,0,0,0,0,0,0,0,0,0,0,109.7162444,0,0,0,0,0,0,0,13.84794985,0,0,0
0,0,0,0,0,0,0,44.9928711,0,0,0,0,0,0,0,0,0,0,0,0,0,0,134.8705258,0
0,0,0,0,0,0,0,0,0,0,0,0,0,0,0,0,113.6929976,0,0,0,0,0,0,0
0,0,0,0,0,0,0,0,132.4647817,0,0,0,0,0,0,0,0,0,0,4.250969939,0,0,0,0
0,0,0,0,0,0,0,0,0,0,0,0,0,0,148.1914619,0,0,0,0,0,0,0,0,0
0,0,0,0,0,0,0,0,0,0,0,0,74.37587704,0,0,0,0,0,0,0,0,0,0,0
0,0,0,0,0,0,0,0,151.7489528,0,0,0,0,0,0,0,0,0,0,0,0,0,0,0
0,0,88.39473463,0,0,0,0,0,0,128.1956017,0,0,0,0,0,0,0,0,0,0,0,0,0,0
0,0,0,0,0,0,0,0,0,101.9305697,0,0,0,0,0,0,0,0,0,0,0,0,98.69335202,0
0,0,0,0,0,0,0,0,117.9298808,0,0,0,0,0,0,0,0,0,0,0,0,0,0,0
0,0,0,0,0,0,0,0,0,0,0,0,0,153.9897096,0,0,0,0,0,0,0,0,0,0
0,0,0,0,0,0,0,0,0,0,48.01414776,0,0,0,0,0,0,0,0,0,0,72.64084184,0,0
0,0,0,0,0,148.8817236,0,0,0,0,0,0,0,0,0,0,0,0,0,0,0,0,0,0
0,0,0,0,0,0,0,0,0,0,0,0,0,0,18.28633709,0,0,0,0,0,0,0,0,0
0,0,0,0,0,0,0,0,0,0,0,0,0,0,0,0,150.3956106,0,0,0,0,0,0,0
0,0,0,0,0,0,0,0,109.7871195,0,0,0,0,0,0,0,0,0,0,130.6740959,0,0,0,0
0,0,0,0,0,0,0,0,0,0,0,0,79.22932891,0,0,0,0,0,0,0,0,0,0,0
0,0,0,0,0,0,0,0,0,0,0,0,0,0,24.01186008,0,0,0,0,0,0,0,0,0
0,0,0,0,0,0,0,0,0,0,0,0,0,0,0,0,0,167.9132352,0,0,0,0,0,0
0,0,0,0,0,0,0,0,0,0,0,0,0,0,0,0,0,3.84224876,0,0,0,0,0,0
0,0,0,0,0,88.60359412,0,0,0,0,0,0,166.9790639,0,0,0,0,0,0,0,0,0,0,0
0,0,0,0,0,0,0,0,52.51501177,0,0,0,0,0,0,0,0,0,0,0,0,0,0,125.6263716
0,0,0,0,0,0,0,0,0,0,0,138.8895714,0,0,0,0,0,0,0,0,0,0,0,0
0,0,0,0,0,0,0,0,0,0,0,0,104.5799925,0,0,0,0,0,0,0,0,82.12510238,0,0
0,0,0,0,0,0,0,0,0,0,0,123.3294061,0,0,0,0,0,0,0,0,0,0,0,0
0,0,0,0,0,0,0,0,0,0,0,0,0,0,0,0,82.18009173,0,0,54.28552738,0,0,0,0
0,0,0,0,0,0,0,0,149.4906767,0,0,0,0,0,0,0,0,0,0,0,92.67906048,0,0,0
0,0,0,0,0,0,0,0,0,0,0,0,0,0,0,0,0,161.5924057,0,128.9074042,0,0,0,0
0,0,0,0,0,0,37.85750615,0,0,0,0,0,0,0,0,0,0,0,0,120.546771,0,0,31.59016465,0
0,104.869962,0,0,0,0,0,0,0,0,0,0,0,0,0,0,0,0,164.6995893,0,0,0,0,0
0,0,0,0,0,0,0,0,57.42768252,0,0,0,0,0,0,0,0,0,0,83.18398301,0,0,0,0
0,0,0,0,0,0,0,0,0,59.69887459,0,0,0,0,0,0,28.48453129,0,0,0,0,0,0,0
0,0,0,0,0,0,0,0,162.4985198,0,0,0,0,0,0,0,0,0,0,125.8093671,0,0,0,0
0,0,0,0,0,0,0,0,0,0,0,0,0,0,140.4924228,0,0,0,0,0,0,0,0,0
0,0,0,0,0,0,0,0,0,0,0,0,0,0,0,0,0,0,60.56649347,0,0,0,0,0
0,165.5712415,0,0,0,0,0,0,0,0,0,0,0,0,0,0,0,0,0,0,0,59.72436575,0,0
0,0,0,0,0,0,0,65.84646836,0,0,0,0,0,0,1.97211332,0,0,0,0,0,0,0,0,0
0,0,0,0,0,0,25.50055837,0,0,0,0,0,0,0,0,0,0,0,0,111.7785784,0,0,0,0
0,0,0,0,0,0,0,0,0,0,0,24.35229318,0,0,0,0,0,0,0,0,0,0,0,144.3802473
0,0,0,0,0,0,0,0,0,0,0,0,0,0,163.3672553,0,0,0,0,0,0,0,0,0
0,0,0,0,0,0,0,0,0,0,0,0,105.6059096,0,0,0,0,0,0,0,0,52.09983981,0,0
0,0,0,0,0,0,0,0,0,0,0,0,33.8571225,0,0,0,0,0,0,0,0,0,0,0
0,0,0,0,0,0,0,0,0,7.209388246,0,0,0,0,0,0,0,0,0,0,0,0,0,0
0,0,0,0,0,0,0,0,0,0,0,0,129.4646962,0,0,0,0,0,0,0,121.54283,0,0,0
0,0,0,0,0,0,0,0,0,0,0,0,0,0,0,156.9499095,0,146.3828902,0,0,0,0,0,0
0,0,0,0,0,0,0,0,0,0,0,0,120.3066195,0,0,0,0,0,0,0,0,119.7442336,0,0
0,0,0,0,0,0,129.1750167,0,0,0,0,0,0,0,0,0,0,0,0,8.021013543,0,0,0,0
0,0,0,0,0,0,0,0,0,0,0,0,0,0,0,0,0,136.8589557,0,0,0,0,0,0
0,0,0,0,0,0,0,13.03007849,0,0,0,0,0,0,0,0,166.3692643,0,0,0,0,0,0,0
0,0,0,0,0,0,94.52770149,0,0,0,0,0,0,0,0,0,81.7770036,0,0,0,0,0,0,0
0,0,0,0,0,0,0,0,0,0,81.7707071,0,0,0,0,0,0,0,0,0,0,0,0,157.4159063
141.712302,0,0,0,0,0,0,0,0,0,0,0,0,0,0,0,0,147.8906749,0,0,0,0,0,0
0,0,0,0,0,0,0,0,0,0,0,0,0,0,0,94.03498313,0,0,0,0,0,0,0,0
0,0,0,0,0,0,0,1.169401831,0,0,0,0,0,0,0,0,0,0,0,0,0,0,0,108.9808961
0,0,0,0,0,0,0,0,0,94.31928352,0,0,0,0,0,0,0,0,0,0,0,0,0,0
0,0,0,0,0,0,0,0,0,160.1137884,0,0,0,0,0,0,0,0,0,0,0,0,0,0
0,0,0,0,0,0,0,0,0,0,0,0,2.961854552,0,0,0,0,0,0,0,0,0,0,0
0,0,0,0,0,0,0,0,0,0,0,0,0,0,0.255282168,0,0,0,0,0,162.8431893,0,0,0
0,0,0,0,0,0,0,0,0,0,0,0,5.350986315,0,0,0,0,0,0,0,0,0,0,158.4486762
0,0,0,0,0,0,0,0,0,0,0,0,0,59.15274679,0,0,0,0,0,0,0,0,156.5312988,0
0,0,0,0,0,0,0,0,0,0,0,163.6910909,0,0,0,0,0,0,0,0,0,0,0,0
0,0,0,0,0,0,0,0,0,0,0,0,0,0,0,0,112.336302,0,0,0,0,0,0,0
51.67468647,0,0,0,0,0,0,0,0,0,0,0,0,0,0,0,12.75925102,0,0,0,0,0,0,0
0,0,0,0,0,0,0,0,0,0,0,0,0,0,0,127.2410569,0,0,0,0,0,0,0,28.54043556
0,0,0,0,0,0,0,0,0,0,0,0,0,0,0,0,0,97.13027062,0,0,0,0,0,0
0,0,0,0,0,0,0,0,0,0,0,0,0,0,0,0,146.6071651,0,0,0,0,0,0,0
0,0,0,0,0,0,0,0,0,0,0,0,0,0,0,0,0,141.4277532,0,0,0,0,0,0
0,0,0,0,0,0,0,157.7541645,0,0,0,0,0,0,0,127.0690259,0,0,0,0,0,0,0,0
0,0,0,0,0,0,0,0,0,0,0,0,0,0,29.47210224,0,0,0,0,0,0,0,0,0
0,0,0,0,0,0,0,0,0,0,0,66.12463519,0,0,0,0,0,0,0,0,0,0,0,0
0,0,0,0,0,0,0,0,0,0,0,0,0,0,0,0,0,0,0,17.70433689,0,0,0,0
0,0,0,0,0,0,0,0,0,0,0,0,0,0,168.418905,0,0,0,0,0,0,0,0,0
0,0,0,0,0,0,0,0,0,0,0,17.2387996,0,0,0,0,0,0,0,0,0,0,0,0
65.79957563,0,0,0,0,0,0,0,0,0,159.0788481,0,0,0,0,0,0,0,0,0,0,0,0,0
0,0,0,0,0,0,0,0,124.9564142,0,0,0,0,0,0,0,0,0,0,0,65.39142589,0,60.0616504,0
131.2833473,0,0,0,0,0,0,0,0,127.9932588,0,0,0,0,0,0,0,0,73.13429348,0,61.79114372,0,0,0
0,0,0,0,0,0,0,0,132.6486669,0,0,0,0,0,0,0,0,0,0,0,0,0,0,0
0,0,0,0,0,0,0,10.37628349,0,0,0,0,0,0,0,0,0,0,0,0,157.6838819,0,0,0
0,0,0,0,0,0,0,143.4576423,0,0,0,0,0,0,0,0,138.7576729,0,0,0,0,0,0,0
0,0,0,0,0,0,0,0,60.01953501,0,0,0,0,0,0,0,0,0,0,0,0,0,0,140.2836974
0,0,0,0,0,0,0,0,103.6076419,0,0,0,0,0,0,0,0,0,0,0,0,0,0,0
0,0,0,0,0,0,0,0,0,0,0,0,0,25.31473852,0,0,0,0,0,0,0,0,0,0
0,0,0,0,0,0,0,0,0,0,0,0,0,0,0,0,0,142.2069824,0,0,0,0,0,0
0,0,0,0,0,0,0,0,167.3573627,0,0,0,0,0,0,0,0,0,0,0,0,0,0,0
0,35.65083589,0,0,0,0,0,0,145.3609753,0,0,0,0,0,0,0,0,0,0,0,0,0,0,0
0,0,0,0,0,0,0,0,0,0,0,0,0,0,0,0,0,0,8.133763737,0,115.1583929,0,0,0
0,0,0,0,0,0,0,0,127.9043209,0,0,0,0,0,0,0,15.03145113,0,0,0,0,0,0,0
0,0,0,0,0,0,0,0,0,0,0,0,0,0,0,0,34.76612148,0,0,0,0,0,0,0
0,0,0,0,0,0,0,0,0,0,0,0,0,117.2585388,0,0,0,0,0,0,72.11326014,0,0,0
0,0,0,0,0,0,69.79969166,0,0,0,0,0,0,0,9.271542777,0,0,0,0,0,0,0,0,0
0,0,0,0,0,0,0,0,39.17513067,0,0,0,0,0,0,0,121.2016475,0,0,0,0,0,0,0
