,Hora,Calefactor,Aire,Ventilador,Secadora,Lavatrastes,Estufa,Microondas,Lavadora,Refrigerador,Foco,Dia
0,0.0,0.0,0.0,0.0,0.0,0.0,0.0,0.0,895.5,0.0,0.0,1
1,1.0,0.0,0.0,0.0,0.0,0.0,0.0,0.0,895.5,0.0,0.0,1
2,2.0,0.0,0.0,0.0,0.0,0.0,0.0,0.0,0.0,2861.7,0.0,1
3,3.0,0.0,0.0,0.0,0.0,827.1010728363536,1425.0,1171.4434527095614,0.0,0.0,0.0,1
4,4.0,0.0,0.0,0.0,0.0,0.0,0.0,0.0,0.0,0.0,0.0,1
5,5.0,0.0,0.0,0.0,0.0,0.0,0.0,0.0,0.0,2861.7,10.5,1
6,6.0,0.0,0.0,0.0,0.0,0.0,0.0,0.0,0.0,0.0,0.0,1
7,7.0,1254.36,0.0,0.0,0.0,951.0202573184705,1425.0,0.0,0.0,2861.7,10.5,1
8,8.0,1254.36,0.0,215.0,0.0,0.0,0.0,0.0,0.0,0.0,0.0,1
9,9.0,622.6560653,0.0,215.0,0.0,0.0,0.0,0.0,0.0,2861.7,10.5,1
10,10.0,0.0,0.0,13.4489897,0.0,0.0,1425.0,0.0,895.5,2861.7,10.5,1
11,11.0,0.0,0.0,0.0,0.0,0.0,1425.0,0.0,895.5,0.0,0.0,1
12,12.0,0.0,0.0,0.0,0.0,948.9982484473719,1425.0,0.0,895.5,0.0,0.0,1
13,13.0,0.0,0.0,0.0,0.0,971.6107015252395,1425.0,1154.2137748417758,0.0,2861.7,10.5,1
14,14.0,0.0,0.0,0.0,0.0,0.0,0.0,0.0,0.0,2861.7,0.0,1
15,15.0,0.0,0.0,0.0,0.0,0.0,0.0,1216.0625591507599,0.0,0.0,0.0,1
16,16.0,0.0,0.0,0.0,273.9620057,0.0,0.0,0.0,895.5,2861.7,0.0,1
17,17.0,0.0,1299.65,0.0,0.0,0.0,0.0,0.0,895.5,0.0,0.0,1
18,18.0,1254.36,1299.65,0.0,0.0,0.0,0.0,1136.8179171458683,0.0,0.0,0.0,1
19,19.0,453.0622563,63.42939984,0.0,0.0,0.0,1425.0,0.0,0.0,2861.7,10.5,1
20,20.0,0.0,0.0,0.0,0.0,0.0,0.0,0.0,895.5,2861.7,0.0,1
21,21.0,0.0,0.0,0.0,0.0,1014.4267783749361,1425.0,0.0,895.5,2861.7,10.5,1
22,22.0,0.0,0.0,0.0,0.0,937.4151638557221,1425.0,1203.0362830238566,895.5,2861.7,0.0,1
23,23.0,0.0,0.0,0.0,0.0,870.7642091392463,1425.0,0.0,895.5,0.0,0.0,1
0,0.0,0.0,0.0,0.0,0.0,0.0,0.0,0.0,0.0,0.0,0.0,2
1,1.0,0.0,0.0,0.0,0.0,1039.688069738763,1425.0,0.0,0.0,2861.7,10.5,2
2,2.0,0.0,0.0,0.0,0.0,0.0,0.0,0.0,0.0,0.0,10.5,2
3,3.0,0.0,0.0,0.0,0.0,0.0,0.0,0.0,0.0,0.0,0.0,2
4,4.0,0.0,0.0,0.0,0.0,0.0,0.0,0.0,0.0,0.0,0.0,2
5,5.0,0.0,0.0,0.0,0.0,0.0,1425.0,0.0,0.0,2861.7,0.0,2
6,6.0,0.0,0.0,0.0,0.0,0.0,0.0,0.0,895.5,0.0,10.5,2
7,7.0,0.0,0.0,0.0,0.0,891.1733197765979,0.0,1169.6215254527365,0.0,0.0,0.0,2
8,8.0,0.0,0.0,0.0,0.0,0.0,1425.0,1115.4728890633046,895.5,0.0,10.5,2
9,9.0,0.0,0.0,215.0,0.0,0.0,0.0,0.0,0.0,0.0,0.0,2
10,10.0,0.0,0.0,215.0,0.0,0.0,0.0,1235.6011504729138,0.0,2861.7,0.0,2
11,11.0,0.0,0.0,127.03308490000002,0.0,0.0,0.0,0.0,895.5,2861.7,0.0,2
12,12.0,0.0,0.0,0.0,0.0,0.0,0.0,0.0,895.5,2861.7,10.5,2
13,13.0,0.0,0.0,0.0,0.0,0.0,0.0,0.0,0.0,0.0,0.0,2
14,14.0,0.0,1299.65,0.0,509.091591,0.0,0.0,0.0,0.0,0.0,0.0,2
15,15.0,0.0,235.526006,0.0,0.0,0.0,0.0,0.0,895.5,2861.7,0.0,2
16,16.0,0.0,0.0,0.0,0.0,868.8645485013312,0.0,0.0,0.0,0.0,0.0,2
17,17.0,0.0,0.0,0.0,0.0,0.0,0.0,0.0,0.0,0.0,10.5,2
18,18.0,0.0,0.0,0.0,0.0,0.0,0.0,0.0,895.5,0.0,0.0,2
19,19.0,1254.36,0.0,0.0,0.0,919.3771581440924,1425.0,0.0,0.0,0.0,0.0,2
20,20.0,719.7492687000001,0.0,0.0,0.0,0.0,0.0,0.0,0.0,0.0,10.5,2
21,21.0,0.0,0.0,0.0,0.0,0.0,1425.0,1123.4865093031021,0.0,0.0,0.0,2
22,22.0,0.0,0.0,0.0,0.0,0.0,1425.0,1139.7399040228634,0.0,0.0,0.0,2
23,23.0,0.0,0.0,86.16386339,0.0,0.0,1425.0,0.0,0.0,0.0,0.0,2
0,0.0,1254.36,0.0,0.0,0.0,0.0,0.0,0.0,0.0,0.0,0.0,3
1,1.0,1254.36,0.0,0.0,0.0,0.0,1425.0,1171.6498512670737,0.0,2861.7,10.5,3
2,2.0,166.4316091,0.0,0.0,0.0,0.0,1425.0,1137.186940517054,0.0,0.0,0.0,3
3,3.0,0.0,0.0,0.0,0.0,0.0,0.0,0.0,0.0,0.0,0.0,3
4,4.0,0.0,0.0,0.0,0.0,0.0,0.0,0.0,0.0,2861.7,0.0,3
5,5.0,0.0,0.0,0.0,0.0,0.0,0.0,0.0,0.0,2861.7,0.0,3
6,6.0,0.0,0.0,0.0,0.0,0.0,0.0,0.0,0.0,0.0,0.0,3
7,7.0,0.0,0.0,0.0,0.0,818.2040152684739,1425.0,0.0,0.0,0.0,0.0,3
8,8.0,0.0,0.0,0.0,0.0,957.4542062541171,1425.0,0.0,0.0,2861.7,0.0,3
9,9.0,0.0,0.0,0.0,994.9593779,0.0,0.0,1237.150881583032,0.0,0.0,0.0,3
10,10.0,0.0,0.0,0.0,0.0,942.0849145742861,0.0,1114.2236465028366,0.0,0.0,0.0,3
11,11.0,0.0,0.0,0.0,0.0,0.0,1425.0,0.0,0.0,0.0,0.0,3
12,12.0,0.0,0.0,0.0,0.0,0.0,0.0,0.0,0.0,0.0,0.0,3
13,13.0,0.0,0.0,177.4929654,0.0,0.0,0.0,1155.5717172459772,895.5,0.0,10.5,3
14,14.0,0.0,0.0,0.0,0.0,0.0,0.0,0.0,895.5,0.0,10.5,3
15,15.0,0.0,0.0,0.0,0.0,0.0,1425.0,1145.5942522943462,895.5,0.0,0.0,3
16,16.0,0.0,52.75929788,0.0,0.0,0.0,0.0,0.0,895.5,2861.7,0.0,3
17,17.0,0.0,0.0,0.0,0.0,0.0,0.0,0.0,0.0,0.0,10.5,3
18,18.0,0.0,0.0,0.0,0.0,830.92763854917,0.0,0.0,895.5,2861.7,0.0,3
19,19.0,0.0,0.0,0.0,0.0,0.0,0.0,0.0,895.5,2861.7,10.5,3
20,20.0,0.0,0.0,0.0,0.0,0.0,0.0,0.0,0.0,0.0,0.0,3
21,21.0,1254.36,0.0,0.0,0.0,925.9962023472855,0.0,1101.451145856567,895.5,2861.7,10.5,3
22,22.0,1254.36,0.0,0.0,1194.473824,0.0,0.0,0.0,0.0,0.0,10.5,3
23,23.0,1254.36,0.0,0.0,0.0,966.5854514949193,1425.0,0.0,0.0,2861.7,10.5,3
0,0.0,0.0,0.0,0.0,0.0,804.8680920373863,0.0,1130.5205643811196,895.5,0.0,10.5,4
1,1.0,0.0,0.0,0.0,0.0,0.0,0.0,0.0,0.0,0.0,10.5,4
2,2.0,0.0,0.0,0.0,0.0,0.0,0.0,0.0,895.5,0.0,0.0,4
3,3.0,0.0,0.0,0.0,0.0,0.0,0.0,0.0,0.0,2861.7,0.0,4
4,4.0,0.0,0.0,0.0,0.0,960.6951530658416,1425.0,0.0,0.0,2861.7,10.5,4
5,5.0,0.0,0.0,0.0,0.0,1070.5071065659076,0.0,0.0,895.5,2861.7,0.0,4
6,6.0,0.0,0.0,0.0,0.0,0.0,0.0,0.0,895.5,2861.7,10.5,4
7,7.0,661.3121811000002,0.0,0.0,0.0,0.0,1425.0,1100.723196118673,0.0,0.0,0.0,4
8,8.0,0.0,0.0,0.0,0.0,0.0,0.0,0.0,0.0,0.0,0.0,4
9,9.0,0.0,0.0,0.0,0.0,0.0,0.0,0.0,0.0,0.0,0.0,4
10,10.0,0.0,0.0,0.0,0.0,0.0,0.0,0.0,0.0,0.0,0.0,4
11,11.0,0.0,0.0,0.0,0.0,0.0,0.0,0.0,895.5,0.0,10.5,4
12,12.0,0.0,0.0,0.0,0.0,0.0,1425.0,1141.2995534274155,0.0,0.0,0.0,4
13,13.0,0.0,1299.65,215.0,0.0,0.0,0.0,0.0,0.0,0.0,0.0,4
14,14.0,0.0,1299.65,105.79039070000002,0.0,0.0,1425.0,1183.8005487892842,0.0,0.0,0.0,4
15,15.0,0.0,112.8758656,0.0,0.0,0.0,0.0,0.0,0.0,0.0,0.0,4
16,16.0,0.0,0.0,0.0,873.0856113,0.0,0.0,0.0,0.0,0.0,10.5,4
17,17.0,0.0,0.0,0.0,0.0,0.0,1425.0,0.0,895.5,2861.7,10.5,4
18,18.0,0.0,0.0,0.0,0.0,811.9484357631942,0.0,1215.4492491158026,0.0,2861.7,0.0,4
19,19.0,0.0,0.0,0.0,0.0,0.0,0.0,0.0,0.0,0.0,0.0,4
20,20.0,0.0,0.0,0.0,0.0,1080.120861986774,0.0,1137.6258550869416,0.0,0.0,0.0,4
21,21.0,0.0,0.0,0.0,0.0,914.6402490473572,1425.0,0.0,895.5,2861.7,0.0,4
22,22.0,0.0,0.0,0.0,0.0,0.0,0.0,0.0,0.0,0.0,0.0,4
23,23.0,0.0,0.0,0.0,344.1157558000001,0.0,0.0,0.0,0.0,2861.7,10.5,4
0,0.0,0.0,0.0,213.9823208,0.0,895.5068455196957,0.0,0.0,0.0,0.0,10.5,5
1,1.0,0.0,0.0,0.0,0.0,1042.9121989089904,0.0,1144.8631118504684,0.0,0.0,0.0,5
2,2.0,0.0,0.0,0.0,0.0,882.0232413570305,1425.0,1120.402332701886,895.5,2861.7,10.5,5
3,3.0,0.0,0.0,0.0,0.0,883.4597974191931,0.0,1128.9587343371218,895.5,2861.7,10.5,5
4,4.0,0.0,0.0,0.0,0.0,0.0,0.0,1144.5036805442962,895.5,2861.7,0.0,5
5,5.0,0.0,0.0,0.0,0.0,0.0,0.0,0.0,0.0,0.0,0.0,5
6,6.0,0.0,0.0,0.0,0.0,0.0,0.0,0.0,0.0,0.0,0.0,5
7,7.0,0.0,0.0,0.0,0.0,0.0,0.0,0.0,0.0,0.0,0.0,5
8,8.0,145.23842109999995,0.0,0.0,0.0,0.0,0.0,1243.7220185992987,895.5,0.0,10.5,5
9,9.0,0.0,0.0,0.0,0.0,0.0,0.0,0.0,0.0,0.0,0.0,5
10,10.0,0.0,0.0,0.0,0.0,0.0,0.0,0.0,0.0,0.0,0.0,5
11,11.0,0.0,0.0,0.0,0.0,0.0,0.0,0.0,895.5,2861.7,10.5,5
12,12.0,0.0,0.0,0.0,0.0,1060.9673437559466,1425.0,1195.959840242684,0.0,0.0,0.0,5
13,13.0,0.0,0.0,0.0,0.0,0.0,0.0,0.0,895.5,0.0,10.5,5
14,14.0,0.0,0.0,215.0,0.0,0.0,1425.0,0.0,0.0,0.0,0.0,5
15,15.0,0.0,0.0,215.0,1157.364014,837.2693230472792,0.0,1211.7754489177958,0.0,2861.7,10.5,5
16,16.0,0.0,0.0,206.2206459,0.0,0.0,1425.0,0.0,0.0,0.0,0.0,5
17,17.0,0.0,1299.65,0.0,0.0,0.0,0.0,0.0,895.5,2861.7,10.5,5
18,18.0,0.0,1299.65,0.0,0.0,0.0,0.0,0.0,0.0,0.0,10.5,5
19,19.0,1254.36,1299.65,0.0,0.0,0.0,0.0,0.0,0.0,0.0,0.0,5
20,20.0,1254.36,514.933146,0.0,0.0,1028.2839598821306,1425.0,1158.3044852044907,0.0,0.0,0.0,5
21,21.0,1254.36,0.0,0.0,0.0,0.0,1425.0,1083.8207195662949,0.0,0.0,0.0,5
22,22.0,559.7804568,1299.65,0.0,0.0,850.9408706281691,0.0,0.0,0.0,0.0,0.0,5
23,23.0,0.0,151.1658263,0.0,0.0,883.3879816453358,0.0,1207.0135916293286,895.5,0.0,0.0,5
0,0.0,0.0,0.0,0.0,0.0,0.0,0.0,0.0,0.0,0.0,0.0,6
1,1.0,0.0,0.0,0.0,0.0,0.0,1425.0,0.0,895.5,0.0,0.0,6
2,2.0,0.0,0.0,0.0,0.0,1069.7936598430674,0.0,1204.8017817890288,0.0,0.0,0.0,6
3,3.0,0.0,0.0,0.0,0.0,0.0,0.0,0.0,895.5,0.0,0.0,6
4,4.0,0.0,0.0,0.0,0.0,1066.9216093301707,1425.0,0.0,0.0,0.0,0.0,6
5,5.0,0.0,0.0,0.0,0.0,844.0193382968412,0.0,1222.5699193773999,0.0,0.0,0.0,6
6,6.0,0.0,0.0,0.0,0.0,0.0,1425.0,1159.028188353817,0.0,0.0,0.0,6
7,7.0,0.0,0.0,0.0,0.0,0.0,1425.0,0.0,0.0,0.0,0.0,6
8,8.0,0.0,0.0,0.0,0.0,1038.3994839970405,1425.0,1124.4631562351121,895.5,2861.7,10.5,6
9,9.0,0.0,0.0,215.0,0.0,0.0,0.0,0.0,895.5,0.0,0.0,6
10,10.0,0.0,0.0,215.0,0.0,0.0,1425.0,1190.361365203033,0.0,0.0,10.5,6
11,11.0,0.0,0.0,118.2103438,0.0,0.0,0.0,0.0,895.5,0.0,10.5,6
12,12.0,0.0,0.0,0.0,0.0,0.0,0.0,0.0,0.0,2861.7,0.0,6
13,13.0,0.0,0.0,0.0,0.0,0.0,0.0,0.0,0.0,0.0,0.0,6
14,14.0,1254.36,0.0,0.0,0.0,0.0,0.0,0.0,0.0,0.0,0.0,6
15,15.0,968.65096,1299.65,0.0,0.0,0.0,0.0,1170.015860946624,895.5,0.0,0.0,6
16,16.0,0.0,1299.65,0.0,0.0,0.0,0.0,0.0,895.5,0.0,0.0,6
17,17.0,0.0,10.09733198,0.0,195.7997008,1054.2773979943115,1425.0,1185.1376421473522,0.0,0.0,10.5,6
18,18.0,0.0,0.0,0.0,0.0,0.0,0.0,0.0,0.0,2861.7,0.0,6
19,19.0,0.0,0.0,0.0,0.0,0.0,0.0,0.0,895.5,2861.7,10.5,6
20,20.0,0.0,0.0,0.0,0.0,0.0,0.0,0.0,0.0,0.0,10.5,6
21,21.0,0.0,0.0,0.0,0.0,0.0,1425.0,1127.7484837841323,0.0,0.0,0.0,6
22,22.0,0.0,0.0,215.0,0.0,1021.6691653717397,0.0,1116.2642358108678,0.0,0.0,0.0,6
23,23.0,0.0,0.0,124.94861840000002,0.0,0.0,0.0,0.0,895.5,2861.7,10.5,6
0,0.0,0.0,0.0,0.0,0.0,0.0,0.0,0.0,0.0,0.0,0.0,7
1,1.0,0.0,1299.65,0.0,0.0,832.5672927680855,0.0,0.0,895.5,0.0,10.5,7
2,2.0,0.0,1299.65,215.0,0.0,0.0,1425.0,1107.6688701505232,0.0,2861.7,0.0,7
3,3.0,0.0,1299.65,215.0,0.0,0.0,1425.0,0.0,0.0,0.0,0.0,7
4,4.0,0.0,177.0764808,57.44084971,0.0,1042.6555234713703,0.0,0.0,0.0,0.0,0.0,7
5,5.0,0.0,0.0,0.0,0.0,933.5542257775546,0.0,0.0,0.0,2861.7,10.5,7
6,6.0,1254.36,0.0,0.0,525.5788813,0.0,0.0,0.0,0.0,0.0,0.0,7
7,7.0,1254.36,1299.65,0.0,0.0,0.0,0.0,0.0,0.0,0.0,0.0,7
8,8.0,1254.36,1299.65,0.0,0.0,0.0,0.0,1217.5533092820083,0.0,0.0,0.0,7
9,9.0,193.7191202,1036.384713,0.0,0.0,0.0,0.0,0.0,895.5,2861.7,10.5,7
10,10.0,0.0,0.0,0.0,0.0,0.0,1425.0,1217.2237927304652,0.0,0.0,0.0,7
11,11.0,0.0,0.0,0.0,0.0,0.0,1425.0,0.0,0.0,0.0,0.0,7
12,12.0,0.0,0.0,0.0,0.0,0.0,1425.0,1086.0288894824996,0.0,0.0,0.0,7
13,13.0,0.0,0.0,0.0,0.0,0.0,0.0,1126.8505777268724,0.0,0.0,0.0,7
14,14.0,0.0,0.0,96.9465556,0.0,899.3675165341454,1425.0,1127.8594099598115,0.0,0.0,0.0,7
15,15.0,0.0,0.0,0.0,0.0,0.0,0.0,0.0,895.5,2861.7,10.5,7
16,16.0,0.0,0.0,0.0,0.0,859.87931901337,1425.0,1088.438871659431,895.5,2861.7,0.0,7
17,17.0,0.0,0.0,0.0,0.0,0.0,0.0,0.0,0.0,2861.7,10.5,7
18,18.0,0.0,0.0,0.0,0.0,0.0,0.0,1175.9211493576977,0.0,0.0,10.5,7
19,19.0,1254.36,0.0,215.0,0.0,0.0,0.0,0.0,0.0,0.0,10.5,7
20,20.0,1254.36,0.0,14.46751634,0.0,0.0,0.0,1211.1427008093144,895.5,0.0,10.5,7
21,21.0,1254.36,0.0,0.0,0.0,1075.0386344381395,1425.0,1126.0600047024234,895.5,0.0,0.0,7
22,22.0,868.1253971000001,0.0,0.0,0.0,945.6681290723782,0.0,0.0,0.0,0.0,0.0,7
23,23.0,0.0,1299.65,0.0,0.0,937.2638903266959,1425.0,1137.7513850722935,0.0,0.0,0.0,7
0,0.0,0.0,0.0,50.23574037,0.0,0.0,0.0,1083.0957289618473,0.0,0.0,0.0,8
1,1.0,0.0,0.0,0.0,0.0,0.0,0.0,0.0,0.0,2861.7,10.5,8
2,2.0,0.0,0.0,215.0,0.0,0.0,0.0,0.0,895.5,0.0,10.5,8
3,3.0,0.0,0.0,215.0,0.0,0.0,0.0,0.0,0.0,2861.7,0.0,8
4,4.0,0.0,0.0,42.07816581,0.0,1016.6621108752488,1425.0,0.0,895.5,2861.7,10.5,8
5,5.0,0.0,0.0,0.0,0.0,0.0,1425.0,0.0,0.0,0.0,10.5,8
6,6.0,0.0,0.0,0.0,602.2725464,0.0,1425.0,1138.7411258108193,895.5,2861.7,0.0,8
7,7.0,930.0976398,0.0,0.0,0.0,836.286542053806,0.0,1235.2996659231462,0.0,0.0,0.0,8
8,8.0,0.0,0.0,0.0,0.0,0.0,0.0,0.0,895.5,0.0,10.5,8
9,9.0,0.0,0.0,0.0,0.0,0.0,0.0,0.0,0.0,0.0,0.0,8
10,10.0,0.0,1299.65,0.0,0.0,1015.464587643665,0.0,1154.163756590924,895.5,2861.7,10.5,8
11,11.0,0.0,288.9896775,0.0,0.0,943.4410665603422,1425.0,1086.8978035430837,0.0,0.0,0.0,8
12,12.0,0.0,0.0,0.0,0.0,828.6122453727355,0.0,0.0,0.0,2861.7,0.0,8
13,13.0,0.0,0.0,0.0,0.0,0.0,0.0,0.0,895.5,0.0,0.0,8
14,14.0,0.0,0.0,0.0,0.0,0.0,1425.0,1228.4198490613412,0.0,0.0,0.0,8
15,15.0,0.0,0.0,0.0,0.0,0.0,0.0,0.0,0.0,0.0,10.5,8
16,16.0,0.0,0.0,0.0,0.0,1032.4032077678837,1425.0,1194.9455701457641,895.5,2861.7,10.5,8
17,17.0,0.0,0.0,0.0,0.0,0.0,0.0,0.0,0.0,0.0,0.0,8
18,18.0,0.0,0.0,0.0,702.395378,0.0,0.0,0.0,0.0,0.0,0.0,8
19,19.0,0.0,0.0,0.0,0.0,889.6039535183045,0.0,1190.4587224599456,895.5,2861.7,0.0,8
20,20.0,0.0,0.0,0.0,0.0,835.0057390442553,1425.0,0.0,0.0,0.0,0.0,8
21,21.0,0.0,0.0,0.0,0.0,0.0,0.0,0.0,0.0,0.0,0.0,8
22,22.0,0.0,0.0,0.0,0.0,942.1142334187949,0.0,1083.4839820087627,0.0,0.0,0.0,8
23,23.0,0.0,0.0,215.0,0.0,973.9754686824211,1425.0,0.0,895.5,2861.7,10.5,8
0,0.0,0.0,0.0,0.0,0.0,998.7316140450002,1425.0,1112.9978157402015,0.0,0.0,10.5,9
1,1.0,0.0,0.0,0.0,0.0,1023.9005420943638,1425.0,0.0,0.0,2861.7,0.0,9
2,2.0,0.0,0.0,0.0,0.0,996.3580002263795,1425.0,0.0,0.0,0.0,0.0,9
3,3.0,0.0,0.0,0.0,0.0,1065.5517696247598,0.0,0.0,0.0,0.0,0.0,9
4,4.0,0.0,0.0,0.0,0.0,0.0,0.0,1110.5063469806832,0.0,0.0,0.0,9
5,5.0,0.0,0.0,0.0,0.0,0.0,1425.0,0.0,0.0,0.0,0.0,9
6,6.0,1254.36,0.0,0.0,0.0,0.0,0.0,0.0,895.5,0.0,10.5,9
7,7.0,484.674235,0.0,131.6350519,0.0,0.0,1425.0,1111.899140908985,0.0,2861.7,0.0,9
8,8.0,0.0,0.0,0.0,0.0,0.0,1425.0,1184.5671236837177,0.0,0.0,0.0,9
9,9.0,0.0,0.0,215.0,966.7337459,0.0,1425.0,0.0,0.0,0.0,0.0,9
10,10.0,0.0,0.0,165.9601613,0.0,0.0,1425.0,1137.8102742137876,0.0,0.0,0.0,9
11,11.0,0.0,0.0,0.0,0.0,0.0,0.0,1176.849705916781,0.0,0.0,0.0,9
12,12.0,0.0,0.0,0.0,0.0,1070.4257354666292,1425.0,0.0,0.0,0.0,0.0,9
13,13.0,0.0,1299.65,0.0,0.0,0.0,0.0,0.0,0.0,2861.7,10.5,9
14,14.0,0.0,1299.65,0.0,0.0,1069.7474732891187,0.0,0.0,0.0,0.0,0.0,9
15,15.0,0.0,1299.65,215.0,0.0,0.0,0.0,1117.9827260534819,895.5,2861.7,10.5,9
16,16.0,1254.36,487.3256536,215.0,0.0,0.0,0.0,0.0,895.5,0.0,10.5,9
17,17.0,1038.63424,0.0,92.72084089,0.0,997.3031774454047,0.0,0.0,0.0,0.0,0.0,9
18,18.0,0.0,0.0,0.0,0.0,0.0,0.0,0.0,0.0,0.0,0.0,9
19,19.0,0.0,0.0,0.0,355.1028854,0.0,1425.0,0.0,0.0,0.0,0.0,9
20,20.0,0.0,0.0,0.0,0.0,0.0,0.0,0.0,0.0,2861.7,10.5,9
21,21.0,0.0,0.0,0.0,0.0,935.5043281494374,1425.0,0.0,895.5,0.0,10.5,9
22,22.0,0.0,0.0,0.0,0.0,0.0,0.0,0.0,0.0,0.0,0.0,9
23,23.0,0.0,0.0,215.0,0.0,863.175302105919,1425.0,1146.1888883255308,0.0,0.0,0.0,9
0,0.0,0.0,0.0,0.0,431.5781952,0.0,0.0,1244.1284549694074,895.5,2861.7,0.0,10
1,1.0,0.0,0.0,0.0,0.0,0.0,1425.0,0.0,0.0,0.0,10.5,10
2,2.0,0.0,0.0,0.0,0.0,0.0,0.0,0.0,895.5,0.0,0.0,10
3,3.0,0.0,0.0,0.0,0.0,0.0,0.0,1198.1491781329462,0.0,0.0,0.0,10
4,4.0,0.0,0.0,0.0,0.0,0.0,1425.0,1164.433907594347,0.0,0.0,0.0,10
5,5.0,0.0,0.0,0.0,0.0,0.0,0.0,0.0,895.5,0.0,0.0,10
6,6.0,0.0,0.0,0.0,0.0,1056.2836802448414,1425.0,0.0,0.0,0.0,10.5,10
7,7.0,0.0,1299.65,0.0,0.0,0.0,0.0,0.0,895.5,2861.7,10.5,10
8,8.0,0.0,1299.65,0.0,0.0,0.0,0.0,1200.0808948121532,0.0,2861.7,0.0,10
9,9.0,1254.36,842.853267,0.0,0.0,862.8163859479281,0.0,0.0,895.5,0.0,10.5,10
10,10.0,1047.55137,0.0,0.0,0.0,0.0,0.0,1197.809514998712,0.0,0.0,0.0,10
11,11.0,0.0,0.0,0.0,0.0,0.0,0.0,0.0,0.0,0.0,0.0,10
12,12.0,0.0,1299.65,215.0,0.0,847.0046912663585,1425.0,1199.2586875769812,895.5,0.0,0.0,10
13,13.0,0.0,1299.65,215.0,0.0,0.0,0.0,0.0,895.5,2861.7,10.5,10
14,14.0,0.0,1255.771291,169.77808380000005,0.0,0.0,0.0,0.0,895.5,2861.7,0.0,10
15,15.0,0.0,0.0,0.0,0.0,0.0,0.0,0.0,895.5,0.0,0.0,10
16,16.0,0.0,0.0,0.0,0.0,873.9334128540828,0.0,0.0,895.5,2861.7,10.5,10
17,17.0,0.0,0.0,0.0,0.0,949.8880611024049,1425.0,1239.1221310130131,895.5,2861.7,0.0,10
18,18.0,0.0,0.0,0.0,0.0,0.0,1425.0,0.0,895.5,0.0,0.0,10
19,19.0,0.0,0.0,0.0,0.0,0.0,0.0,0.0,0.0,2861.7,10.5,10
20,20.0,0.0,0.0,0.0,53.50738825,0.0,1425.0,0.0,0.0,0.0,0.0,10
21,21.0,1254.36,0.0,0.0,0.0,0.0,1425.0,1128.8857630995758,0.0,2861.7,10.5,10
22,22.0,1254.36,0.0,0.0,0.0,0.0,0.0,0.0,0.0,2861.7,10.5,10
23,23.0,727.4253426,0.0,0.0,0.0,922.9733902100743,0.0,0.0,0.0,0.0,0.0,10
0,0.0,0.0,0.0,0.0,0.0,0.0,0.0,0.0,0.0,0.0,0.0,11
1,1.0,0.0,0.0,0.0,0.0,0.0,0.0,0.0,0.0,0.0,0.0,11
2,2.0,0.0,0.0,0.0,0.0,0.0,0.0,0.0,0.0,0.0,0.0,11
3,3.0,0.0,0.0,0.0,0.0,0.0,0.0,0.0,0.0,0.0,0.0,11
4,4.0,0.0,0.0,0.0,0.0,0.0,0.0,0.0,0.0,0.0,0.0,11
5,5.0,0.0,0.0,0.0,0.0,0.0,0.0,0.0,0.0,0.0,10.5,11
6,6.0,0.0,0.0,0.0,0.0,0.0,0.0,0.0,0.0,0.0,0.0,11
7,7.0,0.0,0.0,0.0,0.0,0.0,1425.0,1094.478316739654,0.0,2861.7,10.5,11
8,8.0,0.0,0.0,177.3672329,0.0,0.0,0.0,0.0,0.0,0.0,0.0,11
9,9.0,0.0,0.0,0.0,0.0,0.0,0.0,0.0,0.0,0.0,0.0,11
10,10.0,0.0,0.0,0.0,0.0,876.838544065676,0.0,0.0,0.0,0.0,0.0,11
11,11.0,0.0,0.0,0.0,0.0,902.7872558300113,1425.0,1191.0455825502102,0.0,2861.7,0.0,11
12,12.0,0.0,0.0,0.0,0.0,0.0,0.0,0.0,0.0,0.0,0.0,11
13,13.0,0.0,0.0,0.0,0.0,0.0,0.0,0.0,0.0,0.0,0.0,11
14,14.0,1254.36,0.0,0.0,0.0,936.2145903526646,1425.0,1195.7182748580337,0.0,0.0,0.0,11
15,15.0,365.152477,1299.65,0.0,0.0,0.0,0.0,0.0,0.0,0.0,0.0,11
16,16.0,0.0,1299.65,0.0,0.0,0.0,0.0,0.0,895.5,2861.7,0.0,11
17,17.0,0.0,1299.65,0.0,0.0,0.0,1425.0,0.0,0.0,2861.7,10.5,11
18,18.0,0.0,310.6625812,0.0,868.3930697000002,0.0,0.0,0.0,0.0,2861.7,0.0,11
19,19.0,0.0,0.0,0.0,0.0,957.4679246757655,0.0,0.0,0.0,0.0,0.0,11
20,20.0,0.0,0.0,215.0,0.0,0.0,1425.0,0.0,0.0,0.0,0.0,11
21,21.0,0.0,0.0,215.0,0.0,0.0,0.0,0.0,0.0,2861.7,0.0,11
22,22.0,0.0,0.0,202.5208668,0.0,0.0,0.0,0.0,0.0,2861.7,10.5,11
23,23.0,1254.36,0.0,0.0,0.0,0.0,0.0,0.0,0.0,0.0,0.0,11
0,0.0,0.0,0.0,0.0,0.0,1026.7826233068015,0.0,1149.3533491300745,0.0,0.0,0.0,12
1,1.0,0.0,0.0,0.0,0.0,0.0,0.0,0.0,0.0,2861.7,0.0,12
2,2.0,0.0,0.0,0.0,0.0,0.0,0.0,0.0,0.0,0.0,0.0,12
3,3.0,0.0,0.0,0.0,0.0,985.3137773589718,0.0,1161.918043411022,0.0,2861.7,0.0,12
4,4.0,0.0,0.0,0.0,0.0,906.386269626143,1425.0,0.0,0.0,0.0,0.0,12
5,5.0,0.0,0.0,0.0,0.0,0.0,0.0,1149.9411367365362,0.0,0.0,10.5,12
6,6.0,0.0,0.0,0.0,0.0,831.367119974011,1425.0,0.0,895.5,2861.7,10.5,12
7,7.0,0.0,0.0,0.0,0.0,0.0,0.0,0.0,0.0,0.0,0.0,12
8,8.0,0.0,0.0,0.0,0.0,1059.7932162875973,0.0,1133.5741928825212,0.0,0.0,10.5,12
9,9.0,0.0,0.0,0.0,0.0,0.0,0.0,0.0,895.5,0.0,0.0,12
10,10.0,0.0,0.0,0.0,0.0,855.7302720351195,0.0,1208.9916918367594,0.0,0.0,0.0,12
11,11.0,0.0,1299.65,0.0,0.0,1000.5016483737467,0.0,1177.126204544635,0.0,0.0,0.0,12
12,12.0,0.0,840.3675618999998,0.0,0.0,0.0,0.0,0.0,0.0,0.0,10.5,12
13,13.0,0.0,0.0,0.0,0.0,973.3375877430426,1425.0,0.0,895.5,2861.7,0.0,12
14,14.0,1254.36,0.0,215.0,0.0,0.0,0.0,0.0,895.5,0.0,10.5,12
15,15.0,968.65096,0.0,12.25083694,0.0,863.5015598884504,0.0,0.0,0.0,0.0,0.0,12
16,16.0,0.0,0.0,0.0,0.0,1038.7391252467062,0.0,0.0,895.5,0.0,0.0,12
17,17.0,0.0,0.0,0.0,0.0,0.0,0.0,0.0,0.0,0.0,0.0,12
18,18.0,0.0,0.0,0.0,1009.15687,0.0,0.0,1187.4690484466062,0.0,0.0,0.0,12
19,19.0,0.0,0.0,0.0,0.0,1039.1878025873702,1425.0,0.0,0.0,2861.7,0.0,12
20,20.0,0.0,0.0,0.0,0.0,0.0,1425.0,0.0,0.0,2861.7,10.5,12
21,21.0,0.0,0.0,0.0,0.0,0.0,0.0,0.0,0.0,0.0,0.0,12
22,22.0,0.0,0.0,0.0,0.0,0.0,0.0,0.0,0.0,0.0,0.0,12
23,23.0,0.0,0.0,0.0,0.0,0.0,1425.0,0.0,0.0,0.0,0.0,12
0,0.0,0.0,0.0,0.0,0.0,0.0,1425.0,1112.1367789105298,0.0,0.0,0.0,13
1,1.0,0.0,0.0,0.0,0.0,0.0,0.0,1207.8552261142831,0.0,0.0,10.5,13
2,2.0,0.0,0.0,0.0,0.0,0.0,0.0,0.0,895.5,0.0,10.5,13
3,3.0,0.0,0.0,0.0,0.0,0.0,0.0,0.0,895.5,2861.7,10.5,13
4,4.0,0.0,0.0,0.0,0.0,889.6387566505018,1425.0,0.0,0.0,2861.7,10.5,13
5,5.0,0.0,0.0,0.0,0.0,919.0777704244326,0.0,1228.9126340827554,895.5,0.0,0.0,13
6,6.0,0.0,0.0,0.0,0.0,1007.6300817119053,0.0,0.0,0.0,0.0,10.5,13
7,7.0,0.0,0.0,0.0,0.0,0.0,0.0,0.0,0.0,0.0,10.5,13
8,8.0,0.0,0.0,0.0,0.0,0.0,0.0,0.0,0.0,0.0,0.0,13
9,9.0,0.0,0.0,0.0,0.0,0.0,0.0,1100.3586503919196,895.5,0.0,0.0,13
10,10.0,0.0,102.1686249,0.0,1084.2440869999996,932.6937493576601,1425.0,0.0,895.5,2861.7,10.5,13
11,11.0,0.0,0.0,0.0,0.0,1039.2351436595075,0.0,1098.4187904849614,0.0,0.0,0.0,13
12,12.0,0.0,0.0,0.0,0.0,0.0,0.0,0.0,0.0,2861.7,10.5,13
13,13.0,0.0,0.0,177.4929654,0.0,887.8463763196928,0.0,1172.0237225525198,0.0,0.0,10.5,13
14,14.0,0.0,0.0,0.0,0.0,0.0,0.0,1237.5069770794382,0.0,0.0,0.0,13
15,15.0,0.0,0.0,0.0,0.0,1076.8989197404028,0.0,0.0,895.5,2861.7,0.0,13
16,16.0,1254.36,0.0,0.0,0.0,0.0,0.0,0.0,0.0,0.0,10.5,13
17,17.0,1254.36,0.0,0.0,0.0,1003.4011291944082,0.0,0.0,0.0,0.0,0.0,13
18,18.0,880.0946493999999,0.0,0.0,0.0,0.0,0.0,0.0,0.0,0.0,0.0,13
19,19.0,0.0,0.0,0.0,0.0,899.5589300465659,0.0,1096.3104515585785,895.5,2861.7,10.5,13
20,20.0,0.0,0.0,0.0,0.0,883.7329316938577,0.0,1160.9711203120119,0.0,0.0,10.5,13
21,21.0,0.0,0.0,0.0,931.3227211,899.026599039323,1425.0,0.0,0.0,0.0,0.0,13
22,22.0,0.0,0.0,0.0,0.0,0.0,1425.0,0.0,0.0,0.0,0.0,13
23,23.0,0.0,0.0,0.0,0.0,0.0,1425.0,1181.1121191012357,0.0,0.0,0.0,13
0,0.0,0.0,0.0,0.0,0.0,898.6466004921155,0.0,1110.7738049078953,0.0,0.0,0.0,14
1,1.0,0.0,0.0,0.0,0.0,0.0,0.0,0.0,0.0,2861.7,10.5,14
2,2.0,0.0,0.0,0.0,0.0,0.0,0.0,0.0,0.0,0.0,0.0,14
3,3.0,0.0,0.0,0.0,0.0,0.0,0.0,0.0,0.0,0.0,0.0,14
4,4.0,0.0,0.0,0.0,0.0,885.0265463790444,1425.0,1194.1965046106047,0.0,0.0,0.0,14
5,5.0,0.0,0.0,0.0,0.0,809.5819895571144,1425.0,0.0,895.5,0.0,10.5,14
6,6.0,0.0,0.0,0.0,0.0,853.3936597114639,1425.0,1134.4946677365153,0.0,0.0,10.5,14
7,7.0,1254.36,0.0,0.0,0.0,0.0,0.0,0.0,0.0,0.0,0.0,14
8,8.0,476.4400064,0.0,0.0,0.0,0.0,0.0,0.0,0.0,0.0,0.0,14
9,9.0,0.0,777.2443577,0.0,0.0,1050.279553134381,1425.0,0.0,895.5,2861.7,0.0,14
10,10.0,0.0,0.0,0.0,0.0,0.0,0.0,0.0,0.0,0.0,0.0,14
11,11.0,0.0,0.0,0.0,0.0,871.0068568532406,0.0,0.0,0.0,0.0,0.0,14
12,12.0,0.0,0.0,0.0,0.0,0.0,1425.0,1176.3177755937602,0.0,0.0,0.0,14
13,13.0,0.0,0.0,215.0,0.0,919.7036515655413,0.0,1193.5299115794082,0.0,2861.7,0.0,14
14,14.0,0.0,0.0,73.14859821,0.0,860.6274761349534,1425.0,1163.1821774256991,0.0,0.0,0.0,14
15,15.0,0.0,0.0,0.0,0.0,0.0,1425.0,0.0,0.0,0.0,0.0,14
16,16.0,0.0,0.0,0.0,0.0,0.0,0.0,0.0,0.0,0.0,0.0,14
17,17.0,0.0,0.0,0.0,0.0,985.136358847638,0.0,1240.344690669472,0.0,2861.7,0.0,14
18,18.0,0.0,0.0,0.0,0.0,0.0,0.0,0.0,895.5,2861.7,10.5,14
19,19.0,0.0,0.0,0.0,1143.904432,0.0,0.0,0.0,0.0,0.0,10.5,14
20,20.0,0.0,0.0,0.0,0.0,0.0,0.0,0.0,0.0,0.0,0.0,14
21,21.0,0.0,0.0,0.0,0.0,0.0,0.0,0.0,895.5,0.0,10.5,14
22,22.0,0.0,0.0,215.0,0.0,0.0,1425.0,1094.3271848467843,0.0,0.0,0.0,14
23,23.0,1254.36,0.0,131.8187303,0.0,0.0,0.0,0.0,0.0,0.0,10.5,14
0,0.0,0.0,0.0,0.0,431.5781952,0.0,1425.0,1084.086922017356,0.0,0.0,0.0,15
1,1.0,0.0,0.0,0.0,0.0,1063.3332568785174,1425.0,1222.975995916966,0.0,0.0,0.0,15
2,2.0,0.0,0.0,0.0,0.0,0.0,0.0,0.0,895.5,2861.7,0.0,15
3,3.0,0.0,0.0,0.0,0.0,0.0,0.0,0.0,0.0,0.0,0.0,15
4,4.0,0.0,0.0,0.0,0.0,0.0,0.0,0.0,0.0,0.0,0.0,15
5,5.0,0.0,0.0,215.0,0.0,827.8044356004625,1425.0,0.0,895.5,0.0,10.5,15
6,6.0,0.0,0.0,128.5645912,0.0,0.0,0.0,0.0,0.0,2861.7,0.0,15
7,7.0,0.0,0.0,0.0,0.0,0.0,0.0,0.0,0.0,0.0,0.0,15
8,8.0,0.0,0.0,0.0,0.0,0.0,1425.0,0.0,0.0,2861.7,0.0,15
9,9.0,1254.36,0.0,0.0,0.0,0.0,0.0,0.0,0.0,0.0,0.0,15
10,10.0,1036.484051,0.0,0.0,0.0,0.0,0.0,0.0,895.5,2861.7,0.0,15
11,11.0,0.0,0.0,0.0,0.0,0.0,0.0,0.0,895.5,0.0,0.0,15
12,12.0,0.0,0.0,0.0,0.0,899.3568180586781,1425.0,1112.102136059115,0.0,0.0,0.0,15
13,13.0,0.0,0.0,0.0,0.0,0.0,0.0,0.0,895.5,2861.7,10.5,15
14,14.0,0.0,0.0,0.0,0.0,0.0,0.0,0.0,0.0,0.0,0.0,15
15,15.0,0.0,0.0,0.0,0.0,0.0,1425.0,0.0,895.5,2861.7,0.0,15
16,16.0,0.0,0.0,0.0,0.0,0.0,0.0,0.0,895.5,2861.7,0.0,15
17,17.0,0.0,0.0,0.0,0.0,0.0,1425.0,1207.3311926317901,0.0,0.0,0.0,15
18,18.0,0.0,1299.65,0.0,0.0,0.0,0.0,0.0,895.5,2861.7,0.0,15
19,19.0,0.0,1299.65,0.0,0.0,963.6823898252767,1425.0,1239.5474336422863,0.0,0.0,0.0,15
20,20.0,0.0,1299.65,0.0,53.50738825,0.0,0.0,1170.2788706463973,0.0,0.0,0.0,15
21,21.0,0.0,901.7913154,0.0,0.0,0.0,0.0,0.0,0.0,0.0,0.0,15
22,22.0,0.0,0.0,0.0,0.0,0.0,0.0,0.0,0.0,0.0,0.0,15
23,23.0,0.0,0.0,0.0,0.0,0.0,0.0,1142.2822750809296,0.0,0.0,0.0,15
0,0.0,0.0,0.0,0.0,0.0,0.0,1425.0,1228.5534503422948,895.5,0.0,10.5,16
1,1.0,0.0,0.0,0.0,0.0,0.0,0.0,1183.8401084432694,0.0,0.0,0.0,16
2,2.0,0.0,0.0,0.0,0.0,0.0,1425.0,1239.3352969554105,0.0,0.0,0.0,16
3,3.0,0.0,0.0,0.0,0.0,852.2913956667185,0.0,1103.8172341532568,0.0,0.0,0.0,16
4,4.0,0.0,0.0,0.0,0.0,0.0,0.0,0.0,0.0,2861.7,0.0,16
5,5.0,0.0,0.0,0.0,0.0,0.0,0.0,1231.3091170699195,0.0,2861.7,10.5,16
6,6.0,602.5536972,0.0,196.8243838,0.0,0.0,0.0,0.0,0.0,2861.7,10.5,16
7,7.0,0.0,0.0,0.0,0.0,0.0,0.0,0.0,0.0,0.0,0.0,16
8,8.0,0.0,0.0,0.0,0.0,0.0,0.0,0.0,895.5,0.0,10.5,16
9,9.0,0.0,0.0,0.0,0.0,876.0026556919444,1425.0,1154.2344241808219,0.0,0.0,0.0,16
10,10.0,0.0,0.0,0.0,1084.2440869999996,0.0,0.0,0.0,0.0,0.0,0.0,16
11,11.0,0.0,0.0,0.0,0.0,926.1268191755638,0.0,0.0,895.5,0.0,10.5,16
12,12.0,0.0,0.0,215.0,0.0,0.0,0.0,0.0,0.0,0.0,10.5,16
13,13.0,0.0,0.0,215.0,0.0,1055.5853125418,0.0,1165.5007407495852,0.0,0.0,0.0,16
14,14.0,0.0,0.0,81.99764755,0.0,0.0,0.0,0.0,0.0,0.0,0.0,16
15,15.0,0.0,0.0,0.0,0.0,0.0,1425.0,1164.2532127639274,0.0,2861.7,10.5,16
16,16.0,0.0,1299.65,0.0,0.0,0.0,1425.0,0.0,895.5,0.0,10.5,16
17,17.0,0.0,1299.65,0.0,0.0,849.4974874059326,1425.0,1089.2035889375977,0.0,0.0,0.0,16
18,18.0,0.0,363.6455768,0.0,0.0,869.4924982563033,0.0,1099.8121514476134,0.0,0.0,0.0,16
19,19.0,1254.36,0.0,0.0,0.0,0.0,0.0,0.0,895.5,0.0,10.5,16
20,20.0,593.3061847,0.0,0.0,0.0,0.0,1425.0,1111.1025304406485,0.0,0.0,0.0,16
21,21.0,0.0,0.0,0.0,931.3227211,839.3538962947325,0.0,0.0,0.0,0.0,0.0,16
22,22.0,0.0,0.0,0.0,0.0,0.0,0.0,0.0,0.0,0.0,10.5,16
23,23.0,0.0,0.0,0.0,0.0,803.932673201768,0.0,1242.9502418215063,0.0,0.0,0.0,16
0,0.0,0.0,0.0,0.0,0.0,0.0,0.0,1241.3088391679205,0.0,2861.7,0.0,17
1,1.0,0.0,0.0,0.0,0.0,0.0,0.0,0.0,895.5,2861.7,0.0,17
2,2.0,0.0,0.0,0.0,0.0,1035.433619520392,0.0,1131.0302248687206,895.5,0.0,10.5,17
3,3.0,0.0,0.0,0.0,0.0,825.5179519357697,0.0,0.0,0.0,0.0,0.0,17
4,4.0,0.0,0.0,0.0,0.0,0.0,0.0,0.0,0.0,0.0,0.0,17
5,5.0,0.0,0.0,0.0,0.0,0.0,0.0,1125.1383542501296,0.0,0.0,10.5,17
6,6.0,1254.36,0.0,0.0,0.0,0.0,0.0,1172.7442095296772,0.0,2861.7,10.5,17
7,7.0,1254.36,0.0,0.0,0.0,0.0,0.0,0.0,0.0,0.0,0.0,17
8,8.0,1067.722307,0.0,0.0,0.0,0.0,0.0,0.0,895.5,2861.7,10.5,17
9,9.0,0.0,0.0,0.0,0.0,0.0,0.0,0.0,895.5,0.0,0.0,17
10,10.0,0.0,0.0,0.0,0.0,0.0,0.0,0.0,895.5,2861.7,10.5,17
11,11.0,0.0,0.0,0.0,0.0,0.0,0.0,0.0,895.5,2861.7,10.5,17
12,12.0,0.0,0.0,0.0,0.0,0.0,0.0,0.0,0.0,2861.7,0.0,17
13,13.0,0.0,0.0,0.0,0.0,0.0,0.0,0.0,895.5,0.0,0.0,17
14,14.0,0.0,0.0,215.0,0.0,0.0,0.0,0.0,0.0,0.0,0.0,17
15,15.0,0.0,1299.65,215.0,0.0,1052.8840089544774,0.0,0.0,895.5,0.0,10.5,17
16,16.0,0.0,74.40380467,70.28550345,0.0,0.0,1425.0,0.0,0.0,0.0,0.0,17
17,17.0,0.0,0.0,0.0,0.0,1078.7614407663448,1425.0,1225.5817240212752,895.5,2861.7,0.0,17
18,18.0,0.0,0.0,0.0,868.3930697000002,0.0,0.0,0.0,0.0,0.0,0.0,17
19,19.0,0.0,0.0,0.0,0.0,0.0,0.0,0.0,895.5,2861.7,10.5,17
20,20.0,0.0,0.0,0.0,0.0,0.0,0.0,0.0,0.0,0.0,0.0,17
21,21.0,0.0,0.0,0.0,0.0,924.6760832321022,1425.0,1166.6227894750227,0.0,2861.7,10.5,17
22,22.0,0.0,0.0,0.0,0.0,0.0,0.0,0.0,0.0,0.0,0.0,17
23,23.0,1254.36,0.0,0.0,0.0,1008.74524771351,0.0,1091.7161831716805,0.0,0.0,10.5,17
0,0.0,0.0,0.0,0.0,0.0,0.0,1425.0,0.0,895.5,0.0,10.5,18
1,1.0,0.0,0.0,0.0,0.0,0.0,0.0,0.0,895.5,0.0,10.5,18
2,2.0,0.0,0.0,0.0,0.0,0.0,0.0,0.0,0.0,0.0,0.0,18
3,3.0,0.0,0.0,0.0,0.0,0.0,0.0,0.0,0.0,0.0,0.0,18
4,4.0,0.0,0.0,0.0,0.0,0.0,0.0,0.0,0.0,0.0,0.0,18
5,5.0,0.0,0.0,0.0,0.0,858.1175807958591,0.0,0.0,0.0,2861.7,10.5,18
6,6.0,0.0,0.0,0.0,0.0,0.0,1425.0,1105.3067551139807,0.0,0.0,0.0,18
7,7.0,0.0,0.0,0.0,0.0,1046.4082191955545,0.0,1205.4456015665214,895.5,0.0,10.5,18
8,8.0,0.0,0.0,49.1621633,916.3560785,0.0,0.0,0.0,0.0,2861.7,10.5,18
9,9.0,0.0,0.0,0.0,0.0,1060.3109399222242,1425.0,1141.1771773738567,895.5,0.0,0.0,18
10,10.0,0.0,0.0,0.0,0.0,891.982609467553,1425.0,1121.9682802318341,0.0,0.0,0.0,18
11,11.0,0.0,0.0,0.0,0.0,0.0,0.0,0.0,895.5,2861.7,0.0,18
12,12.0,0.0,0.0,0.0,0.0,0.0,0.0,1115.4581054039552,895.5,0.0,10.5,18
13,13.0,0.0,0.0,0.0,0.0,832.1327825312648,1425.0,1161.8078558406164,0.0,2861.7,10.5,18
14,14.0,0.0,1299.65,0.0,0.0,902.1598557163238,1425.0,0.0,0.0,0.0,10.5,18
15,15.0,1254.36,893.9269832,0.0,0.0,1015.3018834571062,0.0,0.0,0.0,0.0,0.0,18
16,16.0,1254.36,0.0,0.0,0.0,0.0,0.0,1186.1967840539733,895.5,0.0,10.5,18
17,17.0,1254.36,0.0,0.0,0.0,0.0,0.0,1097.7260660142215,895.5,2861.7,0.0,18
18,18.0,133.2731986,0.0,0.0,0.0,0.0,0.0,0.0,895.5,0.0,10.5,18
19,19.0,0.0,0.0,0.0,0.0,0.0,0.0,0.0,0.0,2861.7,10.5,18
20,20.0,0.0,0.0,0.0,0.0,0.0,0.0,0.0,0.0,2861.7,10.5,18
21,21.0,0.0,0.0,0.0,0.0,0.0,0.0,1157.1116698543817,895.5,0.0,10.5,18
22,22.0,0.0,0.0,0.0,0.0,0.0,0.0,0.0,0.0,0.0,0.0,18
23,23.0,0.0,0.0,0.0,378.9162183,0.0,0.0,0.0,0.0,0.0,0.0,18
0,0.0,0.0,0.0,0.0,0.0,0.0,0.0,0.0,895.5,0.0,10.5,19
1,1.0,0.0,0.0,0.0,0.0,0.0,1425.0,1232.1581125230196,0.0,0.0,10.5,19
2,2.0,0.0,0.0,0.0,0.0,0.0,0.0,0.0,0.0,2861.7,0.0,19
3,3.0,0.0,0.0,0.0,0.0,0.0,1425.0,0.0,0.0,0.0,0.0,19
4,4.0,0.0,0.0,0.0,0.0,0.0,0.0,0.0,0.0,0.0,0.0,19
5,5.0,0.0,0.0,0.0,0.0,0.0,0.0,0.0,0.0,0.0,0.0,19
6,6.0,0.0,0.0,0.0,0.0,1072.5424969657745,0.0,0.0,0.0,2861.7,10.5,19
7,7.0,0.0,0.0,0.0,0.0,0.0,0.0,0.0,0.0,0.0,0.0,19
8,8.0,0.0,0.0,0.0,0.0,0.0,0.0,0.0,0.0,0.0,0.0,19
9,9.0,0.0,0.0,0.0,0.0,0.0,1425.0,0.0,0.0,0.0,0.0,19
10,10.0,0.0,0.0,0.0,0.0,1037.4171577790692,0.0,1116.3995209133755,895.5,2861.7,0.0,19
11,11.0,0.0,1299.65,0.0,0.0,867.3028366380814,1425.0,0.0,0.0,0.0,10.5,19
12,12.0,0.0,1299.65,0.0,0.0,1002.943838815986,1425.0,0.0,895.5,2861.7,0.0,19
13,13.0,0.0,1299.65,0.0,515.4343476,0.0,1425.0,0.0,895.5,0.0,10.5,19
14,14.0,0.0,462.0298812,0.0,0.0,0.0,1425.0,1180.2007908136065,0.0,0.0,0.0,19
15,15.0,0.0,0.0,0.0,0.0,880.3621618977837,1425.0,1220.6229656306052,0.0,0.0,10.5,19
16,16.0,0.0,0.0,0.0,0.0,0.0,0.0,0.0,895.5,0.0,0.0,19
17,17.0,1254.36,0.0,0.0,0.0,0.0,0.0,0.0,0.0,0.0,0.0,19
18,18.0,944.3146627,0.0,215.0,0.0,870.4394519842407,1425.0,1121.289288483001,0.0,0.0,10.5,19
19,19.0,0.0,0.0,215.0,0.0,0.0,0.0,0.0,0.0,0.0,0.0,19
20,20.0,0.0,0.0,192.5317861,0.0,0.0,1425.0,0.0,0.0,0.0,0.0,19
21,21.0,0.0,0.0,0.0,0.0,0.0,1425.0,1176.6331810395302,895.5,0.0,0.0,19
22,22.0,0.0,0.0,0.0,0.0,0.0,0.0,0.0,0.0,2861.7,0.0,19
23,23.0,0.0,0.0,0.0,0.0,931.5411736814253,0.0,1155.087326772114,0.0,2861.7,10.5,19
0,0.0,0.0,0.0,0.0,0.0,0.0,0.0,0.0,895.5,0.0,10.5,20
1,1.0,0.0,0.0,0.0,0.0,0.0,0.0,0.0,0.0,0.0,10.5,20
2,2.0,0.0,0.0,0.0,0.0,0.0,0.0,1161.7246769091573,0.0,0.0,0.0,20
3,3.0,0.0,0.0,0.0,0.0,0.0,0.0,1232.6434415292724,0.0,0.0,0.0,20
4,4.0,0.0,0.0,0.0,0.0,0.0,0.0,0.0,0.0,0.0,0.0,20
5,5.0,0.0,0.0,0.0,0.0,0.0,1425.0,1129.8248585147958,0.0,0.0,0.0,20
6,6.0,0.0,0.0,0.0,0.0,0.0,0.0,0.0,0.0,0.0,0.0,20
7,7.0,0.0,0.0,0.0,0.0,875.7547167725708,0.0,1238.481502192952,895.5,0.0,10.5,20
8,8.0,0.0,0.0,0.0,1433.4634130000004,0.0,0.0,0.0,895.5,2861.7,0.0,20
9,9.0,0.0,0.0,0.0,0.0,1040.0376792990546,0.0,1097.9845939544518,0.0,2861.7,0.0,20
10,10.0,694.3207692000002,0.0,0.0,0.0,809.1857335069067,1425.0,1185.7244270475594,0.0,0.0,0.0,20
11,11.0,0.0,0.0,0.0,0.0,0.0,0.0,1108.9272873771456,0.0,0.0,0.0,20
12,12.0,0.0,0.0,0.0,0.0,0.0,0.0,0.0,0.0,0.0,0.0,20
13,13.0,0.0,1299.65,0.0,0.0,0.0,0.0,0.0,0.0,2861.7,0.0,20
14,14.0,0.0,1133.678057,0.0,0.0,0.0,0.0,0.0,0.0,2861.7,0.0,20
15,15.0,0.0,0.0,0.0,0.0,0.0,0.0,0.0,895.5,0.0,10.5,20
16,16.0,0.0,0.0,215.0,0.0,0.0,1425.0,1091.6923174200883,895.5,2861.7,0.0,20
17,17.0,0.0,0.0,34.18829513,0.0,0.0,0.0,0.0,895.5,0.0,10.5,20
18,18.0,0.0,0.0,0.0,0.0,0.0,0.0,0.0,895.5,0.0,10.5,20
19,19.0,0.0,0.0,0.0,0.0,991.1343272681032,0.0,1085.4951792415804,0.0,0.0,0.0,20
20,20.0,0.0,0.0,0.0,0.0,855.7800909660737,0.0,0.0,895.5,0.0,10.5,20
21,21.0,0.0,0.0,215.0,0.0,0.0,0.0,0.0,0.0,2861.7,0.0,20
22,22.0,0.0,0.0,183.6269055,19.4438914,0.0,0.0,0.0,0.0,0.0,0.0,20
23,23.0,0.0,0.0,0.0,0.0,941.0793073885432,0.0,1092.1122106580385,0.0,0.0,0.0,20
0,0.0,0.0,0.0,0.0,0.0,982.4688240593936,1425.0,1129.402908107385,0.0,0.0,0.0,21
1,1.0,0.0,0.0,0.0,0.0,0.0,0.0,0.0,0.0,0.0,10.5,21
2,2.0,0.0,0.0,0.0,0.0,1021.8340473226257,1425.0,1157.0089213393055,0.0,0.0,0.0,21
3,3.0,0.0,0.0,0.0,0.0,0.0,1425.0,1213.4049416994844,0.0,0.0,0.0,21
4,4.0,0.0,0.0,0.0,0.0,0.0,0.0,0.0,0.0,2861.7,0.0,21
5,5.0,0.0,0.0,0.0,0.0,0.0,0.0,1221.1462894676965,0.0,0.0,0.0,21
6,6.0,0.0,0.0,0.0,0.0,964.4198461664037,0.0,1201.2426559976388,0.0,0.0,10.5,21
7,7.0,0.0,0.0,0.0,0.0,919.9921868336542,1425.0,0.0,0.0,0.0,0.0,21
8,8.0,0.0,0.0,0.0,0.0,0.0,0.0,0.0,0.0,0.0,0.0,21
9,9.0,0.0,0.0,0.0,0.0,0.0,0.0,0.0,0.0,0.0,0.0,21
10,10.0,0.0,0.0,154.25253840000005,0.0,0.0,0.0,0.0,0.0,0.0,0.0,21
11,11.0,0.0,0.0,0.0,0.0,0.0,1425.0,1195.7033131533108,895.5,2861.7,0.0,21
12,12.0,0.0,0.0,0.0,1226.460833,0.0,1425.0,0.0,0.0,2861.7,0.0,21
13,13.0,0.0,1299.65,0.0,0.0,921.813292946985,0.0,0.0,895.5,2861.7,10.5,21
14,14.0,0.0,1299.65,0.0,0.0,829.5569361026974,1425.0,1166.777615314524,895.5,2861.7,0.0,21
15,15.0,0.0,1299.65,0.0,0.0,0.0,0.0,0.0,895.5,2861.7,0.0,21
16,16.0,0.0,641.0574317,0.0,0.0,0.0,1425.0,0.0,0.0,0.0,0.0,21
17,17.0,0.0,0.0,0.0,0.0,0.0,1425.0,0.0,0.0,2861.7,0.0,21
18,18.0,0.0,0.0,0.0,0.0,0.0,0.0,0.0,0.0,2861.7,0.0,21
19,19.0,991.2673119,0.0,0.0,0.0,0.0,0.0,0.0,0.0,0.0,0.0,21
20,20.0,0.0,0.0,0.0,0.0,0.0,0.0,0.0,0.0,0.0,0.0,21
21,21.0,0.0,0.0,0.0,0.0,976.1904805353794,0.0,1119.8040583425511,0.0,0.0,10.5,21
22,22.0,0.0,0.0,0.0,0.0,0.0,0.0,1160.2586044285658,895.5,2861.7,10.5,21
23,23.0,0.0,0.0,0.0,0.0,0.0,0.0,0.0,0.0,0.0,10.5,21
0,0.0,0.0,0.0,0.0,0.0,0.0,0.0,0.0,895.5,0.0,10.5,22
1,1.0,0.0,0.0,0.0,0.0,0.0,0.0,0.0,0.0,0.0,0.0,22
2,2.0,0.0,0.0,0.0,0.0,0.0,0.0,0.0,0.0,0.0,0.0,22
3,3.0,0.0,0.0,0.0,0.0,0.0,0.0,0.0,895.5,0.0,10.5,22
4,4.0,0.0,0.0,0.0,0.0,0.0,0.0,0.0,0.0,0.0,0.0,22
5,5.0,0.0,0.0,0.0,0.0,0.0,0.0,0.0,895.5,2861.7,0.0,22
6,6.0,0.0,0.0,0.0,0.0,0.0,0.0,0.0,0.0,0.0,10.5,22
7,7.0,0.0,0.0,0.0,0.0,0.0,0.0,0.0,895.5,0.0,0.0,22
8,8.0,0.0,0.0,0.0,0.0,880.221806147789,1425.0,1094.1575114779075,0.0,2861.7,10.5,22
9,9.0,0.0,1299.65,0.0,0.0,997.344337168347,0.0,0.0,0.0,0.0,0.0,22
10,10.0,1254.36,1299.65,0.0,0.0,827.0203119795688,0.0,1088.3075178259076,895.5,0.0,0.0,22
11,11.0,1254.36,745.092612,0.0,0.0,0.0,0.0,0.0,895.5,2861.7,0.0,22
12,12.0,1254.36,0.0,0.0,0.0,0.0,0.0,0.0,0.0,0.0,0.0,22
13,13.0,1095.557446,0.0,0.0,0.0,0.0,0.0,0.0,0.0,0.0,0.0,22
14,14.0,0.0,0.0,215.0,0.0,1073.3194527925057,1425.0,1143.5066896606827,0.0,0.0,0.0,22
15,15.0,0.0,0.0,215.0,0.0,911.0306366204595,1425.0,1153.9767458765205,0.0,2861.7,10.5,22
16,16.0,0.0,0.0,155.7350313,0.0,0.0,0.0,0.0,0.0,0.0,0.0,22
17,17.0,0.0,0.0,0.0,195.7997008,960.2150752321594,0.0,1199.6636121454408,895.5,2861.7,0.0,22
18,18.0,0.0,0.0,0.0,0.0,0.0,0.0,0.0,0.0,0.0,10.5,22
19,19.0,0.0,0.0,0.0,0.0,899.279183945729,1425.0,0.0,0.0,0.0,0.0,22
20,20.0,0.0,0.0,0.0,0.0,0.0,0.0,0.0,895.5,0.0,0.0,22
21,21.0,0.0,0.0,0.0,0.0,0.0,1425.0,1199.4874909656996,895.5,0.0,10.5,22
22,22.0,0.0,0.0,0.0,0.0,0.0,0.0,0.0,895.5,0.0,10.5,22
23,23.0,0.0,0.0,0.0,0.0,0.0,1425.0,1151.1410181078006,0.0,0.0,0.0,22
0,0.0,0.0,0.0,0.0,0.0,0.0,0.0,0.0,0.0,2861.7,0.0,23
1,1.0,0.0,0.0,0.0,0.0,932.9179460389141,1425.0,1140.8797287010186,0.0,0.0,0.0,23
2,2.0,0.0,0.0,0.0,0.0,0.0,0.0,1198.8867280152415,0.0,0.0,0.0,23
3,3.0,0.0,0.0,0.0,0.0,0.0,0.0,0.0,0.0,0.0,0.0,23
4,4.0,0.0,0.0,0.0,0.0,0.0,0.0,0.0,895.5,0.0,10.5,23
5,5.0,0.0,0.0,0.0,0.0,0.0,1425.0,1168.4751698203854,0.0,2861.7,0.0,23
6,6.0,0.0,0.0,0.0,0.0,0.0,0.0,0.0,0.0,0.0,0.0,23
7,7.0,0.0,0.0,0.0,0.0,0.0,0.0,0.0,895.5,2861.7,0.0,23
8,8.0,0.0,0.0,0.0,0.0,0.0,0.0,1153.0509689890869,0.0,0.0,0.0,23
9,9.0,0.0,0.0,0.0,994.9593779,0.0,0.0,0.0,0.0,0.0,10.5,23
10,10.0,0.0,0.0,0.0,0.0,904.5493352740115,0.0,0.0,0.0,2861.7,0.0,23
11,11.0,0.0,0.0,0.0,0.0,825.5228847576055,0.0,1144.1277019911643,895.5,2861.7,10.5,23
12,12.0,0.0,598.8422059,0.0,0.0,0.0,0.0,1137.4812936872088,0.0,0.0,0.0,23
13,13.0,0.0,0.0,0.0,0.0,0.0,1425.0,1114.2360268371392,895.5,0.0,0.0,23
14,14.0,0.0,0.0,36.5983086,0.0,0.0,0.0,1134.6988942916762,0.0,0.0,0.0,23
15,15.0,0.0,0.0,0.0,0.0,0.0,1425.0,0.0,0.0,0.0,10.5,23
16,16.0,0.0,0.0,0.0,0.0,891.5185798935066,0.0,0.0,0.0,2861.7,0.0,23
17,17.0,0.0,0.0,0.0,0.0,937.246424654164,1425.0,1084.4658534044177,0.0,0.0,0.0,23
18,18.0,1254.36,0.0,0.0,0.0,0.0,0.0,0.0,0.0,2861.7,10.5,23
19,19.0,1254.36,0.0,0.0,0.0,1040.4620608598286,0.0,1103.898816445429,0.0,0.0,0.0,23
20,20.0,17.09745558,0.0,0.0,0.0,0.0,0.0,1124.5649671544495,895.5,0.0,10.5,23
21,21.0,0.0,0.0,0.0,0.0,0.0,0.0,0.0,0.0,0.0,0.0,23
22,22.0,0.0,0.0,0.0,1194.473824,0.0,0.0,0.0,0.0,0.0,0.0,23
23,23.0,0.0,0.0,0.0,0.0,0.0,0.0,0.0,895.5,2861.7,10.5,23
0,0.0,0.0,0.0,0.0,0.0,0.0,0.0,0.0,0.0,0.0,0.0,24
1,1.0,0.0,0.0,213.2255348,0.0,0.0,1425.0,1224.2510853788933,0.0,2861.7,0.0,24
2,2.0,1254.36,0.0,0.0,0.0,920.3725708175625,1425.0,0.0,0.0,0.0,0.0,24
3,3.0,1254.36,0.0,0.0,0.0,0.0,0.0,1158.5111808255522,0.0,0.0,10.5,24
4,4.0,1254.36,0.0,0.0,0.0,804.8713219310353,0.0,0.0,0.0,0.0,0.0,24
5,5.0,87.1572743,0.0,0.0,0.0,0.0,0.0,0.0,895.5,0.0,10.5,24
6,6.0,0.0,0.0,0.0,0.0,0.0,0.0,0.0,0.0,2861.7,0.0,24
7,7.0,0.0,0.0,0.0,0.0,0.0,1425.0,0.0,0.0,2861.7,10.5,24
8,8.0,0.0,0.0,0.0,0.0,0.0,0.0,0.0,895.5,2861.7,10.5,24
9,9.0,0.0,0.0,0.0,0.0,0.0,0.0,0.0,895.5,0.0,0.0,24
10,10.0,0.0,0.0,215.0,0.0,0.0,0.0,0.0,895.5,2861.7,10.5,24
11,11.0,0.0,1299.65,215.0,0.0,1033.3318913106953,0.0,1189.1597033387645,0.0,0.0,0.0,24
12,12.0,0.0,559.621214,156.4312721,0.0,1058.1403975332116,1425.0,0.0,895.5,2861.7,0.0,24
13,13.0,0.0,0.0,0.0,0.0,0.0,1425.0,1104.4292847185206,0.0,0.0,0.0,24
14,14.0,0.0,0.0,0.0,0.0,0.0,0.0,0.0,0.0,2861.7,0.0,24
15,15.0,0.0,0.0,0.0,0.0,0.0,1425.0,1161.556791461653,895.5,2861.7,10.5,24
16,16.0,0.0,0.0,0.0,105.5580986,844.3311684821253,1425.0,1134.5035591439014,895.5,2861.7,0.0,24
17,17.0,0.0,0.0,0.0,0.0,0.0,0.0,0.0,0.0,0.0,0.0,24
18,18.0,0.0,0.0,0.0,0.0,1037.2167443283035,0.0,0.0,0.0,0.0,10.5,24
19,19.0,0.0,0.0,0.0,0.0,0.0,0.0,1106.702065057473,0.0,2861.7,0.0,24
20,20.0,0.0,0.0,0.0,0.0,1072.052897384337,0.0,0.0,0.0,0.0,0.0,24
21,21.0,0.0,0.0,0.0,0.0,0.0,0.0,0.0,0.0,0.0,10.5,24
22,22.0,0.0,0.0,0.0,0.0,1031.140575456064,0.0,1175.7677959821324,0.0,0.0,0.0,24
23,23.0,0.0,0.0,0.0,0.0,0.0,0.0,0.0,895.5,0.0,10.5,24
0,0.0,0.0,0.0,215.0,0.0,0.0,1425.0,0.0,895.5,2861.7,10.5,25
1,1.0,0.0,0.0,215.0,0.0,0.0,0.0,0.0,895.5,0.0,10.5,25
2,2.0,0.0,0.0,36.20585781,0.0,0.0,0.0,0.0,0.0,2861.7,0.0,25
3,3.0,0.0,0.0,0.0,0.0,0.0,1425.0,0.0,895.5,2861.7,10.5,25
4,4.0,0.0,0.0,215.0,0.0,0.0,1425.0,1152.715698722881,0.0,0.0,0.0,25
5,5.0,0.0,0.0,211.3211631,0.0,0.0,1425.0,1201.3461994088655,895.5,0.0,0.0,25
6,6.0,0.0,0.0,0.0,0.0,0.0,0.0,0.0,0.0,0.0,0.0,25
7,7.0,0.0,0.0,0.0,0.0,0.0,0.0,0.0,0.0,0.0,0.0,25
8,8.0,1254.36,0.0,0.0,0.0,958.34610784077,1425.0,1149.086105753107,0.0,0.0,0.0,25
9,9.0,1011.554275,0.0,0.0,0.0,0.0,0.0,0.0,0.0,2861.7,10.5,25
10,10.0,0.0,0.0,215.0,0.0,0.0,0.0,0.0,0.0,2861.7,0.0,25
11,11.0,0.0,0.0,65.48242614,0.0,0.0,1425.0,1082.937208179281,0.0,0.0,0.0,25
12,12.0,0.0,0.0,0.0,0.0,0.0,1425.0,0.0,895.5,0.0,10.5,25
13,13.0,0.0,1299.65,0.0,0.0,1063.7549731949641,0.0,0.0,0.0,0.0,0.0,25
14,14.0,0.0,748.8853926,0.0,1254.431885,1066.3602950153956,1425.0,1211.647387817827,0.0,2861.7,10.5,25
15,15.0,1254.36,0.0,0.0,0.0,0.0,0.0,0.0,0.0,0.0,0.0,25
16,16.0,1254.36,0.0,0.0,0.0,0.0,0.0,1106.0326759387005,895.5,2861.7,0.0,25
17,17.0,1254.36,0.0,0.0,0.0,0.0,0.0,0.0,0.0,0.0,0.0,25
18,18.0,1019.660532,0.0,0.0,0.0,0.0,0.0,0.0,895.5,0.0,0.0,25
19,19.0,0.0,0.0,0.0,0.0,0.0,0.0,0.0,0.0,0.0,0.0,25
20,20.0,0.0,0.0,0.0,0.0,0.0,0.0,0.0,0.0,0.0,0.0,25
21,21.0,0.0,0.0,0.0,0.0,0.0,0.0,1148.0551809204196,895.5,0.0,0.0,25
22,22.0,0.0,0.0,0.0,0.0,0.0,0.0,0.0,0.0,2861.7,0.0,25
23,23.0,0.0,0.0,0.0,0.0,0.0,1425.0,0.0,0.0,0.0,0.0,25
0,0.0,0.0,0.0,0.0,0.0,0.0,1425.0,0.0,0.0,2861.7,10.5,26
1,1.0,0.0,0.0,0.0,0.0,0.0,1425.0,0.0,0.0,0.0,0.0,26
2,2.0,0.0,0.0,0.0,0.0,0.0,0.0,1158.5323707743405,0.0,0.0,0.0,26
3,3.0,0.0,0.0,0.0,0.0,0.0,0.0,0.0,895.5,0.0,0.0,26
4,4.0,0.0,0.0,0.0,0.0,0.0,0.0,0.0,0.0,0.0,0.0,26
5,5.0,0.0,0.0,0.0,0.0,0.0,0.0,0.0,0.0,0.0,0.0,26
6,6.0,0.0,0.0,0.0,0.0,1031.3872502615056,1425.0,0.0,0.0,0.0,10.5,26
7,7.0,0.0,0.0,0.0,0.0,971.0969800088512,0.0,1129.8693737301319,895.5,2861.7,10.5,26
8,8.0,0.0,0.0,0.0,892.2978138,937.1865351172798,1425.0,0.0,0.0,2861.7,10.5,26
9,9.0,0.0,0.0,0.0,0.0,1014.9700602606588,0.0,0.0,895.5,0.0,0.0,26
10,10.0,0.0,0.0,0.0,0.0,0.0,0.0,0.0,0.0,0.0,0.0,26
11,11.0,0.0,0.0,68.56749212,0.0,0.0,0.0,0.0,0.0,0.0,0.0,26
12,12.0,1254.36,1299.65,0.0,0.0,0.0,0.0,0.0,895.5,0.0,0.0,26
13,13.0,1254.36,1299.65,0.0,0.0,0.0,0.0,0.0,895.5,2861.7,0.0,26
14,14.0,1254.36,1057.368496,0.0,0.0,958.4053541675598,1425.0,0.0,895.5,2861.7,0.0,26
15,15.0,539.4049031000002,0.0,0.0,0.0,0.0,0.0,0.0,0.0,0.0,0.0,26
16,16.0,0.0,1299.65,0.0,0.0,1006.8650525665018,0.0,1121.597342460797,895.5,0.0,0.0,26
17,17.0,0.0,1299.65,0.0,0.0,0.0,0.0,0.0,0.0,2861.7,10.5,26
18,18.0,0.0,253.52885010000003,0.0,0.0,852.7231440975746,0.0,0.0,0.0,0.0,0.0,26
19,19.0,0.0,0.0,0.0,0.0,860.5229484866778,1425.0,1096.5052306992727,0.0,0.0,0.0,26
20,20.0,0.0,0.0,0.0,0.0,0.0,0.0,0.0,0.0,0.0,0.0,26
21,21.0,0.0,0.0,0.0,0.0,0.0,0.0,0.0,0.0,0.0,0.0,26
22,22.0,0.0,0.0,0.0,0.0,0.0,0.0,0.0,0.0,0.0,0.0,26
23,23.0,0.0,0.0,0.0,0.0,912.4683950721559,1425.0,0.0,0.0,2861.7,0.0,26
0,0.0,0.0,0.0,0.0,0.0,0.0,0.0,0.0,0.0,0.0,0.0,27
1,1.0,0.0,0.0,0.0,0.0,976.8346496038932,1425.0,0.0,0.0,0.0,0.0,27
2,2.0,0.0,0.0,0.0,0.0,1051.4005570678062,1425.0,1225.0460523101585,0.0,0.0,0.0,27
3,3.0,0.0,0.0,0.0,0.0,0.0,0.0,1110.4872347175815,895.5,2861.7,0.0,27
4,4.0,0.0,0.0,0.0,0.0,0.0,0.0,0.0,895.5,0.0,10.5,27
5,5.0,0.0,0.0,0.0,0.0,829.0806624485022,0.0,0.0,895.5,2861.7,0.0,27
6,6.0,0.0,0.0,0.0,0.0,0.0,1425.0,1190.6176688470016,0.0,0.0,0.0,27
7,7.0,0.0,0.0,131.6350519,0.0,1061.0371038866633,1425.0,1153.6958641036683,0.0,0.0,0.0,27
8,8.0,0.0,0.0,0.0,0.0,0.0,0.0,0.0,0.0,0.0,0.0,27
9,9.0,0.0,0.0,215.0,0.0,0.0,0.0,0.0,0.0,0.0,0.0,27
10,10.0,0.0,0.0,165.9601613,0.0,0.0,0.0,1192.221794227988,895.5,0.0,0.0,27
11,11.0,0.0,0.0,0.0,0.0,0.0,0.0,0.0,895.5,0.0,10.5,27
12,12.0,0.0,0.0,0.0,0.0,0.0,0.0,0.0,0.0,2861.7,0.0,27
13,13.0,0.0,0.0,0.0,0.0,966.8125804575235,0.0,1168.360777494864,0.0,0.0,10.5,27
14,14.0,0.0,0.0,0.0,0.0,1007.0868479939265,1425.0,1144.5304287156073,0.0,2861.7,0.0,27
15,15.0,0.0,1299.65,215.0,0.0,817.2840379724593,0.0,0.0,0.0,0.0,0.0,27
16,16.0,0.0,1299.65,215.0,105.5580986,0.0,0.0,0.0,0.0,0.0,0.0,27
17,17.0,1254.36,436.44024739999986,92.72084089,0.0,0.0,0.0,0.0,895.5,2861.7,10.5,27
18,18.0,1254.36,0.0,0.0,0.0,915.3484123959378,1425.0,0.0,895.5,2861.7,10.5,27
19,19.0,761.9330312999998,0.0,0.0,0.0,0.0,1425.0,1244.4279029271015,0.0,0.0,0.0,27
20,20.0,0.0,0.0,0.0,0.0,0.0,0.0,0.0,0.0,0.0,0.0,27
21,21.0,0.0,0.0,0.0,0.0,0.0,0.0,0.0,0.0,0.0,10.5,27
22,22.0,0.0,0.0,0.0,0.0,0.0,0.0,0.0,0.0,0.0,0.0,27
23,23.0,0.0,0.0,215.0,0.0,0.0,0.0,0.0,895.5,2861.7,0.0,27
0,0.0,0.0,0.0,0.0,0.0,0.0,0.0,0.0,895.5,0.0,0.0,28
1,1.0,0.0,0.0,0.0,0.0,823.3749916072954,1425.0,0.0,0.0,2861.7,10.5,28
2,2.0,0.0,0.0,0.0,0.0,0.0,1425.0,1151.6012794235435,0.0,0.0,10.5,28
3,3.0,0.0,0.0,0.0,0.0,0.0,0.0,0.0,0.0,0.0,10.5,28
4,4.0,0.0,0.0,0.0,0.0,859.7524689835219,1425.0,1141.597175764798,0.0,0.0,10.5,28
5,5.0,0.0,0.0,0.0,321.1033,0.0,0.0,0.0,0.0,0.0,10.5,28
6,6.0,0.0,0.0,0.0,0.0,864.811367281053,1425.0,0.0,895.5,2861.7,0.0,28
7,7.0,0.0,0.0,0.0,0.0,0.0,0.0,0.0,0.0,0.0,0.0,28
8,8.0,0.0,0.0,0.0,0.0,0.0,0.0,0.0,0.0,0.0,0.0,28
9,9.0,0.0,0.0,0.0,0.0,999.416565743769,0.0,1104.2327273400865,0.0,0.0,0.0,28
10,10.0,0.0,0.0,0.0,0.0,0.0,0.0,0.0,0.0,0.0,0.0,28
11,11.0,1254.36,0.0,0.0,0.0,0.0,0.0,0.0,895.5,2861.7,10.5,28
12,12.0,1254.36,0.0,0.0,0.0,0.0,0.0,0.0,0.0,0.0,0.0,28
13,13.0,49.27296263,0.0,0.0,0.0,1022.4102805747909,1425.0,1097.2446731119333,0.0,0.0,0.0,28
14,14.0,0.0,0.0,0.0,0.0,0.0,0.0,0.0,895.5,0.0,0.0,28
15,15.0,0.0,0.0,0.0,0.0,917.1517025969463,1425.0,0.0,0.0,0.0,0.0,28
16,16.0,0.0,1299.65,0.0,0.0,0.0,0.0,0.0,0.0,0.0,0.0,28
17,17.0,0.0,1299.65,0.0,0.0,0.0,0.0,0.0,0.0,0.0,10.5,28
18,18.0,0.0,1299.65,28.71185503,0.0,0.0,0.0,0.0,0.0,0.0,0.0,28
19,19.0,1254.36,19.01621031,0.0,0.0,1066.0187842314522,0.0,0.0,0.0,0.0,0.0,28
20,20.0,1254.36,0.0,0.0,1293.891285,0.0,0.0,0.0,895.5,0.0,10.5,28
21,21.0,1254.36,0.0,0.0,0.0,888.3752098351911,0.0,1214.3076044115955,0.0,0.0,0.0,28
22,22.0,187.616896,0.0,0.0,0.0,812.0314998810139,0.0,0.0,0.0,2861.7,10.5,28
23,23.0,0.0,0.0,0.0,0.0,0.0,1425.0,1188.4682876044062,895.5,2861.7,10.5,28
0,0.0,0.0,0.0,0.0,0.0,0.0,0.0,0.0,0.0,0.0,0.0,29
1,1.0,0.0,0.0,0.0,0.0,0.0,1425.0,1168.7589372895504,0.0,2861.7,10.5,29
2,2.0,0.0,0.0,0.0,0.0,991.52289276839,0.0,1178.14453691694,0.0,0.0,10.5,29
3,3.0,0.0,0.0,0.0,0.0,836.7855251713637,1425.0,0.0,0.0,2861.7,0.0,29
4,4.0,0.0,1299.65,0.0,0.0,0.0,0.0,0.0,0.0,0.0,0.0,29
5,5.0,0.0,1299.65,0.0,0.0,0.0,0.0,1204.6080872668595,0.0,0.0,0.0,29
6,6.0,0.0,1262.8679539999996,0.0,0.0,959.6678777506467,1425.0,0.0,0.0,0.0,0.0,29
7,7.0,0.0,0.0,0.0,0.0,0.0,0.0,0.0,0.0,0.0,0.0,29
8,8.0,0.0,0.0,215.0,0.0,0.0,0.0,0.0,0.0,2861.7,10.5,29
9,9.0,0.0,0.0,211.398577,0.0,0.0,0.0,0.0,0.0,2861.7,0.0,29
10,10.0,0.0,0.0,0.0,0.0,0.0,0.0,0.0,0.0,0.0,0.0,29
11,11.0,1254.36,0.0,0.0,0.0,0.0,0.0,0.0,0.0,0.0,10.5,29
12,12.0,1254.36,0.0,0.0,0.0,936.0548556557803,1425.0,0.0,895.5,0.0,10.5,29
13,13.0,1081.348106,0.0,0.0,0.0,0.0,0.0,0.0,895.5,0.0,10.5,29
14,14.0,0.0,0.0,0.0,0.0,0.0,1425.0,1100.3166173150018,0.0,0.0,0.0,29
15,15.0,0.0,0.0,0.0,685.8738195000002,0.0,0.0,0.0,0.0,0.0,0.0,29
16,16.0,0.0,0.0,0.0,0.0,0.0,0.0,0.0,0.0,0.0,0.0,29
17,17.0,0.0,0.0,0.0,0.0,836.0131891148019,0.0,1173.5102787195272,0.0,0.0,0.0,29
18,18.0,0.0,0.0,215.0,0.0,0.0,1425.0,1232.1166560272059,895.5,2861.7,10.5,29
19,19.0,0.0,0.0,95.12128786,0.0,0.0,0.0,0.0,0.0,0.0,0.0,29
20,20.0,0.0,0.0,0.0,0.0,1017.0873235221247,1425.0,0.0,0.0,0.0,10.5,29
21,21.0,0.0,0.0,0.0,0.0,0.0,0.0,0.0,0.0,0.0,0.0,29
22,22.0,1123.0319980000004,0.0,0.0,0.0,0.0,0.0,0.0,0.0,0.0,0.0,29
23,23.0,0.0,1299.65,0.0,0.0,0.0,1425.0,0.0,0.0,0.0,0.0,29
0,0.0,0.0,0.0,0.0,0.0,960.9589739123356,1425.0,1091.525022642035,895.5,0.0,0.0,30
1,1.0,0.0,0.0,0.0,0.0,0.0,0.0,0.0,0.0,0.0,0.0,30
2,2.0,0.0,0.0,0.0,0.0,0.0,1425.0,0.0,0.0,2861.7,0.0,30
3,3.0,0.0,0.0,215.0,0.0,869.9151995161769,0.0,0.0,895.5,0.0,10.5,30
4,4.0,0.0,0.0,96.25784235,0.0,0.0,1425.0,0.0,895.5,0.0,10.5,30
5,5.0,0.0,0.0,0.0,0.0,995.6149036812913,0.0,1234.7125646747609,0.0,2861.7,10.5,30
6,6.0,0.0,0.0,0.0,0.0,842.0758210727993,1425.0,0.0,0.0,2861.7,10.5,30
7,7.0,0.0,0.0,0.0,0.0,0.0,0.0,1118.4495109551706,0.0,0.0,0.0,30
8,8.0,0.0,0.0,0.0,0.0,0.0,0.0,0.0,0.0,0.0,0.0,30
9,9.0,0.0,0.0,0.0,0.0,0.0,0.0,0.0,0.0,0.0,0.0,30
10,10.0,0.0,1299.65,0.0,0.0,0.0,0.0,0.0,895.5,0.0,0.0,30
11,11.0,0.0,1299.65,0.0,0.0,0.0,0.0,0.0,0.0,0.0,0.0,30
12,12.0,0.0,215.3856611,0.0,0.0,851.7422594082784,1425.0,0.0,0.0,2861.7,10.5,30
13,13.0,1254.36,0.0,0.0,268.6474693,0.0,0.0,0.0,895.5,0.0,10.5,30
14,14.0,522.9200457,0.0,0.0,0.0,0.0,0.0,0.0,895.5,0.0,0.0,30
15,15.0,0.0,0.0,0.0,0.0,0.0,0.0,0.0,0.0,0.0,0.0,30
16,16.0,0.0,0.0,0.0,0.0,1058.4287476239174,1425.0,1139.039939788889,895.5,2861.7,0.0,30
17,17.0,0.0,0.0,0.0,0.0,0.0,0.0,0.0,0.0,0.0,0.0,30
18,18.0,0.0,0.0,0.0,0.0,0.0,0.0,0.0,0.0,0.0,0.0,30
19,19.0,0.0,0.0,0.0,0.0,1051.7463015665185,1425.0,1219.1088416130985,895.5,0.0,0.0,30
20,20.0,0.0,0.0,0.0,0.0,0.0,0.0,0.0,0.0,2861.7,10.5,30
21,21.0,0.0,0.0,0.0,0.0,1068.1561789432608,0.0,0.0,0.0,0.0,0.0,30
22,22.0,0.0,0.0,0.0,0.0,0.0,0.0,0.0,0.0,0.0,0.0,30
23,23.0,0.0,0.0,207.2530655,0.0,808.8188371191704,1425.0,1234.9603480210762,895.5,2861.7,10.5,30
0,0.0,1254.36,0.0,0.0,431.5781952,851.7401377401242,0.0,0.0,0.0,0.0,0.0,31
1,1.0,1254.36,0.0,0.0,0.0,0.0,0.0,0.0,0.0,2861.7,0.0,31
2,2.0,638.8008947000002,0.0,0.0,0.0,0.0,0.0,0.0,895.5,2861.7,10.5,31
3,3.0,0.0,0.0,215.0,0.0,0.0,0.0,0.0,0.0,2861.7,0.0,31
4,4.0,0.0,0.0,181.5669438,0.0,0.0,0.0,0.0,895.5,0.0,10.5,31
5,5.0,0.0,0.0,0.0,0.0,1045.765855842446,0.0,1091.1576886447037,0.0,2861.7,10.5,31
6,6.0,0.0,0.0,0.0,0.0,0.0,0.0,0.0,895.5,0.0,10.5,31
7,7.0,0.0,0.0,0.0,0.0,0.0,0.0,0.0,0.0,0.0,0.0,31
8,8.0,0.0,0.0,0.0,0.0,0.0,0.0,0.0,0.0,0.0,0.0,31
9,9.0,0.0,1299.65,0.0,0.0,0.0,0.0,0.0,0.0,0.0,0.0,31
10,10.0,0.0,1299.65,0.0,0.0,0.0,0.0,0.0,0.0,0.0,0.0,31
11,11.0,0.0,799.8341642999999,0.0,0.0,1015.3544123494778,1425.0,1217.3513437726947,0.0,0.0,0.0,31
12,12.0,0.0,0.0,0.0,0.0,0.0,0.0,0.0,0.0,0.0,0.0,31
13,13.0,0.0,0.0,0.0,0.0,963.9253061542221,0.0,1176.2657820306072,895.5,0.0,10.5,31
14,14.0,0.0,0.0,0.0,0.0,0.0,0.0,1101.552738241569,0.0,2861.7,10.5,31
15,15.0,0.0,0.0,0.0,0.0,1022.9279761368136,0.0,0.0,0.0,0.0,0.0,31
16,16.0,0.0,0.0,0.0,0.0,0.0,1425.0,0.0,0.0,0.0,10.5,31
17,17.0,0.0,0.0,0.0,0.0,0.0,0.0,0.0,0.0,0.0,0.0,31
18,18.0,0.0,0.0,0.0,0.0,0.0,1425.0,0.0,895.5,0.0,10.5,31
19,19.0,0.0,0.0,0.0,0.0,0.0,1425.0,1119.2625084732551,0.0,0.0,10.5,31
20,20.0,0.0,0.0,0.0,53.50738825,0.0,1425.0,1105.078355833232,0.0,0.0,0.0,31
21,21.0,0.0,0.0,0.0,0.0,0.0,0.0,0.0,0.0,0.0,0.0,31
22,22.0,1254.36,0.0,26.59762546,0.0,0.0,1425.0,0.0,0.0,0.0,0.0,31
23,23.0,384.4243201000001,1299.65,0.0,0.0,0.0,0.0,0.0,0.0,0.0,0.0,31
